
 Program  MARK  - Survival Rate Estimation with Capture-Recapture Data
 gfortran(dble/PIM2) Vers. 11.1 Nov 2024  15-Feb-2026 11:47:59    Page  001
  
 - - - - - - - - - - - - - - - - - - - - - - - - - - - - - - - - - - - - - -
 
 Welcome to MARK valen on machine LAPTOP-R12S8TST in subdirectory 
 "C:\Users\valen\git\OpenPop-Abundance-Analysis-Muscardinus" running file "POPAN_full.inp".
 This version was compiled by GCC version 14.2.0 using the options: 
  -cpp -iprefix C:/tdm-gcc-64/mingw64-14-2/bin/../lib/gcc/
  x86_64-w64-mingw32/14.2.0/ -D_MT -D_REENTRANT -U_REENTRANT -D
  dbleprecision -m64 -march=x86-64 -mtune=generic -mthreads -O3 -std=f2023
  -fimplicit-none -ftree-vectorize
  -ffpe-summary=invalid,zero,overflow,underflow -funroll-loops
  -fno-unsafe-math-optimizations -frounding-math -fsignaling-nans
  -fall-intrinsics -fopenmp

 This problem will use 7 of 8 possible threads.
 Static thread allocation is used.
 INPUT --- proc title ;

 For procedure title CPU Time was 0.001 secs and System Time was 0.001 secs.
 INPUT --- proc chmatrix occasions= 23 groups= 6 etype= POPAN Nodes= 
 INPUT --- 101 ICMeans NoHist hist= 84  ;
 INPUT ---    time interval 0.492772667542707 0.525624178712221 
 INPUT ---    0.492772667542707 0.492772667542707  0.492772667542707 
 INPUT ---    0.525624178712221 0.492772667542707 0.525624178712221 
 INPUT ---    0.492772667542707  0.821287779237845 6.96452036793692 
 INPUT ---    1.01839684625493 0.985545335085414 0.68988173455979  
 INPUT ---    0.492772667542707 0.525624178712221 0.492772667542707 
 INPUT ---    8.83705650459921 0.985545335085414  1.01839684625493 
 INPUT ---    1.01839684625493 0.985545335085414 ;
 INPUT ---    glabel(1)=valleyR.altitude1;
 INPUT ---    glabel(2)=valleyS.altitude1;
 INPUT ---    glabel(3)=valleyR.altitude2;
 INPUT ---    glabel(4)=valleyS.altitude2;
 INPUT ---    glabel(5)=valleyR.altitude3;
 INPUT ---    glabel(6)=valleyS.altitude3;

   * *  WARNING  * *   At least a pair of the encounter histories are duplicates. 

      Number of unique encounter histories read was 62.

      Number of individual covariates read was 0.
      Time interval lengths vary and/or not equal to 1.

      Data type number is 19
      Data type is POPAN

 For procedure chmatrix CPU Time was 0.001 secs and System Time was 0.001 secs.

Program  MARK  - Survival Rate Estimation with Capture-Recapture Data
 gfortran(dble/PIM2) Vers. 11.1 Nov 2024  15-Feb-2026 11:47:59    Page  002
 - - - - - - - - - - - - - - - - - - - - - - - - - - - - - - - - - - - - - -
 


 INPUT --- proc estimate link=Parm-Specific NOLOOP varest=2ndPart    ;
 INPUT --- model={ full };
 INPUT ---    group=1 Phi    rows=1 cols=22 Square ;
 INPUT ---        1 1 1 1 1 1 1 1 1 1 1 2 1 1 1 1 1 1 2 1 1 1 ;
 INPUT ---    group=2 Phi    rows=1 cols=22 Square ;
 INPUT ---        3 3 3 3 3 3 3 3 3 3 3 4 3 3 3 3 3 3 4 3 3 3 ;
 INPUT ---    group=3 Phi    rows=1 cols=22 Square ;
 INPUT ---        5 5 5 5 5 5 5 5 5 5 5 6 5 5 5 5 5 5 6 5 5 5 ;
 INPUT ---    group=4 Phi    rows=1 cols=22 Square ;
 INPUT ---        7 7 7 7 7 7 7 7 7 7 7 8 7 7 7 7 7 7 8 7 7 7 ;
 INPUT ---    group=5 Phi    rows=1 cols=22 Square ;
 INPUT ---        9 9 9 9 9 9 9 9 9 9 9 10 9 9 9 9 9 9 10 9 9 9 ;
 INPUT ---    group=6 Phi    rows=1 cols=22 Square ;
 INPUT ---        11 11 11 11 11 11 11 11 11 11 11 12 11 11 11 11 11 11 12 
 INPUT ---       11 11 11 ;
 INPUT ---    group=1 p    rows=1 cols=23 Square ;
 INPUT ---        13 14 15 16 17 18 19 20 21 22 23 24 25 26 27 28 29 30 31 
 INPUT ---       32 33 34 35 ;
 INPUT ---    group=2 p    rows=1 cols=23 Square ;
 INPUT ---        13 14 15 16 17 18 19 20 21 22 23 24 25 26 27 28 29 30 31 
 INPUT ---       32 33 34 35 ;
 INPUT ---    group=3 p    rows=1 cols=23 Square ;
 INPUT ---        13 14 15 16 17 18 19 20 21 22 23 24 25 26 27 28 29 30 31 
 INPUT ---       32 33 34 35 ;
 INPUT ---    group=4 p    rows=1 cols=23 Square ;
 INPUT ---        13 14 15 16 17 18 19 20 21 22 23 24 25 26 27 28 29 30 31 
 INPUT ---       32 33 34 35 ;
 INPUT ---    group=5 p    rows=1 cols=23 Square ;
 INPUT ---        13 14 15 16 17 18 19 20 21 22 23 24 25 26 27 28 29 30 31 
 INPUT ---       32 33 34 35 ;
 INPUT ---    group=6 p    rows=1 cols=23 Square ;
 INPUT ---        13 14 15 16 17 18 19 20 21 22 23 24 25 26 27 28 29 30 31 
 INPUT ---       32 33 34 35 ;
 INPUT ---    group=1 pent    rows=1 cols=22 Square ;
 INPUT ---        42 43 44 45 46 47 48 49 50 51 52 53 54 55 56 57 58 59 60 
 INPUT ---       61 62 63 ;
 INPUT ---    group=2 pent    rows=1 cols=22 Square ;
 INPUT ---        64 65 66 67 68 69 70 71 72 73 74 75 76 77 78 79 80 81 82 
 INPUT ---       83 84 85 ;
 INPUT ---    group=3 pent    rows=1 cols=22 Square ;
 INPUT ---        86 87 88 89 90 91 92 93 94 95 96 97 98 99 100 101 102 103 
 INPUT ---       104 105 106 107 ;
 INPUT ---    group=4 pent    rows=1 cols=22 Square ;
 INPUT ---        108 109 110 111 112 113 114 115 116 117 118 119 120 121 

Program  MARK  - Survival Rate Estimation with Capture-Recapture Data
 gfortran(dble/PIM2) Vers. 11.1 Nov 2024  15-Feb-2026 11:47:59    Page  003
 - - - - - - - - - - - - - - - - - - - - - - - - - - - - - - - - - - - - - -
 
 INPUT ---       122 123 124 125 126 127 128 129 ;
 INPUT ---    group=5 pent    rows=1 cols=22 Square ;
 INPUT ---        130 131 132 133 134 135 136 137 138 139 140 141 142 143 
 INPUT ---       144 145 146 147 148 149 150 151 ;
 INPUT ---    group=6 pent    rows=1 cols=22 Square ;
 INPUT ---        152 153 154 155 156 157 158 159 160 161 162 163 164 165 
 INPUT ---       166 167 168 169 170 171 172 173 ;
 INPUT ---    group=1 N    rows=1 cols=1 Square ;
 INPUT ---        36 ;
 INPUT ---    group=2 N    rows=1 cols=1 Square ;
 INPUT ---        37 ;
 INPUT ---    group=3 N    rows=1 cols=1 Square ;
 INPUT ---        38 ;
 INPUT ---    group=4 N    rows=1 cols=1 Square ;
 INPUT ---        39 ;
 INPUT ---    group=5 N    rows=1 cols=1 Square ;
 INPUT ---        40 ;
 INPUT ---    group=6 N    rows=1 cols=1 Square ;
 INPUT ---        41 ;
 INPUT ---    design matrix constraints=173 covariates=57;
 INPUT ---        1 0 0 0 0 0 0 0 0 0 0 0 0 0 0 0 0 0 0 0 0 0 0 0 0 0 0 0 0 
 INPUT ---       0 0 0 0 0 0 0 0 0 0 0 0 0 0 0 0 0 0 0 0 0 0 0 0 0 0 0 0;
 INPUT ---        1 1 0 0 0 0 0 0 0 0 0 0 0 0 0 0 0 0 0 0 0 0 0 0 0 0 0 0 0 
 INPUT ---       0 0 0 0 0 0 0 0 0 0 0 0 0 0 0 0 0 0 0 0 0 0 0 0 0 0 0 0;
 INPUT ---        1 0 1 0 0 0 0 0 0 0 0 0 0 0 0 0 0 0 0 0 0 0 0 0 0 0 0 0 0 
 INPUT ---       0 0 0 0 0 0 0 0 0 0 0 0 0 0 0 0 0 0 0 0 0 0 0 0 0 0 0 0;
 INPUT ---        1 1 1 0 0 1 0 0 0 0 0 0 0 0 0 0 0 0 0 0 0 0 0 0 0 0 0 0 0 
 INPUT ---       0 0 0 0 0 0 0 0 0 0 0 0 0 0 0 0 0 0 0 0 0 0 0 0 0 0 0 0;
 INPUT ---        1 0 0 1 0 0 0 0 0 0 0 0 0 0 0 0 0 0 0 0 0 0 0 0 0 0 0 0 0 
 INPUT ---       0 0 0 0 0 0 0 0 0 0 0 0 0 0 0 0 0 0 0 0 0 0 0 0 0 0 0 0;
 INPUT ---        1 1 0 1 0 0 0 0 0 0 0 0 0 0 0 0 0 0 0 0 0 0 0 0 0 0 0 0 0 
 INPUT ---       0 0 0 0 0 0 0 0 0 0 0 0 0 0 0 0 0 0 0 0 0 0 0 0 0 0 0 0;
 INPUT ---        1 0 1 1 0 0 0 0 0 0 0 0 0 0 0 0 0 0 0 0 0 0 0 0 0 0 0 0 0 
 INPUT ---       0 0 0 0 0 0 0 0 0 0 0 0 0 0 0 0 0 0 0 0 0 0 0 0 0 0 0 0;
 INPUT ---        1 1 1 1 0 1 0 0 0 0 0 0 0 0 0 0 0 0 0 0 0 0 0 0 0 0 0 0 0 
 INPUT ---       0 0 0 0 0 0 0 0 0 0 0 0 0 0 0 0 0 0 0 0 0 0 0 0 0 0 0 0;
 INPUT ---        1 0 0 0 1 0 0 0 0 0 0 0 0 0 0 0 0 0 0 0 0 0 0 0 0 0 0 0 0 
 INPUT ---       0 0 0 0 0 0 0 0 0 0 0 0 0 0 0 0 0 0 0 0 0 0 0 0 0 0 0 0;
 INPUT ---        1 1 0 0 1 0 0 0 0 0 0 0 0 0 0 0 0 0 0 0 0 0 0 0 0 0 0 0 0 
 INPUT ---       0 0 0 0 0 0 0 0 0 0 0 0 0 0 0 0 0 0 0 0 0 0 0 0 0 0 0 0;
 INPUT ---        1 0 1 0 1 0 0 0 0 0 0 0 0 0 0 0 0 0 0 0 0 0 0 0 0 0 0 0 0 
 INPUT ---       0 0 0 0 0 0 0 0 0 0 0 0 0 0 0 0 0 0 0 0 0 0 0 0 0 0 0 0;
 INPUT ---        1 1 1 0 1 1 0 0 0 0 0 0 0 0 0 0 0 0 0 0 0 0 0 0 0 0 0 0 0 
 INPUT ---       0 0 0 0 0 0 0 0 0 0 0 0 0 0 0 0 0 0 0 0 0 0 0 0 0 0 0 0;
 INPUT ---        0 0 0 0 0 0 1 0 0 0 0 0 0 0 0 0 0 0 0 0 0 0 0 0 0 0 0 0 0 
 INPUT ---       0 0 0 0 0 0 0 0 0 0 0 0 0 0 0 0 0 0 0 0 0 0 0 0 0 0 0 0;

Program  MARK  - Survival Rate Estimation with Capture-Recapture Data
 gfortran(dble/PIM2) Vers. 11.1 Nov 2024  15-Feb-2026 11:47:59    Page  004
 - - - - - - - - - - - - - - - - - - - - - - - - - - - - - - - - - - - - - -
 
 INPUT ---        0 0 0 0 0 0 1 1 0 0 0 0 0 0 0 0 0 0 0 0 0 0 0 0 0 0 0 0 0 
 INPUT ---       0 0 0 0 0 0 0 0 0 0 0 0 0 0 0 0 0 0 0 0 0 0 0 0 0 0 0 0;
 INPUT ---        0 0 0 0 0 0 1 0 1 0 0 0 0 0 0 0 0 0 0 0 0 0 0 0 0 0 0 0 0 
 INPUT ---       0 0 0 0 0 0 0 0 0 0 0 0 0 0 0 0 0 0 0 0 0 0 0 0 0 0 0 0;
 INPUT ---        0 0 0 0 0 0 1 0 0 1 0 0 0 0 0 0 0 0 0 0 0 0 0 0 0 0 0 0 0 
 INPUT ---       0 0 0 0 0 0 0 0 0 0 0 0 0 0 0 0 0 0 0 0 0 0 0 0 0 0 0 0;
 INPUT ---        0 0 0 0 0 0 1 0 0 0 1 0 0 0 0 0 0 0 0 0 0 0 0 0 0 0 0 0 0 
 INPUT ---       0 0 0 0 0 0 0 0 0 0 0 0 0 0 0 0 0 0 0 0 0 0 0 0 0 0 0 0;
 INPUT ---        0 0 0 0 0 0 1 0 0 0 0 1 0 0 0 0 0 0 0 0 0 0 0 0 0 0 0 0 0 
 INPUT ---       0 0 0 0 0 0 0 0 0 0 0 0 0 0 0 0 0 0 0 0 0 0 0 0 0 0 0 0;
 INPUT ---        0 0 0 0 0 0 1 0 0 0 0 0 1 0 0 0 0 0 0 0 0 0 0 0 0 0 0 0 0 
 INPUT ---       0 0 0 0 0 0 0 0 0 0 0 0 0 0 0 0 0 0 0 0 0 0 0 0 0 0 0 0;
 INPUT ---        0 0 0 0 0 0 1 0 0 0 0 0 0 1 0 0 0 0 0 0 0 0 0 0 0 0 0 0 0 
 INPUT ---       0 0 0 0 0 0 0 0 0 0 0 0 0 0 0 0 0 0 0 0 0 0 0 0 0 0 0 0;
 INPUT ---        0 0 0 0 0 0 1 0 0 0 0 0 0 0 1 0 0 0 0 0 0 0 0 0 0 0 0 0 0 
 INPUT ---       0 0 0 0 0 0 0 0 0 0 0 0 0 0 0 0 0 0 0 0 0 0 0 0 0 0 0 0;
 INPUT ---        0 0 0 0 0 0 1 0 0 0 0 0 0 0 0 1 0 0 0 0 0 0 0 0 0 0 0 0 0 
 INPUT ---       0 0 0 0 0 0 0 0 0 0 0 0 0 0 0 0 0 0 0 0 0 0 0 0 0 0 0 0;
 INPUT ---        0 0 0 0 0 0 1 0 0 0 0 0 0 0 0 0 1 0 0 0 0 0 0 0 0 0 0 0 0 
 INPUT ---       0 0 0 0 0 0 0 0 0 0 0 0 0 0 0 0 0 0 0 0 0 0 0 0 0 0 0 0;
 INPUT ---        0 0 0 0 0 0 1 0 0 0 0 0 0 0 0 0 0 1 0 0 0 0 0 0 0 0 0 0 0 
 INPUT ---       0 0 0 0 0 0 0 0 0 0 0 0 0 0 0 0 0 0 0 0 0 0 0 0 0 0 0 0;
 INPUT ---        0 0 0 0 0 0 1 0 0 0 0 0 0 0 0 0 0 0 1 0 0 0 0 0 0 0 0 0 0 
 INPUT ---       0 0 0 0 0 0 0 0 0 0 0 0 0 0 0 0 0 0 0 0 0 0 0 0 0 0 0 0;
 INPUT ---        0 0 0 0 0 0 1 0 0 0 0 0 0 0 0 0 0 0 0 1 0 0 0 0 0 0 0 0 0 
 INPUT ---       0 0 0 0 0 0 0 0 0 0 0 0 0 0 0 0 0 0 0 0 0 0 0 0 0 0 0 0;
 INPUT ---        0 0 0 0 0 0 1 0 0 0 0 0 0 0 0 0 0 0 0 0 1 0 0 0 0 0 0 0 0 
 INPUT ---       0 0 0 0 0 0 0 0 0 0 0 0 0 0 0 0 0 0 0 0 0 0 0 0 0 0 0 0;
 INPUT ---        0 0 0 0 0 0 1 0 0 0 0 0 0 0 0 0 0 0 0 0 0 1 0 0 0 0 0 0 0 
 INPUT ---       0 0 0 0 0 0 0 0 0 0 0 0 0 0 0 0 0 0 0 0 0 0 0 0 0 0 0 0;
 INPUT ---        0 0 0 0 0 0 1 0 0 0 0 0 0 0 0 0 0 0 0 0 0 0 1 0 0 0 0 0 0 
 INPUT ---       0 0 0 0 0 0 0 0 0 0 0 0 0 0 0 0 0 0 0 0 0 0 0 0 0 0 0 0;
 INPUT ---        0 0 0 0 0 0 1 0 0 0 0 0 0 0 0 0 0 0 0 0 0 0 0 1 0 0 0 0 0 
 INPUT ---       0 0 0 0 0 0 0 0 0 0 0 0 0 0 0 0 0 0 0 0 0 0 0 0 0 0 0 0;
 INPUT ---        0 0 0 0 0 0 1 0 0 0 0 0 0 0 0 0 0 0 0 0 0 0 0 0 1 0 0 0 0 
 INPUT ---       0 0 0 0 0 0 0 0 0 0 0 0 0 0 0 0 0 0 0 0 0 0 0 0 0 0 0 0;
 INPUT ---        0 0 0 0 0 0 1 0 0 0 0 0 0 0 0 0 0 0 0 0 0 0 0 0 0 1 0 0 0 
 INPUT ---       0 0 0 0 0 0 0 0 0 0 0 0 0 0 0 0 0 0 0 0 0 0 0 0 0 0 0 0;
 INPUT ---        0 0 0 0 0 0 1 0 0 0 0 0 0 0 0 0 0 0 0 0 0 0 0 0 0 0 1 0 0 
 INPUT ---       0 0 0 0 0 0 0 0 0 0 0 0 0 0 0 0 0 0 0 0 0 0 0 0 0 0 0 0;
 INPUT ---        0 0 0 0 0 0 1 0 0 0 0 0 0 0 0 0 0 0 0 0 0 0 0 0 0 0 0 1 0 
 INPUT ---       0 0 0 0 0 0 0 0 0 0 0 0 0 0 0 0 0 0 0 0 0 0 0 0 0 0 0 0;
 INPUT ---        0 0 0 0 0 0 1 0 0 0 0 0 0 0 0 0 0 0 0 0 0 0 0 0 0 0 0 0 1 
 INPUT ---       0 0 0 0 0 0 0 0 0 0 0 0 0 0 0 0 0 0 0 0 0 0 0 0 0 0 0 0;
 INPUT ---        0 0 0 0 0 0 0 0 0 0 0 0 0 0 0 0 0 0 0 0 0 0 0 0 0 0 0 0 0 
 INPUT ---       0 0 0 0 0 0 0 0 0 0 0 0 0 0 0 0 0 0 0 0 0 0 1 0 0 0 0 0;

Program  MARK  - Survival Rate Estimation with Capture-Recapture Data
 gfortran(dble/PIM2) Vers. 11.1 Nov 2024  15-Feb-2026 11:47:59    Page  005
 - - - - - - - - - - - - - - - - - - - - - - - - - - - - - - - - - - - - - -
 
 INPUT ---        0 0 0 0 0 0 0 0 0 0 0 0 0 0 0 0 0 0 0 0 0 0 0 0 0 0 0 0 0 
 INPUT ---       0 0 0 0 0 0 0 0 0 0 0 0 0 0 0 0 0 0 0 0 0 0 1 1 0 0 0 0;
 INPUT ---        0 0 0 0 0 0 0 0 0 0 0 0 0 0 0 0 0 0 0 0 0 0 0 0 0 0 0 0 0 
 INPUT ---       0 0 0 0 0 0 0 0 0 0 0 0 0 0 0 0 0 0 0 0 0 0 1 0 1 0 0 0;
 INPUT ---        0 0 0 0 0 0 0 0 0 0 0 0 0 0 0 0 0 0 0 0 0 0 0 0 0 0 0 0 0 
 INPUT ---       0 0 0 0 0 0 0 0 0 0 0 0 0 0 0 0 0 0 0 0 0 0 1 0 0 1 0 0;
 INPUT ---        0 0 0 0 0 0 0 0 0 0 0 0 0 0 0 0 0 0 0 0 0 0 0 0 0 0 0 0 0 
 INPUT ---       0 0 0 0 0 0 0 0 0 0 0 0 0 0 0 0 0 0 0 0 0 0 1 0 0 0 1 0;
 INPUT ---        0 0 0 0 0 0 0 0 0 0 0 0 0 0 0 0 0 0 0 0 0 0 0 0 0 0 0 0 0 
 INPUT ---       0 0 0 0 0 0 0 0 0 0 0 0 0 0 0 0 0 0 0 0 0 0 1 0 0 0 0 1;
 INPUT ---        0 0 0 0 0 0 0 0 0 0 0 0 0 0 0 0 0 0 0 0 0 0 0 0 0 0 0 0 0 
 INPUT ---       1 0 0 0 0 0 0 0 0 0 0 0 0 0 0 0 0 0 0 0 0 0 0 0 0 0 0 0;
 INPUT ---        0 0 0 0 0 0 0 0 0 0 0 0 0 0 0 0 0 0 0 0 0 0 0 0 0 0 0 0 0 
 INPUT ---       1 1 0 0 0 0 0 0 0 0 0 0 0 0 0 0 0 0 0 0 0 0 0 0 0 0 0 0;
 INPUT ---        0 0 0 0 0 0 0 0 0 0 0 0 0 0 0 0 0 0 0 0 0 0 0 0 0 0 0 0 0 
 INPUT ---       1 0 1 0 0 0 0 0 0 0 0 0 0 0 0 0 0 0 0 0 0 0 0 0 0 0 0 0;
 INPUT ---        0 0 0 0 0 0 0 0 0 0 0 0 0 0 0 0 0 0 0 0 0 0 0 0 0 0 0 0 0 
 INPUT ---       1 0 0 1 0 0 0 0 0 0 0 0 0 0 0 0 0 0 0 0 0 0 0 0 0 0 0 0;
 INPUT ---        0 0 0 0 0 0 0 0 0 0 0 0 0 0 0 0 0 0 0 0 0 0 0 0 0 0 0 0 0 
 INPUT ---       1 0 0 0 1 0 0 0 0 0 0 0 0 0 0 0 0 0 0 0 0 0 0 0 0 0 0 0;
 INPUT ---        0 0 0 0 0 0 0 0 0 0 0 0 0 0 0 0 0 0 0 0 0 0 0 0 0 0 0 0 0 
 INPUT ---       1 0 0 0 0 1 0 0 0 0 0 0 0 0 0 0 0 0 0 0 0 0 0 0 0 0 0 0;
 INPUT ---        0 0 0 0 0 0 0 0 0 0 0 0 0 0 0 0 0 0 0 0 0 0 0 0 0 0 0 0 0 
 INPUT ---       1 0 0 0 0 0 1 0 0 0 0 0 0 0 0 0 0 0 0 0 0 0 0 0 0 0 0 0;
 INPUT ---        0 0 0 0 0 0 0 0 0 0 0 0 0 0 0 0 0 0 0 0 0 0 0 0 0 0 0 0 0 
 INPUT ---       1 0 0 0 0 0 0 1 0 0 0 0 0 0 0 0 0 0 0 0 0 0 0 0 0 0 0 0;
 INPUT ---        0 0 0 0 0 0 0 0 0 0 0 0 0 0 0 0 0 0 0 0 0 0 0 0 0 0 0 0 0 
 INPUT ---       1 0 0 0 0 0 0 0 1 0 0 0 0 0 0 0 0 0 0 0 0 0 0 0 0 0 0 0;
 INPUT ---        0 0 0 0 0 0 0 0 0 0 0 0 0 0 0 0 0 0 0 0 0 0 0 0 0 0 0 0 0 
 INPUT ---       1 0 0 0 0 0 0 0 0 1 0 0 0 0 0 0 0 0 0 0 0 0 0 0 0 0 0 0;
 INPUT ---        0 0 0 0 0 0 0 0 0 0 0 0 0 0 0 0 0 0 0 0 0 0 0 0 0 0 0 0 0 
 INPUT ---       1 0 0 0 0 0 0 0 0 0 1 0 0 0 0 0 0 0 0 0 0 0 0 0 0 0 0 0;
 INPUT ---        0 0 0 0 0 0 0 0 0 0 0 0 0 0 0 0 0 0 0 0 0 0 0 0 0 0 0 0 0 
 INPUT ---       1 0 0 0 0 0 0 0 0 0 0 1 0 0 0 0 0 0 0 0 0 0 0 0 0 0 0 0;
 INPUT ---        0 0 0 0 0 0 0 0 0 0 0 0 0 0 0 0 0 0 0 0 0 0 0 0 0 0 0 0 0 
 INPUT ---       1 0 0 0 0 0 0 0 0 0 0 0 1 0 0 0 0 0 0 0 0 0 0 0 0 0 0 0;
 INPUT ---        0 0 0 0 0 0 0 0 0 0 0 0 0 0 0 0 0 0 0 0 0 0 0 0 0 0 0 0 0 
 INPUT ---       1 0 0 0 0 0 0 0 0 0 0 0 0 1 0 0 0 0 0 0 0 0 0 0 0 0 0 0;
 INPUT ---        0 0 0 0 0 0 0 0 0 0 0 0 0 0 0 0 0 0 0 0 0 0 0 0 0 0 0 0 0 
 INPUT ---       1 0 0 0 0 0 0 0 0 0 0 0 0 0 1 0 0 0 0 0 0 0 0 0 0 0 0 0;
 INPUT ---        0 0 0 0 0 0 0 0 0 0 0 0 0 0 0 0 0 0 0 0 0 0 0 0 0 0 0 0 0 
 INPUT ---       1 0 0 0 0 0 0 0 0 0 0 0 0 0 0 1 0 0 0 0 0 0 0 0 0 0 0 0;
 INPUT ---        0 0 0 0 0 0 0 0 0 0 0 0 0 0 0 0 0 0 0 0 0 0 0 0 0 0 0 0 0 
 INPUT ---       1 0 0 0 0 0 0 0 0 0 0 0 0 0 0 0 1 0 0 0 0 0 0 0 0 0 0 0;
 INPUT ---        0 0 0 0 0 0 0 0 0 0 0 0 0 0 0 0 0 0 0 0 0 0 0 0 0 0 0 0 0 
 INPUT ---       1 0 0 0 0 0 0 0 0 0 0 0 0 0 0 0 0 1 0 0 0 0 0 0 0 0 0 0;

Program  MARK  - Survival Rate Estimation with Capture-Recapture Data
 gfortran(dble/PIM2) Vers. 11.1 Nov 2024  15-Feb-2026 11:47:59    Page  006
 - - - - - - - - - - - - - - - - - - - - - - - - - - - - - - - - - - - - - -
 
 INPUT ---        0 0 0 0 0 0 0 0 0 0 0 0 0 0 0 0 0 0 0 0 0 0 0 0 0 0 0 0 0 
 INPUT ---       1 0 0 0 0 0 0 0 0 0 0 0 0 0 0 0 0 0 1 0 0 0 0 0 0 0 0 0;
 INPUT ---        0 0 0 0 0 0 0 0 0 0 0 0 0 0 0 0 0 0 0 0 0 0 0 0 0 0 0 0 0 
 INPUT ---       1 0 0 0 0 0 0 0 0 0 0 0 0 0 0 0 0 0 0 1 0 0 0 0 0 0 0 0;
 INPUT ---        0 0 0 0 0 0 0 0 0 0 0 0 0 0 0 0 0 0 0 0 0 0 0 0 0 0 0 0 0 
 INPUT ---       1 0 0 0 0 0 0 0 0 0 0 0 0 0 0 0 0 0 0 0 1 0 0 0 0 0 0 0;
 INPUT ---        0 0 0 0 0 0 0 0 0 0 0 0 0 0 0 0 0 0 0 0 0 0 0 0 0 0 0 0 0 
 INPUT ---       1 0 0 0 0 0 0 0 0 0 0 0 0 0 0 0 0 0 0 0 0 1 0 0 0 0 0 0;
 INPUT ---        0 0 0 0 0 0 0 0 0 0 0 0 0 0 0 0 0 0 0 0 0 0 0 0 0 0 0 0 0 
 INPUT ---       1 0 0 0 0 0 0 0 0 0 0 0 0 0 0 0 0 0 0 0 0 0 0 0 0 0 0 0;
 INPUT ---        0 0 0 0 0 0 0 0 0 0 0 0 0 0 0 0 0 0 0 0 0 0 0 0 0 0 0 0 0 
 INPUT ---       1 1 0 0 0 0 0 0 0 0 0 0 0 0 0 0 0 0 0 0 0 0 0 0 0 0 0 0;
 INPUT ---        0 0 0 0 0 0 0 0 0 0 0 0 0 0 0 0 0 0 0 0 0 0 0 0 0 0 0 0 0 
 INPUT ---       1 0 1 0 0 0 0 0 0 0 0 0 0 0 0 0 0 0 0 0 0 0 0 0 0 0 0 0;
 INPUT ---        0 0 0 0 0 0 0 0 0 0 0 0 0 0 0 0 0 0 0 0 0 0 0 0 0 0 0 0 0 
 INPUT ---       1 0 0 1 0 0 0 0 0 0 0 0 0 0 0 0 0 0 0 0 0 0 0 0 0 0 0 0;
 INPUT ---        0 0 0 0 0 0 0 0 0 0 0 0 0 0 0 0 0 0 0 0 0 0 0 0 0 0 0 0 0 
 INPUT ---       1 0 0 0 1 0 0 0 0 0 0 0 0 0 0 0 0 0 0 0 0 0 0 0 0 0 0 0;
 INPUT ---        0 0 0 0 0 0 0 0 0 0 0 0 0 0 0 0 0 0 0 0 0 0 0 0 0 0 0 0 0 
 INPUT ---       1 0 0 0 0 1 0 0 0 0 0 0 0 0 0 0 0 0 0 0 0 0 0 0 0 0 0 0;
 INPUT ---        0 0 0 0 0 0 0 0 0 0 0 0 0 0 0 0 0 0 0 0 0 0 0 0 0 0 0 0 0 
 INPUT ---       1 0 0 0 0 0 1 0 0 0 0 0 0 0 0 0 0 0 0 0 0 0 0 0 0 0 0 0;
 INPUT ---        0 0 0 0 0 0 0 0 0 0 0 0 0 0 0 0 0 0 0 0 0 0 0 0 0 0 0 0 0 
 INPUT ---       1 0 0 0 0 0 0 1 0 0 0 0 0 0 0 0 0 0 0 0 0 0 0 0 0 0 0 0;
 INPUT ---        0 0 0 0 0 0 0 0 0 0 0 0 0 0 0 0 0 0 0 0 0 0 0 0 0 0 0 0 0 
 INPUT ---       1 0 0 0 0 0 0 0 1 0 0 0 0 0 0 0 0 0 0 0 0 0 0 0 0 0 0 0;
 INPUT ---        0 0 0 0 0 0 0 0 0 0 0 0 0 0 0 0 0 0 0 0 0 0 0 0 0 0 0 0 0 
 INPUT ---       1 0 0 0 0 0 0 0 0 1 0 0 0 0 0 0 0 0 0 0 0 0 0 0 0 0 0 0;
 INPUT ---        0 0 0 0 0 0 0 0 0 0 0 0 0 0 0 0 0 0 0 0 0 0 0 0 0 0 0 0 0 
 INPUT ---       1 0 0 0 0 0 0 0 0 0 1 0 0 0 0 0 0 0 0 0 0 0 0 0 0 0 0 0;
 INPUT ---        0 0 0 0 0 0 0 0 0 0 0 0 0 0 0 0 0 0 0 0 0 0 0 0 0 0 0 0 0 
 INPUT ---       1 0 0 0 0 0 0 0 0 0 0 1 0 0 0 0 0 0 0 0 0 0 0 0 0 0 0 0;
 INPUT ---        0 0 0 0 0 0 0 0 0 0 0 0 0 0 0 0 0 0 0 0 0 0 0 0 0 0 0 0 0 
 INPUT ---       1 0 0 0 0 0 0 0 0 0 0 0 1 0 0 0 0 0 0 0 0 0 0 0 0 0 0 0;
 INPUT ---        0 0 0 0 0 0 0 0 0 0 0 0 0 0 0 0 0 0 0 0 0 0 0 0 0 0 0 0 0 
 INPUT ---       1 0 0 0 0 0 0 0 0 0 0 0 0 1 0 0 0 0 0 0 0 0 0 0 0 0 0 0;
 INPUT ---        0 0 0 0 0 0 0 0 0 0 0 0 0 0 0 0 0 0 0 0 0 0 0 0 0 0 0 0 0 
 INPUT ---       1 0 0 0 0 0 0 0 0 0 0 0 0 0 1 0 0 0 0 0 0 0 0 0 0 0 0 0;
 INPUT ---        0 0 0 0 0 0 0 0 0 0 0 0 0 0 0 0 0 0 0 0 0 0 0 0 0 0 0 0 0 
 INPUT ---       1 0 0 0 0 0 0 0 0 0 0 0 0 0 0 1 0 0 0 0 0 0 0 0 0 0 0 0;
 INPUT ---        0 0 0 0 0 0 0 0 0 0 0 0 0 0 0 0 0 0 0 0 0 0 0 0 0 0 0 0 0 
 INPUT ---       1 0 0 0 0 0 0 0 0 0 0 0 0 0 0 0 1 0 0 0 0 0 0 0 0 0 0 0;
 INPUT ---        0 0 0 0 0 0 0 0 0 0 0 0 0 0 0 0 0 0 0 0 0 0 0 0 0 0 0 0 0 
 INPUT ---       1 0 0 0 0 0 0 0 0 0 0 0 0 0 0 0 0 1 0 0 0 0 0 0 0 0 0 0;
 INPUT ---        0 0 0 0 0 0 0 0 0 0 0 0 0 0 0 0 0 0 0 0 0 0 0 0 0 0 0 0 0 
 INPUT ---       1 0 0 0 0 0 0 0 0 0 0 0 0 0 0 0 0 0 1 0 0 0 0 0 0 0 0 0;

Program  MARK  - Survival Rate Estimation with Capture-Recapture Data
 gfortran(dble/PIM2) Vers. 11.1 Nov 2024  15-Feb-2026 11:47:59    Page  007
 - - - - - - - - - - - - - - - - - - - - - - - - - - - - - - - - - - - - - -
 
 INPUT ---        0 0 0 0 0 0 0 0 0 0 0 0 0 0 0 0 0 0 0 0 0 0 0 0 0 0 0 0 0 
 INPUT ---       1 0 0 0 0 0 0 0 0 0 0 0 0 0 0 0 0 0 0 1 0 0 0 0 0 0 0 0;
 INPUT ---        0 0 0 0 0 0 0 0 0 0 0 0 0 0 0 0 0 0 0 0 0 0 0 0 0 0 0 0 0 
 INPUT ---       1 0 0 0 0 0 0 0 0 0 0 0 0 0 0 0 0 0 0 0 1 0 0 0 0 0 0 0;
 INPUT ---        0 0 0 0 0 0 0 0 0 0 0 0 0 0 0 0 0 0 0 0 0 0 0 0 0 0 0 0 0 
 INPUT ---       1 0 0 0 0 0 0 0 0 0 0 0 0 0 0 0 0 0 0 0 0 1 0 0 0 0 0 0;
 INPUT ---        0 0 0 0 0 0 0 0 0 0 0 0 0 0 0 0 0 0 0 0 0 0 0 0 0 0 0 0 0 
 INPUT ---       1 0 0 0 0 0 0 0 0 0 0 0 0 0 0 0 0 0 0 0 0 0 0 0 0 0 0 0;
 INPUT ---        0 0 0 0 0 0 0 0 0 0 0 0 0 0 0 0 0 0 0 0 0 0 0 0 0 0 0 0 0 
 INPUT ---       1 1 0 0 0 0 0 0 0 0 0 0 0 0 0 0 0 0 0 0 0 0 0 0 0 0 0 0;
 INPUT ---        0 0 0 0 0 0 0 0 0 0 0 0 0 0 0 0 0 0 0 0 0 0 0 0 0 0 0 0 0 
 INPUT ---       1 0 1 0 0 0 0 0 0 0 0 0 0 0 0 0 0 0 0 0 0 0 0 0 0 0 0 0;
 INPUT ---        0 0 0 0 0 0 0 0 0 0 0 0 0 0 0 0 0 0 0 0 0 0 0 0 0 0 0 0 0 
 INPUT ---       1 0 0 1 0 0 0 0 0 0 0 0 0 0 0 0 0 0 0 0 0 0 0 0 0 0 0 0;
 INPUT ---        0 0 0 0 0 0 0 0 0 0 0 0 0 0 0 0 0 0 0 0 0 0 0 0 0 0 0 0 0 
 INPUT ---       1 0 0 0 1 0 0 0 0 0 0 0 0 0 0 0 0 0 0 0 0 0 0 0 0 0 0 0;
 INPUT ---        0 0 0 0 0 0 0 0 0 0 0 0 0 0 0 0 0 0 0 0 0 0 0 0 0 0 0 0 0 
 INPUT ---       1 0 0 0 0 1 0 0 0 0 0 0 0 0 0 0 0 0 0 0 0 0 0 0 0 0 0 0;
 INPUT ---        0 0 0 0 0 0 0 0 0 0 0 0 0 0 0 0 0 0 0 0 0 0 0 0 0 0 0 0 0 
 INPUT ---       1 0 0 0 0 0 1 0 0 0 0 0 0 0 0 0 0 0 0 0 0 0 0 0 0 0 0 0;
 INPUT ---        0 0 0 0 0 0 0 0 0 0 0 0 0 0 0 0 0 0 0 0 0 0 0 0 0 0 0 0 0 
 INPUT ---       1 0 0 0 0 0 0 1 0 0 0 0 0 0 0 0 0 0 0 0 0 0 0 0 0 0 0 0;
 INPUT ---        0 0 0 0 0 0 0 0 0 0 0 0 0 0 0 0 0 0 0 0 0 0 0 0 0 0 0 0 0 
 INPUT ---       1 0 0 0 0 0 0 0 1 0 0 0 0 0 0 0 0 0 0 0 0 0 0 0 0 0 0 0;
 INPUT ---        0 0 0 0 0 0 0 0 0 0 0 0 0 0 0 0 0 0 0 0 0 0 0 0 0 0 0 0 0 
 INPUT ---       1 0 0 0 0 0 0 0 0 1 0 0 0 0 0 0 0 0 0 0 0 0 0 0 0 0 0 0;
 INPUT ---        0 0 0 0 0 0 0 0 0 0 0 0 0 0 0 0 0 0 0 0 0 0 0 0 0 0 0 0 0 
 INPUT ---       1 0 0 0 0 0 0 0 0 0 1 0 0 0 0 0 0 0 0 0 0 0 0 0 0 0 0 0;
 INPUT ---        0 0 0 0 0 0 0 0 0 0 0 0 0 0 0 0 0 0 0 0 0 0 0 0 0 0 0 0 0 
 INPUT ---       1 0 0 0 0 0 0 0 0 0 0 1 0 0 0 0 0 0 0 0 0 0 0 0 0 0 0 0;
 INPUT ---        0 0 0 0 0 0 0 0 0 0 0 0 0 0 0 0 0 0 0 0 0 0 0 0 0 0 0 0 0 
 INPUT ---       1 0 0 0 0 0 0 0 0 0 0 0 1 0 0 0 0 0 0 0 0 0 0 0 0 0 0 0;
 INPUT ---        0 0 0 0 0 0 0 0 0 0 0 0 0 0 0 0 0 0 0 0 0 0 0 0 0 0 0 0 0 
 INPUT ---       1 0 0 0 0 0 0 0 0 0 0 0 0 1 0 0 0 0 0 0 0 0 0 0 0 0 0 0;
 INPUT ---        0 0 0 0 0 0 0 0 0 0 0 0 0 0 0 0 0 0 0 0 0 0 0 0 0 0 0 0 0 
 INPUT ---       1 0 0 0 0 0 0 0 0 0 0 0 0 0 1 0 0 0 0 0 0 0 0 0 0 0 0 0;
 INPUT ---        0 0 0 0 0 0 0 0 0 0 0 0 0 0 0 0 0 0 0 0 0 0 0 0 0 0 0 0 0 
 INPUT ---       1 0 0 0 0 0 0 0 0 0 0 0 0 0 0 1 0 0 0 0 0 0 0 0 0 0 0 0;
 INPUT ---        0 0 0 0 0 0 0 0 0 0 0 0 0 0 0 0 0 0 0 0 0 0 0 0 0 0 0 0 0 
 INPUT ---       1 0 0 0 0 0 0 0 0 0 0 0 0 0 0 0 1 0 0 0 0 0 0 0 0 0 0 0;
 INPUT ---        0 0 0 0 0 0 0 0 0 0 0 0 0 0 0 0 0 0 0 0 0 0 0 0 0 0 0 0 0 
 INPUT ---       1 0 0 0 0 0 0 0 0 0 0 0 0 0 0 0 0 1 0 0 0 0 0 0 0 0 0 0;
 INPUT ---        0 0 0 0 0 0 0 0 0 0 0 0 0 0 0 0 0 0 0 0 0 0 0 0 0 0 0 0 0 
 INPUT ---       1 0 0 0 0 0 0 0 0 0 0 0 0 0 0 0 0 0 1 0 0 0 0 0 0 0 0 0;
 INPUT ---        0 0 0 0 0 0 0 0 0 0 0 0 0 0 0 0 0 0 0 0 0 0 0 0 0 0 0 0 0 
 INPUT ---       1 0 0 0 0 0 0 0 0 0 0 0 0 0 0 0 0 0 0 1 0 0 0 0 0 0 0 0;

Program  MARK  - Survival Rate Estimation with Capture-Recapture Data
 gfortran(dble/PIM2) Vers. 11.1 Nov 2024  15-Feb-2026 11:47:59    Page  008
 - - - - - - - - - - - - - - - - - - - - - - - - - - - - - - - - - - - - - -
 
 INPUT ---        0 0 0 0 0 0 0 0 0 0 0 0 0 0 0 0 0 0 0 0 0 0 0 0 0 0 0 0 0 
 INPUT ---       1 0 0 0 0 0 0 0 0 0 0 0 0 0 0 0 0 0 0 0 1 0 0 0 0 0 0 0;
 INPUT ---        0 0 0 0 0 0 0 0 0 0 0 0 0 0 0 0 0 0 0 0 0 0 0 0 0 0 0 0 0 
 INPUT ---       1 0 0 0 0 0 0 0 0 0 0 0 0 0 0 0 0 0 0 0 0 1 0 0 0 0 0 0;
 INPUT ---        0 0 0 0 0 0 0 0 0 0 0 0 0 0 0 0 0 0 0 0 0 0 0 0 0 0 0 0 0 
 INPUT ---       1 0 0 0 0 0 0 0 0 0 0 0 0 0 0 0 0 0 0 0 0 0 0 0 0 0 0 0;
 INPUT ---        0 0 0 0 0 0 0 0 0 0 0 0 0 0 0 0 0 0 0 0 0 0 0 0 0 0 0 0 0 
 INPUT ---       1 1 0 0 0 0 0 0 0 0 0 0 0 0 0 0 0 0 0 0 0 0 0 0 0 0 0 0;
 INPUT ---        0 0 0 0 0 0 0 0 0 0 0 0 0 0 0 0 0 0 0 0 0 0 0 0 0 0 0 0 0 
 INPUT ---       1 0 1 0 0 0 0 0 0 0 0 0 0 0 0 0 0 0 0 0 0 0 0 0 0 0 0 0;
 INPUT ---        0 0 0 0 0 0 0 0 0 0 0 0 0 0 0 0 0 0 0 0 0 0 0 0 0 0 0 0 0 
 INPUT ---       1 0 0 1 0 0 0 0 0 0 0 0 0 0 0 0 0 0 0 0 0 0 0 0 0 0 0 0;
 INPUT ---        0 0 0 0 0 0 0 0 0 0 0 0 0 0 0 0 0 0 0 0 0 0 0 0 0 0 0 0 0 
 INPUT ---       1 0 0 0 1 0 0 0 0 0 0 0 0 0 0 0 0 0 0 0 0 0 0 0 0 0 0 0;
 INPUT ---        0 0 0 0 0 0 0 0 0 0 0 0 0 0 0 0 0 0 0 0 0 0 0 0 0 0 0 0 0 
 INPUT ---       1 0 0 0 0 1 0 0 0 0 0 0 0 0 0 0 0 0 0 0 0 0 0 0 0 0 0 0;
 INPUT ---        0 0 0 0 0 0 0 0 0 0 0 0 0 0 0 0 0 0 0 0 0 0 0 0 0 0 0 0 0 
 INPUT ---       1 0 0 0 0 0 1 0 0 0 0 0 0 0 0 0 0 0 0 0 0 0 0 0 0 0 0 0;
 INPUT ---        0 0 0 0 0 0 0 0 0 0 0 0 0 0 0 0 0 0 0 0 0 0 0 0 0 0 0 0 0 
 INPUT ---       1 0 0 0 0 0 0 1 0 0 0 0 0 0 0 0 0 0 0 0 0 0 0 0 0 0 0 0;
 INPUT ---        0 0 0 0 0 0 0 0 0 0 0 0 0 0 0 0 0 0 0 0 0 0 0 0 0 0 0 0 0 
 INPUT ---       1 0 0 0 0 0 0 0 1 0 0 0 0 0 0 0 0 0 0 0 0 0 0 0 0 0 0 0;
 INPUT ---        0 0 0 0 0 0 0 0 0 0 0 0 0 0 0 0 0 0 0 0 0 0 0 0 0 0 0 0 0 
 INPUT ---       1 0 0 0 0 0 0 0 0 1 0 0 0 0 0 0 0 0 0 0 0 0 0 0 0 0 0 0;
 INPUT ---        0 0 0 0 0 0 0 0 0 0 0 0 0 0 0 0 0 0 0 0 0 0 0 0 0 0 0 0 0 
 INPUT ---       1 0 0 0 0 0 0 0 0 0 1 0 0 0 0 0 0 0 0 0 0 0 0 0 0 0 0 0;
 INPUT ---        0 0 0 0 0 0 0 0 0 0 0 0 0 0 0 0 0 0 0 0 0 0 0 0 0 0 0 0 0 
 INPUT ---       1 0 0 0 0 0 0 0 0 0 0 1 0 0 0 0 0 0 0 0 0 0 0 0 0 0 0 0;
 INPUT ---        0 0 0 0 0 0 0 0 0 0 0 0 0 0 0 0 0 0 0 0 0 0 0 0 0 0 0 0 0 
 INPUT ---       1 0 0 0 0 0 0 0 0 0 0 0 1 0 0 0 0 0 0 0 0 0 0 0 0 0 0 0;
 INPUT ---        0 0 0 0 0 0 0 0 0 0 0 0 0 0 0 0 0 0 0 0 0 0 0 0 0 0 0 0 0 
 INPUT ---       1 0 0 0 0 0 0 0 0 0 0 0 0 1 0 0 0 0 0 0 0 0 0 0 0 0 0 0;
 INPUT ---        0 0 0 0 0 0 0 0 0 0 0 0 0 0 0 0 0 0 0 0 0 0 0 0 0 0 0 0 0 
 INPUT ---       1 0 0 0 0 0 0 0 0 0 0 0 0 0 1 0 0 0 0 0 0 0 0 0 0 0 0 0;
 INPUT ---        0 0 0 0 0 0 0 0 0 0 0 0 0 0 0 0 0 0 0 0 0 0 0 0 0 0 0 0 0 
 INPUT ---       1 0 0 0 0 0 0 0 0 0 0 0 0 0 0 1 0 0 0 0 0 0 0 0 0 0 0 0;
 INPUT ---        0 0 0 0 0 0 0 0 0 0 0 0 0 0 0 0 0 0 0 0 0 0 0 0 0 0 0 0 0 
 INPUT ---       1 0 0 0 0 0 0 0 0 0 0 0 0 0 0 0 1 0 0 0 0 0 0 0 0 0 0 0;
 INPUT ---        0 0 0 0 0 0 0 0 0 0 0 0 0 0 0 0 0 0 0 0 0 0 0 0 0 0 0 0 0 
 INPUT ---       1 0 0 0 0 0 0 0 0 0 0 0 0 0 0 0 0 1 0 0 0 0 0 0 0 0 0 0;
 INPUT ---        0 0 0 0 0 0 0 0 0 0 0 0 0 0 0 0 0 0 0 0 0 0 0 0 0 0 0 0 0 
 INPUT ---       1 0 0 0 0 0 0 0 0 0 0 0 0 0 0 0 0 0 1 0 0 0 0 0 0 0 0 0;
 INPUT ---        0 0 0 0 0 0 0 0 0 0 0 0 0 0 0 0 0 0 0 0 0 0 0 0 0 0 0 0 0 
 INPUT ---       1 0 0 0 0 0 0 0 0 0 0 0 0 0 0 0 0 0 0 1 0 0 0 0 0 0 0 0;
 INPUT ---        0 0 0 0 0 0 0 0 0 0 0 0 0 0 0 0 0 0 0 0 0 0 0 0 0 0 0 0 0 
 INPUT ---       1 0 0 0 0 0 0 0 0 0 0 0 0 0 0 0 0 0 0 0 1 0 0 0 0 0 0 0;

Program  MARK  - Survival Rate Estimation with Capture-Recapture Data
 gfortran(dble/PIM2) Vers. 11.1 Nov 2024  15-Feb-2026 11:47:59    Page  009
 - - - - - - - - - - - - - - - - - - - - - - - - - - - - - - - - - - - - - -
 
 INPUT ---        0 0 0 0 0 0 0 0 0 0 0 0 0 0 0 0 0 0 0 0 0 0 0 0 0 0 0 0 0 
 INPUT ---       1 0 0 0 0 0 0 0 0 0 0 0 0 0 0 0 0 0 0 0 0 1 0 0 0 0 0 0;
 INPUT ---        0 0 0 0 0 0 0 0 0 0 0 0 0 0 0 0 0 0 0 0 0 0 0 0 0 0 0 0 0 
 INPUT ---       1 0 0 0 0 0 0 0 0 0 0 0 0 0 0 0 0 0 0 0 0 0 0 0 0 0 0 0;
 INPUT ---        0 0 0 0 0 0 0 0 0 0 0 0 0 0 0 0 0 0 0 0 0 0 0 0 0 0 0 0 0 
 INPUT ---       1 1 0 0 0 0 0 0 0 0 0 0 0 0 0 0 0 0 0 0 0 0 0 0 0 0 0 0;
 INPUT ---        0 0 0 0 0 0 0 0 0 0 0 0 0 0 0 0 0 0 0 0 0 0 0 0 0 0 0 0 0 
 INPUT ---       1 0 1 0 0 0 0 0 0 0 0 0 0 0 0 0 0 0 0 0 0 0 0 0 0 0 0 0;
 INPUT ---        0 0 0 0 0 0 0 0 0 0 0 0 0 0 0 0 0 0 0 0 0 0 0 0 0 0 0 0 0 
 INPUT ---       1 0 0 1 0 0 0 0 0 0 0 0 0 0 0 0 0 0 0 0 0 0 0 0 0 0 0 0;
 INPUT ---        0 0 0 0 0 0 0 0 0 0 0 0 0 0 0 0 0 0 0 0 0 0 0 0 0 0 0 0 0 
 INPUT ---       1 0 0 0 1 0 0 0 0 0 0 0 0 0 0 0 0 0 0 0 0 0 0 0 0 0 0 0;
 INPUT ---        0 0 0 0 0 0 0 0 0 0 0 0 0 0 0 0 0 0 0 0 0 0 0 0 0 0 0 0 0 
 INPUT ---       1 0 0 0 0 1 0 0 0 0 0 0 0 0 0 0 0 0 0 0 0 0 0 0 0 0 0 0;
 INPUT ---        0 0 0 0 0 0 0 0 0 0 0 0 0 0 0 0 0 0 0 0 0 0 0 0 0 0 0 0 0 
 INPUT ---       1 0 0 0 0 0 1 0 0 0 0 0 0 0 0 0 0 0 0 0 0 0 0 0 0 0 0 0;
 INPUT ---        0 0 0 0 0 0 0 0 0 0 0 0 0 0 0 0 0 0 0 0 0 0 0 0 0 0 0 0 0 
 INPUT ---       1 0 0 0 0 0 0 1 0 0 0 0 0 0 0 0 0 0 0 0 0 0 0 0 0 0 0 0;
 INPUT ---        0 0 0 0 0 0 0 0 0 0 0 0 0 0 0 0 0 0 0 0 0 0 0 0 0 0 0 0 0 
 INPUT ---       1 0 0 0 0 0 0 0 1 0 0 0 0 0 0 0 0 0 0 0 0 0 0 0 0 0 0 0;
 INPUT ---        0 0 0 0 0 0 0 0 0 0 0 0 0 0 0 0 0 0 0 0 0 0 0 0 0 0 0 0 0 
 INPUT ---       1 0 0 0 0 0 0 0 0 1 0 0 0 0 0 0 0 0 0 0 0 0 0 0 0 0 0 0;
 INPUT ---        0 0 0 0 0 0 0 0 0 0 0 0 0 0 0 0 0 0 0 0 0 0 0 0 0 0 0 0 0 
 INPUT ---       1 0 0 0 0 0 0 0 0 0 1 0 0 0 0 0 0 0 0 0 0 0 0 0 0 0 0 0;
 INPUT ---        0 0 0 0 0 0 0 0 0 0 0 0 0 0 0 0 0 0 0 0 0 0 0 0 0 0 0 0 0 
 INPUT ---       1 0 0 0 0 0 0 0 0 0 0 1 0 0 0 0 0 0 0 0 0 0 0 0 0 0 0 0;
 INPUT ---        0 0 0 0 0 0 0 0 0 0 0 0 0 0 0 0 0 0 0 0 0 0 0 0 0 0 0 0 0 
 INPUT ---       1 0 0 0 0 0 0 0 0 0 0 0 1 0 0 0 0 0 0 0 0 0 0 0 0 0 0 0;
 INPUT ---        0 0 0 0 0 0 0 0 0 0 0 0 0 0 0 0 0 0 0 0 0 0 0 0 0 0 0 0 0 
 INPUT ---       1 0 0 0 0 0 0 0 0 0 0 0 0 1 0 0 0 0 0 0 0 0 0 0 0 0 0 0;
 INPUT ---        0 0 0 0 0 0 0 0 0 0 0 0 0 0 0 0 0 0 0 0 0 0 0 0 0 0 0 0 0 
 INPUT ---       1 0 0 0 0 0 0 0 0 0 0 0 0 0 1 0 0 0 0 0 0 0 0 0 0 0 0 0;
 INPUT ---        0 0 0 0 0 0 0 0 0 0 0 0 0 0 0 0 0 0 0 0 0 0 0 0 0 0 0 0 0 
 INPUT ---       1 0 0 0 0 0 0 0 0 0 0 0 0 0 0 1 0 0 0 0 0 0 0 0 0 0 0 0;
 INPUT ---        0 0 0 0 0 0 0 0 0 0 0 0 0 0 0 0 0 0 0 0 0 0 0 0 0 0 0 0 0 
 INPUT ---       1 0 0 0 0 0 0 0 0 0 0 0 0 0 0 0 1 0 0 0 0 0 0 0 0 0 0 0;
 INPUT ---        0 0 0 0 0 0 0 0 0 0 0 0 0 0 0 0 0 0 0 0 0 0 0 0 0 0 0 0 0 
 INPUT ---       1 0 0 0 0 0 0 0 0 0 0 0 0 0 0 0 0 1 0 0 0 0 0 0 0 0 0 0;
 INPUT ---        0 0 0 0 0 0 0 0 0 0 0 0 0 0 0 0 0 0 0 0 0 0 0 0 0 0 0 0 0 
 INPUT ---       1 0 0 0 0 0 0 0 0 0 0 0 0 0 0 0 0 0 1 0 0 0 0 0 0 0 0 0;
 INPUT ---        0 0 0 0 0 0 0 0 0 0 0 0 0 0 0 0 0 0 0 0 0 0 0 0 0 0 0 0 0 
 INPUT ---       1 0 0 0 0 0 0 0 0 0 0 0 0 0 0 0 0 0 0 1 0 0 0 0 0 0 0 0;
 INPUT ---        0 0 0 0 0 0 0 0 0 0 0 0 0 0 0 0 0 0 0 0 0 0 0 0 0 0 0 0 0 
 INPUT ---       1 0 0 0 0 0 0 0 0 0 0 0 0 0 0 0 0 0 0 0 1 0 0 0 0 0 0 0;
 INPUT ---        0 0 0 0 0 0 0 0 0 0 0 0 0 0 0 0 0 0 0 0 0 0 0 0 0 0 0 0 0 
 INPUT ---       1 0 0 0 0 0 0 0 0 0 0 0 0 0 0 0 0 0 0 0 0 1 0 0 0 0 0 0;

Program  MARK  - Survival Rate Estimation with Capture-Recapture Data
 gfortran(dble/PIM2) Vers. 11.1 Nov 2024  15-Feb-2026 11:47:59    Page  010
 - - - - - - - - - - - - - - - - - - - - - - - - - - - - - - - - - - - - - -
 
 INPUT ---        0 0 0 0 0 0 0 0 0 0 0 0 0 0 0 0 0 0 0 0 0 0 0 0 0 0 0 0 0 
 INPUT ---       1 0 0 0 0 0 0 0 0 0 0 0 0 0 0 0 0 0 0 0 0 0 0 0 0 0 0 0;
 INPUT ---        0 0 0 0 0 0 0 0 0 0 0 0 0 0 0 0 0 0 0 0 0 0 0 0 0 0 0 0 0 
 INPUT ---       1 1 0 0 0 0 0 0 0 0 0 0 0 0 0 0 0 0 0 0 0 0 0 0 0 0 0 0;
 INPUT ---        0 0 0 0 0 0 0 0 0 0 0 0 0 0 0 0 0 0 0 0 0 0 0 0 0 0 0 0 0 
 INPUT ---       1 0 1 0 0 0 0 0 0 0 0 0 0 0 0 0 0 0 0 0 0 0 0 0 0 0 0 0;
 INPUT ---        0 0 0 0 0 0 0 0 0 0 0 0 0 0 0 0 0 0 0 0 0 0 0 0 0 0 0 0 0 
 INPUT ---       1 0 0 1 0 0 0 0 0 0 0 0 0 0 0 0 0 0 0 0 0 0 0 0 0 0 0 0;
 INPUT ---        0 0 0 0 0 0 0 0 0 0 0 0 0 0 0 0 0 0 0 0 0 0 0 0 0 0 0 0 0 
 INPUT ---       1 0 0 0 1 0 0 0 0 0 0 0 0 0 0 0 0 0 0 0 0 0 0 0 0 0 0 0;
 INPUT ---        0 0 0 0 0 0 0 0 0 0 0 0 0 0 0 0 0 0 0 0 0 0 0 0 0 0 0 0 0 
 INPUT ---       1 0 0 0 0 1 0 0 0 0 0 0 0 0 0 0 0 0 0 0 0 0 0 0 0 0 0 0;
 INPUT ---        0 0 0 0 0 0 0 0 0 0 0 0 0 0 0 0 0 0 0 0 0 0 0 0 0 0 0 0 0 
 INPUT ---       1 0 0 0 0 0 1 0 0 0 0 0 0 0 0 0 0 0 0 0 0 0 0 0 0 0 0 0;
 INPUT ---        0 0 0 0 0 0 0 0 0 0 0 0 0 0 0 0 0 0 0 0 0 0 0 0 0 0 0 0 0 
 INPUT ---       1 0 0 0 0 0 0 1 0 0 0 0 0 0 0 0 0 0 0 0 0 0 0 0 0 0 0 0;
 INPUT ---        0 0 0 0 0 0 0 0 0 0 0 0 0 0 0 0 0 0 0 0 0 0 0 0 0 0 0 0 0 
 INPUT ---       1 0 0 0 0 0 0 0 1 0 0 0 0 0 0 0 0 0 0 0 0 0 0 0 0 0 0 0;
 INPUT ---        0 0 0 0 0 0 0 0 0 0 0 0 0 0 0 0 0 0 0 0 0 0 0 0 0 0 0 0 0 
 INPUT ---       1 0 0 0 0 0 0 0 0 1 0 0 0 0 0 0 0 0 0 0 0 0 0 0 0 0 0 0;
 INPUT ---        0 0 0 0 0 0 0 0 0 0 0 0 0 0 0 0 0 0 0 0 0 0 0 0 0 0 0 0 0 
 INPUT ---       1 0 0 0 0 0 0 0 0 0 1 0 0 0 0 0 0 0 0 0 0 0 0 0 0 0 0 0;
 INPUT ---        0 0 0 0 0 0 0 0 0 0 0 0 0 0 0 0 0 0 0 0 0 0 0 0 0 0 0 0 0 
 INPUT ---       1 0 0 0 0 0 0 0 0 0 0 1 0 0 0 0 0 0 0 0 0 0 0 0 0 0 0 0;
 INPUT ---        0 0 0 0 0 0 0 0 0 0 0 0 0 0 0 0 0 0 0 0 0 0 0 0 0 0 0 0 0 
 INPUT ---       1 0 0 0 0 0 0 0 0 0 0 0 1 0 0 0 0 0 0 0 0 0 0 0 0 0 0 0;
 INPUT ---        0 0 0 0 0 0 0 0 0 0 0 0 0 0 0 0 0 0 0 0 0 0 0 0 0 0 0 0 0 
 INPUT ---       1 0 0 0 0 0 0 0 0 0 0 0 0 1 0 0 0 0 0 0 0 0 0 0 0 0 0 0;
 INPUT ---        0 0 0 0 0 0 0 0 0 0 0 0 0 0 0 0 0 0 0 0 0 0 0 0 0 0 0 0 0 
 INPUT ---       1 0 0 0 0 0 0 0 0 0 0 0 0 0 1 0 0 0 0 0 0 0 0 0 0 0 0 0;
 INPUT ---        0 0 0 0 0 0 0 0 0 0 0 0 0 0 0 0 0 0 0 0 0 0 0 0 0 0 0 0 0 
 INPUT ---       1 0 0 0 0 0 0 0 0 0 0 0 0 0 0 1 0 0 0 0 0 0 0 0 0 0 0 0;
 INPUT ---        0 0 0 0 0 0 0 0 0 0 0 0 0 0 0 0 0 0 0 0 0 0 0 0 0 0 0 0 0 
 INPUT ---       1 0 0 0 0 0 0 0 0 0 0 0 0 0 0 0 1 0 0 0 0 0 0 0 0 0 0 0;
 INPUT ---        0 0 0 0 0 0 0 0 0 0 0 0 0 0 0 0 0 0 0 0 0 0 0 0 0 0 0 0 0 
 INPUT ---       1 0 0 0 0 0 0 0 0 0 0 0 0 0 0 0 0 1 0 0 0 0 0 0 0 0 0 0;
 INPUT ---        0 0 0 0 0 0 0 0 0 0 0 0 0 0 0 0 0 0 0 0 0 0 0 0 0 0 0 0 0 
 INPUT ---       1 0 0 0 0 0 0 0 0 0 0 0 0 0 0 0 0 0 1 0 0 0 0 0 0 0 0 0;
 INPUT ---        0 0 0 0 0 0 0 0 0 0 0 0 0 0 0 0 0 0 0 0 0 0 0 0 0 0 0 0 0 
 INPUT ---       1 0 0 0 0 0 0 0 0 0 0 0 0 0 0 0 0 0 0 1 0 0 0 0 0 0 0 0;
 INPUT ---        0 0 0 0 0 0 0 0 0 0 0 0 0 0 0 0 0 0 0 0 0 0 0 0 0 0 0 0 0 
 INPUT ---       1 0 0 0 0 0 0 0 0 0 0 0 0 0 0 0 0 0 0 0 1 0 0 0 0 0 0 0;
 INPUT ---        0 0 0 0 0 0 0 0 0 0 0 0 0 0 0 0 0 0 0 0 0 0 0 0 0 0 0 0 0 
 INPUT ---       1 0 0 0 0 0 0 0 0 0 0 0 0 0 0 0 0 0 0 0 0 1 0 0 0 0 0 0;
 INPUT ---    links=173;
 INPUT ---       Logit;

Program  MARK  - Survival Rate Estimation with Capture-Recapture Data
 gfortran(dble/PIM2) Vers. 11.1 Nov 2024  15-Feb-2026 11:47:59    Page  011
 - - - - - - - - - - - - - - - - - - - - - - - - - - - - - - - - - - - - - -
 
 INPUT ---       Logit;
 INPUT ---       Logit;
 INPUT ---       Logit;
 INPUT ---       Logit;
 INPUT ---       Logit;
 INPUT ---       Logit;
 INPUT ---       Logit;
 INPUT ---       Logit;
 INPUT ---       Logit;
 INPUT ---       Logit;
 INPUT ---       Logit;
 INPUT ---       Logit;
 INPUT ---       Logit;
 INPUT ---       Logit;
 INPUT ---       Logit;
 INPUT ---       Logit;
 INPUT ---       Logit;
 INPUT ---       Logit;
 INPUT ---       Logit;
 INPUT ---       Logit;
 INPUT ---       Logit;
 INPUT ---       Logit;
 INPUT ---       Logit;
 INPUT ---       Logit;
 INPUT ---       Logit;
 INPUT ---       Logit;
 INPUT ---       Logit;
 INPUT ---       Logit;
 INPUT ---       Logit;
 INPUT ---       Logit;
 INPUT ---       Logit;
 INPUT ---       Logit;
 INPUT ---       Logit;
 INPUT ---       Logit;
 INPUT ---       Log;
 INPUT ---       Log;
 INPUT ---       Log;
 INPUT ---       Log;
 INPUT ---       Log;
 INPUT ---       Log;
 INPUT ---       mlogit(1);
 INPUT ---       mlogit(1);
 INPUT ---       mlogit(1);
 INPUT ---       mlogit(1);
 INPUT ---       mlogit(1);
 INPUT ---       mlogit(1);

Program  MARK  - Survival Rate Estimation with Capture-Recapture Data
 gfortran(dble/PIM2) Vers. 11.1 Nov 2024  15-Feb-2026 11:47:59    Page  012
 - - - - - - - - - - - - - - - - - - - - - - - - - - - - - - - - - - - - - -
 
 INPUT ---       mlogit(1);
 INPUT ---       mlogit(1);
 INPUT ---       mlogit(1);
 INPUT ---       mlogit(1);
 INPUT ---       mlogit(1);
 INPUT ---       mlogit(1);
 INPUT ---       mlogit(1);
 INPUT ---       mlogit(1);
 INPUT ---       mlogit(1);
 INPUT ---       mlogit(1);
 INPUT ---       mlogit(1);
 INPUT ---       mlogit(1);
 INPUT ---       mlogit(1);
 INPUT ---       mlogit(1);
 INPUT ---       mlogit(1);
 INPUT ---       mlogit(1);
 INPUT ---       mlogit(2);
 INPUT ---       mlogit(2);
 INPUT ---       mlogit(2);
 INPUT ---       mlogit(2);
 INPUT ---       mlogit(2);
 INPUT ---       mlogit(2);
 INPUT ---       mlogit(2);
 INPUT ---       mlogit(2);
 INPUT ---       mlogit(2);
 INPUT ---       mlogit(2);
 INPUT ---       mlogit(2);
 INPUT ---       mlogit(2);
 INPUT ---       mlogit(2);
 INPUT ---       mlogit(2);
 INPUT ---       mlogit(2);
 INPUT ---       mlogit(2);
 INPUT ---       mlogit(2);
 INPUT ---       mlogit(2);
 INPUT ---       mlogit(2);
 INPUT ---       mlogit(2);
 INPUT ---       mlogit(2);
 INPUT ---       mlogit(2);
 INPUT ---       mlogit(3);
 INPUT ---       mlogit(3);
 INPUT ---       mlogit(3);
 INPUT ---       mlogit(3);
 INPUT ---       mlogit(3);
 INPUT ---       mlogit(3);
 INPUT ---       mlogit(3);
 INPUT ---       mlogit(3);

Program  MARK  - Survival Rate Estimation with Capture-Recapture Data
 gfortran(dble/PIM2) Vers. 11.1 Nov 2024  15-Feb-2026 11:47:59    Page  013
 - - - - - - - - - - - - - - - - - - - - - - - - - - - - - - - - - - - - - -
 
 INPUT ---       mlogit(3);
 INPUT ---       mlogit(3);
 INPUT ---       mlogit(3);
 INPUT ---       mlogit(3);
 INPUT ---       mlogit(3);
 INPUT ---       mlogit(3);
 INPUT ---       mlogit(3);
 INPUT ---       mlogit(3);
 INPUT ---       mlogit(3);
 INPUT ---       mlogit(3);
 INPUT ---       mlogit(3);
 INPUT ---       mlogit(3);
 INPUT ---       mlogit(3);
 INPUT ---       mlogit(3);
 INPUT ---       mlogit(4);
 INPUT ---       mlogit(4);
 INPUT ---       mlogit(4);
 INPUT ---       mlogit(4);
 INPUT ---       mlogit(4);
 INPUT ---       mlogit(4);
 INPUT ---       mlogit(4);
 INPUT ---       mlogit(4);
 INPUT ---       mlogit(4);
 INPUT ---       mlogit(4);
 INPUT ---       mlogit(4);
 INPUT ---       mlogit(4);
 INPUT ---       mlogit(4);
 INPUT ---       mlogit(4);
 INPUT ---       mlogit(4);
 INPUT ---       mlogit(4);
 INPUT ---       mlogit(4);
 INPUT ---       mlogit(4);
 INPUT ---       mlogit(4);
 INPUT ---       mlogit(4);
 INPUT ---       mlogit(4);
 INPUT ---       mlogit(4);
 INPUT ---       mlogit(5);
 INPUT ---       mlogit(5);
 INPUT ---       mlogit(5);
 INPUT ---       mlogit(5);
 INPUT ---       mlogit(5);
 INPUT ---       mlogit(5);
 INPUT ---       mlogit(5);
 INPUT ---       mlogit(5);
 INPUT ---       mlogit(5);
 INPUT ---       mlogit(5);

Program  MARK  - Survival Rate Estimation with Capture-Recapture Data
 gfortran(dble/PIM2) Vers. 11.1 Nov 2024  15-Feb-2026 11:47:59    Page  014
 - - - - - - - - - - - - - - - - - - - - - - - - - - - - - - - - - - - - - -
 
 INPUT ---       mlogit(5);
 INPUT ---       mlogit(5);
 INPUT ---       mlogit(5);
 INPUT ---       mlogit(5);
 INPUT ---       mlogit(5);
 INPUT ---       mlogit(5);
 INPUT ---       mlogit(5);
 INPUT ---       mlogit(5);
 INPUT ---       mlogit(5);
 INPUT ---       mlogit(5);
 INPUT ---       mlogit(5);
 INPUT ---       mlogit(5);
 INPUT ---       mlogit(6);
 INPUT ---       mlogit(6);
 INPUT ---       mlogit(6);
 INPUT ---       mlogit(6);
 INPUT ---       mlogit(6);
 INPUT ---       mlogit(6);
 INPUT ---       mlogit(6);
 INPUT ---       mlogit(6);
 INPUT ---       mlogit(6);
 INPUT ---       mlogit(6);
 INPUT ---       mlogit(6);
 INPUT ---       mlogit(6);
 INPUT ---       mlogit(6);
 INPUT ---       mlogit(6);
 INPUT ---       mlogit(6);
 INPUT ---       mlogit(6);
 INPUT ---       mlogit(6);
 INPUT ---       mlogit(6);
 INPUT ---       mlogit(6);
 INPUT ---       mlogit(6);
 INPUT ---       mlogit(6);
 INPUT ---       mlogit(6);
 INPUT ---       blabel(1)=Phi:(Intercept);
 INPUT ---       blabel(2)=Phi:Seasonhibernation;
 INPUT ---       blabel(3)=Phi:valleyS;
 INPUT ---       blabel(4)=Phi:altitude2;
 INPUT ---       blabel(5)=Phi:altitude3;
 INPUT ---       blabel(6)=Phi:Seasonhibernation:valleyS;
 INPUT ---       blabel(7)=p:(Intercept);
 INPUT ---       blabel(8)=p:time1.49277266754271;
 INPUT ---       blabel(9)=p:time2.01839684625493;
 INPUT ---       blabel(10)=p:time2.51116951379763;
 INPUT ---       blabel(11)=p:time3.00394218134034;
 INPUT ---       blabel(12)=p:time3.49671484888305;

Program  MARK  - Survival Rate Estimation with Capture-Recapture Data
 gfortran(dble/PIM2) Vers. 11.1 Nov 2024  15-Feb-2026 11:47:59    Page  015
 - - - - - - - - - - - - - - - - - - - - - - - - - - - - - - - - - - - - - -
 
 INPUT ---       blabel(13)=p:time4.02233902759527;
 INPUT ---       blabel(14)=p:time4.51511169513798;
 INPUT ---       blabel(15)=p:time5.0407358738502;
 INPUT ---       blabel(16)=p:time5.5335085413929;
 INPUT ---       blabel(17)=p:time6.35479632063075;
 INPUT ---       blabel(18)=p:time13.3193166885677;
 INPUT ---       blabel(19)=p:time14.3377135348226;
 INPUT ---       blabel(20)=p:time15.323258869908;
 INPUT ---       blabel(21)=p:time16.0131406044678;
 INPUT ---       blabel(22)=p:time16.5059132720105;
 INPUT ---       blabel(23)=p:time17.0315374507227;
 INPUT ---       blabel(24)=p:time17.5243101182654;
 INPUT ---       blabel(25)=p:time26.3613666228647;
 INPUT ---       blabel(26)=p:time27.3469119579501;
 INPUT ---       blabel(27)=p:time28.365308804205;
 INPUT ---       blabel(28)=p:time29.3837056504599;
 INPUT ---       blabel(29)=p:time30.3692509855453;
 INPUT ---       blabel(30)=pent:(Intercept);
 INPUT ---       blabel(31)=pent:time2.01839684625493;
 INPUT ---       blabel(32)=pent:time2.51116951379763;
 INPUT ---       blabel(33)=pent:time3.00394218134034;
 INPUT ---       blabel(34)=pent:time3.49671484888305;
 INPUT ---       blabel(35)=pent:time4.02233902759527;
 INPUT ---       blabel(36)=pent:time4.51511169513798;
 INPUT ---       blabel(37)=pent:time5.0407358738502;
 INPUT ---       blabel(38)=pent:time5.5335085413929;
 INPUT ---       blabel(39)=pent:time6.35479632063075;
 INPUT ---       blabel(40)=pent:time13.3193166885677;
 INPUT ---       blabel(41)=pent:time14.3377135348226;
 INPUT ---       blabel(42)=pent:time15.323258869908;
 INPUT ---       blabel(43)=pent:time16.0131406044678;
 INPUT ---       blabel(44)=pent:time16.5059132720105;
 INPUT ---       blabel(45)=pent:time17.0315374507227;
 INPUT ---       blabel(46)=pent:time17.5243101182654;
 INPUT ---       blabel(47)=pent:time26.3613666228647;
 INPUT ---       blabel(48)=pent:time27.3469119579501;
 INPUT ---       blabel(49)=pent:time28.365308804205;
 INPUT ---       blabel(50)=pent:time29.3837056504599;
 INPUT ---       blabel(51)=pent:time30.3692509855453;
 INPUT ---       blabel(52)=N:(Intercept);
 INPUT ---       blabel(53)=N:groupS1;
 INPUT ---       blabel(54)=N:groupR2;
 INPUT ---       blabel(55)=N:groupS2;
 INPUT ---       blabel(56)=N:groupR3;
 INPUT ---       blabel(57)=N:groupS3;
 INPUT ---       rlabel(1)=Phi gR1 a0 t1;

Program  MARK  - Survival Rate Estimation with Capture-Recapture Data
 gfortran(dble/PIM2) Vers. 11.1 Nov 2024  15-Feb-2026 11:47:59    Page  016
 - - - - - - - - - - - - - - - - - - - - - - - - - - - - - - - - - - - - - -
 
 INPUT ---       rlabel(2)=Phi gR1 a12.3193166885677 t13.3193166885677;
 INPUT ---       rlabel(3)=Phi gS1 a0 t1;
 INPUT ---       rlabel(4)=Phi gS1 a12.3193166885677 t13.3193166885677;
 INPUT ---       rlabel(5)=Phi gR2 a0 t1;
 INPUT ---       rlabel(6)=Phi gR2 a12.3193166885677 t13.3193166885677;
 INPUT ---       rlabel(7)=Phi gS2 a0 t1;
 INPUT ---       rlabel(8)=Phi gS2 a12.3193166885677 t13.3193166885677;
 INPUT ---       rlabel(9)=Phi gR3 a0 t1;
 INPUT ---       rlabel(10)=Phi gR3 a12.3193166885677 t13.3193166885677;
 INPUT ---       rlabel(11)=Phi gS3 a0 t1;
 INPUT ---       rlabel(12)=Phi gS3 a12.3193166885677 t13.3193166885677;
 INPUT ---       rlabel(13)=p gR1 a0 t1;
 INPUT ---       rlabel(14)=p gR1 a0.492772667542707 t1.49277266754271;
 INPUT ---       rlabel(15)=p gR1 a1.01839684625493 t2.01839684625493;
 INPUT ---       rlabel(16)=p gR1 a1.51116951379763 t2.51116951379763;
 INPUT ---       rlabel(17)=p gR1 a2.00394218134034 t3.00394218134034;
 INPUT ---       rlabel(18)=p gR1 a2.49671484888305 t3.49671484888305;
 INPUT ---       rlabel(19)=p gR1 a3.02233902759527 t4.02233902759527;
 INPUT ---       rlabel(20)=p gR1 a3.51511169513798 t4.51511169513798;
 INPUT ---       rlabel(21)=p gR1 a4.0407358738502 t5.0407358738502;
 INPUT ---       rlabel(22)=p gR1 a4.5335085413929 t5.5335085413929;
 INPUT ---       rlabel(23)=p gR1 a5.35479632063075 t6.35479632063075;
 INPUT ---       rlabel(24)=p gR1 a12.3193166885677 t13.3193166885677;
 INPUT ---       rlabel(25)=p gR1 a13.3377135348226 t14.3377135348226;
 INPUT ---       rlabel(26)=p gR1 a14.323258869908 t15.323258869908;
 INPUT ---       rlabel(27)=p gR1 a15.0131406044678 t16.0131406044678;
 INPUT ---       rlabel(28)=p gR1 a15.5059132720105 t16.5059132720105;
 INPUT ---       rlabel(29)=p gR1 a16.0315374507227 t17.0315374507227;
 INPUT ---       rlabel(30)=p gR1 a16.5243101182654 t17.5243101182654;
 INPUT ---       rlabel(31)=p gR1 a25.3613666228647 t26.3613666228647;
 INPUT ---       rlabel(32)=p gR1 a26.3469119579501 t27.3469119579501;
 INPUT ---       rlabel(33)=p gR1 a27.365308804205 t28.365308804205;
 INPUT ---       rlabel(34)=p gR1 a28.3837056504599 t29.3837056504599;
 INPUT ---       rlabel(35)=p gR1 a29.3692509855453 t30.3692509855453;
 INPUT ---       rlabel(36)=N gR1 a0 t1;
 INPUT ---       rlabel(37)=N gS1 a0 t1;
 INPUT ---       rlabel(38)=N gR2 a0 t1;
 INPUT ---       rlabel(39)=N gS2 a0 t1;
 INPUT ---       rlabel(40)=N gR3 a0 t1;
 INPUT ---       rlabel(41)=N gS3 a0 t1;
 INPUT ---       rlabel(42)=pent gR1 a0.492772667542707 t1.49277266754271;
 INPUT ---       rlabel(43)=pent gR1 a1.01839684625493 t2.01839684625493;
 INPUT ---       rlabel(44)=pent gR1 a1.51116951379763 t2.51116951379763;
 INPUT ---       rlabel(45)=pent gR1 a2.00394218134034 t3.00394218134034;
 INPUT ---       rlabel(46)=pent gR1 a2.49671484888305 t3.49671484888305;
 INPUT ---       rlabel(47)=pent gR1 a3.02233902759527 t4.02233902759527;

Program  MARK  - Survival Rate Estimation with Capture-Recapture Data
 gfortran(dble/PIM2) Vers. 11.1 Nov 2024  15-Feb-2026 11:47:59    Page  017
 - - - - - - - - - - - - - - - - - - - - - - - - - - - - - - - - - - - - - -
 
 INPUT ---       rlabel(48)=pent gR1 a3.51511169513798 t4.51511169513798;
 INPUT ---       rlabel(49)=pent gR1 a4.0407358738502 t5.0407358738502;
 INPUT ---       rlabel(50)=pent gR1 a4.5335085413929 t5.5335085413929;
 INPUT ---       rlabel(51)=pent gR1 a5.35479632063075 t6.35479632063075;
 INPUT ---       rlabel(52)=pent gR1 a12.3193166885677 t13.3193166885677;
 INPUT ---       rlabel(53)=pent gR1 a13.3377135348226 t14.3377135348226;
 INPUT ---       rlabel(54)=pent gR1 a14.323258869908 t15.323258869908;
 INPUT ---       rlabel(55)=pent gR1 a15.0131406044678 t16.0131406044678;
 INPUT ---       rlabel(56)=pent gR1 a15.5059132720105 t16.5059132720105;
 INPUT ---       rlabel(57)=pent gR1 a16.0315374507227 t17.0315374507227;
 INPUT ---       rlabel(58)=pent gR1 a16.5243101182654 t17.5243101182654;
 INPUT ---       rlabel(59)=pent gR1 a25.3613666228647 t26.3613666228647;
 INPUT ---       rlabel(60)=pent gR1 a26.3469119579501 t27.3469119579501;
 INPUT ---       rlabel(61)=pent gR1 a27.365308804205 t28.365308804205;
 INPUT ---       rlabel(62)=pent gR1 a28.3837056504599 t29.3837056504599;
 INPUT ---       rlabel(63)=pent gR1 a29.3692509855453 t30.3692509855453;
 INPUT ---       rlabel(64)=pent gS1 a0.492772667542707 t1.49277266754271;
 INPUT ---       rlabel(65)=pent gS1 a1.01839684625493 t2.01839684625493;
 INPUT ---       rlabel(66)=pent gS1 a1.51116951379763 t2.51116951379763;
 INPUT ---       rlabel(67)=pent gS1 a2.00394218134034 t3.00394218134034;
 INPUT ---       rlabel(68)=pent gS1 a2.49671484888305 t3.49671484888305;
 INPUT ---       rlabel(69)=pent gS1 a3.02233902759527 t4.02233902759527;
 INPUT ---       rlabel(70)=pent gS1 a3.51511169513798 t4.51511169513798;
 INPUT ---       rlabel(71)=pent gS1 a4.0407358738502 t5.0407358738502;
 INPUT ---       rlabel(72)=pent gS1 a4.5335085413929 t5.5335085413929;
 INPUT ---       rlabel(73)=pent gS1 a5.35479632063075 t6.35479632063075;
 INPUT ---       rlabel(74)=pent gS1 a12.3193166885677 t13.3193166885677;
 INPUT ---       rlabel(75)=pent gS1 a13.3377135348226 t14.3377135348226;
 INPUT ---       rlabel(76)=pent gS1 a14.323258869908 t15.323258869908;
 INPUT ---       rlabel(77)=pent gS1 a15.0131406044678 t16.0131406044678;
 INPUT ---       rlabel(78)=pent gS1 a15.5059132720105 t16.5059132720105;
 INPUT ---       rlabel(79)=pent gS1 a16.0315374507227 t17.0315374507227;
 INPUT ---       rlabel(80)=pent gS1 a16.5243101182654 t17.5243101182654;
 INPUT ---       rlabel(81)=pent gS1 a25.3613666228647 t26.3613666228647;
 INPUT ---       rlabel(82)=pent gS1 a26.3469119579501 t27.3469119579501;
 INPUT ---       rlabel(83)=pent gS1 a27.365308804205 t28.365308804205;
 INPUT ---       rlabel(84)=pent gS1 a28.3837056504599 t29.3837056504599;
 INPUT ---       rlabel(85)=pent gS1 a29.3692509855453 t30.3692509855453;
 INPUT ---       rlabel(86)=pent gR2 a0.492772667542707 t1.49277266754271;
 INPUT ---       rlabel(87)=pent gR2 a1.01839684625493 t2.01839684625493;
 INPUT ---       rlabel(88)=pent gR2 a1.51116951379763 t2.51116951379763;
 INPUT ---       rlabel(89)=pent gR2 a2.00394218134034 t3.00394218134034;
 INPUT ---       rlabel(90)=pent gR2 a2.49671484888305 t3.49671484888305;
 INPUT ---       rlabel(91)=pent gR2 a3.02233902759527 t4.02233902759527;
 INPUT ---       rlabel(92)=pent gR2 a3.51511169513798 t4.51511169513798;
 INPUT ---       rlabel(93)=pent gR2 a4.0407358738502 t5.0407358738502;

Program  MARK  - Survival Rate Estimation with Capture-Recapture Data
 gfortran(dble/PIM2) Vers. 11.1 Nov 2024  15-Feb-2026 11:47:59    Page  018
 - - - - - - - - - - - - - - - - - - - - - - - - - - - - - - - - - - - - - -
 
 INPUT ---       rlabel(94)=pent gR2 a4.5335085413929 t5.5335085413929;
 INPUT ---       rlabel(95)=pent gR2 a5.35479632063075 t6.35479632063075;
 INPUT ---       rlabel(96)=pent gR2 a12.3193166885677 t13.3193166885677;
 INPUT ---       rlabel(97)=pent gR2 a13.3377135348226 t14.3377135348226;
 INPUT ---       rlabel(98)=pent gR2 a14.323258869908 t15.323258869908;
 INPUT ---       rlabel(99)=pent gR2 a15.0131406044678 t16.0131406044678;
 INPUT ---       rlabel(100)=pent gR2 a15.5059132720105 t16.5059132720105;
 INPUT ---       rlabel(101)=pent gR2 a16.0315374507227 t17.0315374507227;
 INPUT ---       rlabel(102)=pent gR2 a16.5243101182654 t17.5243101182654;
 INPUT ---       rlabel(103)=pent gR2 a25.3613666228647 t26.3613666228647;
 INPUT ---       rlabel(104)=pent gR2 a26.3469119579501 t27.3469119579501;
 INPUT ---       rlabel(105)=pent gR2 a27.365308804205 t28.365308804205;
 INPUT ---       rlabel(106)=pent gR2 a28.3837056504599 t29.3837056504599;
 INPUT ---       rlabel(107)=pent gR2 a29.3692509855453 t30.3692509855453;
 INPUT ---       rlabel(108)=pent gS2 a0.492772667542707 t1.49277266754271;
 INPUT ---       rlabel(109)=pent gS2 a1.01839684625493 t2.01839684625493;
 INPUT ---       rlabel(110)=pent gS2 a1.51116951379763 t2.51116951379763;
 INPUT ---       rlabel(111)=pent gS2 a2.00394218134034 t3.00394218134034;
 INPUT ---       rlabel(112)=pent gS2 a2.49671484888305 t3.49671484888305;
 INPUT ---       rlabel(113)=pent gS2 a3.02233902759527 t4.02233902759527;
 INPUT ---       rlabel(114)=pent gS2 a3.51511169513798 t4.51511169513798;
 INPUT ---       rlabel(115)=pent gS2 a4.0407358738502 t5.0407358738502;
 INPUT ---       rlabel(116)=pent gS2 a4.5335085413929 t5.5335085413929;
 INPUT ---       rlabel(117)=pent gS2 a5.35479632063075 t6.35479632063075;
 INPUT ---       rlabel(118)=pent gS2 a12.3193166885677 t13.3193166885677;
 INPUT ---       rlabel(119)=pent gS2 a13.3377135348226 t14.3377135348226;
 INPUT ---       rlabel(120)=pent gS2 a14.323258869908 t15.323258869908;
 INPUT ---       rlabel(121)=pent gS2 a15.0131406044678 t16.0131406044678;
 INPUT ---       rlabel(122)=pent gS2 a15.5059132720105 t16.5059132720105;
 INPUT ---       rlabel(123)=pent gS2 a16.0315374507227 t17.0315374507227;
 INPUT ---       rlabel(124)=pent gS2 a16.5243101182654 t17.5243101182654;
 INPUT ---       rlabel(125)=pent gS2 a25.3613666228647 t26.3613666228647;
 INPUT ---       rlabel(126)=pent gS2 a26.3469119579501 t27.3469119579501;
 INPUT ---       rlabel(127)=pent gS2 a27.365308804205 t28.365308804205;
 INPUT ---       rlabel(128)=pent gS2 a28.3837056504599 t29.3837056504599;
 INPUT ---       rlabel(129)=pent gS2 a29.3692509855453 t30.3692509855453;
 INPUT ---       rlabel(130)=pent gR3 a0.492772667542707 t1.49277266754271;
 INPUT ---       rlabel(131)=pent gR3 a1.01839684625493 t2.01839684625493;
 INPUT ---       rlabel(132)=pent gR3 a1.51116951379763 t2.51116951379763;
 INPUT ---       rlabel(133)=pent gR3 a2.00394218134034 t3.00394218134034;
 INPUT ---       rlabel(134)=pent gR3 a2.49671484888305 t3.49671484888305;
 INPUT ---       rlabel(135)=pent gR3 a3.02233902759527 t4.02233902759527;
 INPUT ---       rlabel(136)=pent gR3 a3.51511169513798 t4.51511169513798;
 INPUT ---       rlabel(137)=pent gR3 a4.0407358738502 t5.0407358738502;
 INPUT ---       rlabel(138)=pent gR3 a4.5335085413929 t5.5335085413929;
 INPUT ---       rlabel(139)=pent gR3 a5.35479632063075 t6.35479632063075;

Program  MARK  - Survival Rate Estimation with Capture-Recapture Data
 gfortran(dble/PIM2) Vers. 11.1 Nov 2024  15-Feb-2026 11:47:59    Page  019
 - - - - - - - - - - - - - - - - - - - - - - - - - - - - - - - - - - - - - -
 
 INPUT ---       rlabel(140)=pent gR3 a12.3193166885677 t13.3193166885677;
 INPUT ---       rlabel(141)=pent gR3 a13.3377135348226 t14.3377135348226;
 INPUT ---       rlabel(142)=pent gR3 a14.323258869908 t15.323258869908;
 INPUT ---       rlabel(143)=pent gR3 a15.0131406044678 t16.0131406044678;
 INPUT ---       rlabel(144)=pent gR3 a15.5059132720105 t16.5059132720105;
 INPUT ---       rlabel(145)=pent gR3 a16.0315374507227 t17.0315374507227;
 INPUT ---       rlabel(146)=pent gR3 a16.5243101182654 t17.5243101182654;
 INPUT ---       rlabel(147)=pent gR3 a25.3613666228647 t26.3613666228647;
 INPUT ---       rlabel(148)=pent gR3 a26.3469119579501 t27.3469119579501;
 INPUT ---       rlabel(149)=pent gR3 a27.365308804205 t28.365308804205;
 INPUT ---       rlabel(150)=pent gR3 a28.3837056504599 t29.3837056504599;
 INPUT ---       rlabel(151)=pent gR3 a29.3692509855453 t30.3692509855453;
 INPUT ---       rlabel(152)=pent gS3 a0.492772667542707 t1.49277266754271;
 INPUT ---       rlabel(153)=pent gS3 a1.01839684625493 t2.01839684625493;
 INPUT ---       rlabel(154)=pent gS3 a1.51116951379763 t2.51116951379763;
 INPUT ---       rlabel(155)=pent gS3 a2.00394218134034 t3.00394218134034;
 INPUT ---       rlabel(156)=pent gS3 a2.49671484888305 t3.49671484888305;
 INPUT ---       rlabel(157)=pent gS3 a3.02233902759527 t4.02233902759527;
 INPUT ---       rlabel(158)=pent gS3 a3.51511169513798 t4.51511169513798;
 INPUT ---       rlabel(159)=pent gS3 a4.0407358738502 t5.0407358738502;
 INPUT ---       rlabel(160)=pent gS3 a4.5335085413929 t5.5335085413929;
 INPUT ---       rlabel(161)=pent gS3 a5.35479632063075 t6.35479632063075;
 INPUT ---       rlabel(162)=pent gS3 a12.3193166885677 t13.3193166885677;
 INPUT ---       rlabel(163)=pent gS3 a13.3377135348226 t14.3377135348226;
 INPUT ---       rlabel(164)=pent gS3 a14.323258869908 t15.323258869908;
 INPUT ---       rlabel(165)=pent gS3 a15.0131406044678 t16.0131406044678;
 INPUT ---       rlabel(166)=pent gS3 a15.5059132720105 t16.5059132720105;
 INPUT ---       rlabel(167)=pent gS3 a16.0315374507227 t17.0315374507227;
 INPUT ---       rlabel(168)=pent gS3 a16.5243101182654 t17.5243101182654;
 INPUT ---       rlabel(169)=pent gS3 a25.3613666228647 t26.3613666228647;
 INPUT ---       rlabel(170)=pent gS3 a26.3469119579501 t27.3469119579501;
 INPUT ---       rlabel(171)=pent gS3 a27.365308804205 t28.365308804205;
 INPUT ---       rlabel(172)=pent gS3 a28.3837056504599 t29.3837056504599;
 INPUT ---       rlabel(173)=pent gS3 a29.3692509855453 t30.3692509855453;
   Model is { full }

 Link Function Used is PARM-SPECIFIC

 Variance Estimation Procedure Used is 2ndPart 

 M(t+1):
      12      5     14      4     74     23

 Group 1 = valleyR.altitude1

 U(t)+UL(t):
       2    0    0    0    1    0    1    0    1    1    1    3    0    0    0
       0    2    0    0    0    0    0    0

 U(t):
       2    0    0    0    1    0    1    0    1    1    1    3    0    0    0
       0    2    0    0    0    0    0    0

 UL(t):
       0    0    0    0    0    0    0    0    0    0    0    0    0    0    0
       0    0    0    0    0    0    0    0

 Not Released(t):
       0    0    0    0    0    0    0    0    0    0    0    0    0    0    0
       0    0    0    0    0    0    0    0

 Group 2 = valleyS.altitude1

 U(t)+UL(t):
       0    0    0    1    1    0    2    0    0    0    0    0    0    0    1
       0    0    0    0    0    0    0    0

 U(t):
       0    0    0    1    1    0    2    0    0    0    0    0    0    0    1
       0    0    0    0    0    0    0    0

 UL(t):
       0    0    0    0    0    0    0    0    0    0    0    0    0    0    0
       0    0    0    0    0    0    0    0

 Not Released(t):
       0    0    0    0    0    0    0    0    0    0    0    0    0    0    0
       0    0    0    0    0    0    0    0

 Group 3 = valleyR.altitude2

 U(t)+UL(t):
       2    0    0    0    1    0    1    0    0    0    1    1    0    1    0
       0    0    2    3    0    0    0    2

 U(t):
       2    0    0    0    1    0    1    0    0    0    1    1    0    1    0
       0    0    2    3    0    0    0    2

 UL(t):
       0    0    0    0    0    0    0    0    0    0    0    0    0    0    0
       0    0    0    0    0    0    0    0

 Not Released(t):
       0    0    0    0    0    0    0    0    0    0    0    0    0    0    0
       0    0    0    0    0    0    0    0

 Group 4 = valleyS.altitude2

 U(t)+UL(t):
       0    0    0    1    0    1    0    0    0    0    0    2    0    0    0
       0    0    0    0    0    0    0    0

 U(t):
       0    0    0    1    0    1    0    0    0    0    0    2    0    0    0
       0    0    0    0    0    0    0    0

 UL(t):
       0    0    0    0    0    0    0    0    0    0    0    0    0    0    0
       0    0    0    0    0    0    0    0

 Not Released(t):
       0    0    0    0    0    0    0    0    0    0    0    0    0    0    0
       0    0    0    0    0    0    0    0

 Group 5 = valleyR.altitude3

 U(t)+UL(t):
       3    6    2    2    1    0    4    1    3    0    0    9    2    0    5
       6    2    2   10    1    9    6    0

 U(t):
       3    6    2    2    1    0    4    1    3    0    0    9    2    0    5
       6    2    2   10    1    9    6    0

 UL(t):
       0    0    0    0    0    0    0    0    0    0    0    0    0    0    0
       0    0    0    0    0    0    0    0

 Not Released(t):
       0    0    0    0    0    0    0    0    0    0    0    0    0    0    0
       0    0    0    0    0    0    0    0

 Group 6 = valleyS.altitude3

 U(t)+UL(t):
       0    1    1    0    0    1    1    2    3    4    0    1    3    0    1
       1    1    0    0    2    1    0    0

 U(t):
       0    1    1    0    0    1    1    2    3    4    0    1    3    0    1
       1    1    0    0    2    1    0    0

 UL(t):
       0    0    0    0    0    0    0    0    0    0    0    0    0    0    0
       0    0    0    0    0    0    0    0

 Not Released(t):
       0    0    0    0    0    0    0    0    0    0    0    0    0    0    0
       0    0    0    0    0    0    0    0


 -2logL(saturated) = 760.43885     
 Effective Sample Size = 224

 Number of function evaluations was 102 for 57 parameters.
 For numerical optimization, CPU Time was 1.312 secs and System Time was 0.609 secs.
 -2logL { full } = 831.09914     
 Penalty { full } = 0.0000000     

Program  MARK  - Survival Rate Estimation with Capture-Recapture Data
 gfortran(dble/PIM2) Vers. 11.1 Nov 2024  15-Feb-2026 11:48:00    Page  020
 - - - - - - - - - - - - - - - - - - - - - - - - - - - - - - - - - - - - - -
 
 Gradient { full }:
  9.68324E-05  4.84431E-05  4.34167E-05  2.11116E-05  6.42281E-05
 -5.73422E-06  1.12196E-04  2.47192E-05  1.17236E-05  1.50164E-05
  1.11646E-05 -2.38417E-05 -1.99278E-05  3.45502E-05  2.83873E-05
  2.12702E-05  2.00680E-05  7.32374E-05   0.0000     -2.41174E-05
  1.43681E-05  1.51736E-05  2.37127E-05  1.65387E-05  1.86369E-05
  1.91911E-05  1.21670E-05  4.01773E-05  8.29841E-06  2.54808E-05
  1.14497E-05 -6.97175E-06  3.16613E-05  1.80091E-06 -2.94545E-06
   0.0000      1.25417E-05  1.34427E-05  1.72265E-05  2.24298E-05
   0.0000       0.0000      1.85037E-05 -3.57881E-06  1.49375E-06
 -9.82650E-06   0.0000       0.0000       0.0000     -1.76737E-05
  2.20089E-06  1.46758E-04   0.0000       0.0000      1.56278E-05
  6.45802E-05  4.46921E-05
 Maximum ABS(G) { full } =  1.46758E-04
 To compute VC matrix, CPU Time was 1.062 secs and System Time was 0.516 secs.
 S Vector { full }:
   284.8155      78.40426      53.30408      36.91050      23.59653    
   21.19462      18.55327      14.37320      12.30630      11.90026    
   11.48151      10.45966      9.797803      9.728480      8.724961    
   8.235299      7.977880      7.415573      7.110005      6.648491    
   6.268728      6.100111      5.954857      5.761105      5.582744    
   4.508830      3.630821      3.487150      3.299130      3.183991    
   2.550290      2.422047      2.166181      1.585364      1.357317    
   1.117694     0.8601567     0.7221022     0.4313880     0.3901337    
  0.3105584     0.1559763     0.9443278E-01 0.8135804E-01 0.1970872E-04
  0.3192504E-05 0.1087466E-05 0.8912813E-06 0.5518301E-06 0.4057765E-06
  0.2179137E-06 0.2126433E-06 0.1725973E-06 0.1468773E-06 0.1086397E-06
  0.9403850E-07 0.2505813E-07
 To invert VC matrix, CPU Time was 0.001 secs and System Time was 0.001 secs.
 Ratio Threshold = 50.00 Max Gap (44/45) = 4128. Next Max Gap (45/46) = 6.173
 Gap Method for Num. of Estimated Parameters { full } = 44          
 Threshold { full } = 0.2935150E-03           
 Numerical Threshold Method for Num. of Estimated Parameters { full } = 44          
 Number of Estimated Parameters { full } = 44          
 DEVIANCE { full } = 70.660289               
 DEVIANCE Degrees of Freedom { full } = 40          
 c-hat { full } = 1.7665072               
 AIC { full } = 919.09914               
 AICc { full } = 941.22205               
 BIC { full } = 1069.2116               
 Pearson Chisquare { full } = 5884508.2               
 Possible Encounter Histories { full } = 50331642          
 Pearson Chisquare df { full } = 50331592          
 Pearson chat { full } = 0.1169148               

Program  MARK  - Survival Rate Estimation with Capture-Recapture Data
 gfortran(dble/PIM2) Vers. 11.1 Nov 2024  15-Feb-2026 11:48:00    Page  021
 - - - - - - - - - - - - - - - - - - - - - - - - - - - - - - - - - - - - - -
 
 Sum(Observed/Expected) { full } = 5884562.4               
 s-bar { full } = -0.8830843              
 Fletcher chat { full } = 0.9999927               


                    PARM-SPECIFIC Link Function Parameters of { full }
                                                              95% Confidence Interval
    Parameter                  Beta         Standard Error     Lower           Upper
 -------------------------  --------------  --------------  --------------  --------------
    1:Phi:(Intercept)        2.3091673       0.5624227       1.2068188       3.4115157    
    2:Phi:Seasonhibernatio  -3.0947890       0.9273379      -4.9123713      -1.2772068    
    3:Phi:valleyS           -1.1087000       0.5854305      -2.2561439       0.0387439    
    4:Phi:altitude2          0.4455363       0.5268621      -0.5871133       1.4781859    
    5:Phi:altitude3          0.9005740       0.4246412       0.0682772       1.7328707    
    6:Phi:Seasonhibernatio   1.6610051       1.4719517      -1.2240202       4.5460305    
    7:p:(Intercept)         -1.3120105       0.5894577      -2.4673477      -0.1566734    
    8:p:time1.492772667542   0.2345683       0.5935593      -0.9288079       1.3979445    
    9:p:time2.018396846254  -0.3015447       0.6531630      -1.5817441       0.9786547    
   10:p:time2.511169513797  -0.0161422       0.7407021      -1.4679184       1.4356340    
   11:p:time3.003942181340   0.3667120       0.7278085      -1.0597927       1.7932167    
   12:p:time3.496714848883   0.2800090       0.7403232      -1.1710246       1.7310426    
   13:p:time4.022339027595   0.5314042       0.7114416      -0.8630215       1.9258298    
   14:p:time4.515111695137  -0.3249252       0.7360378      -1.7675593       1.1177089    
   15:p:time5.040735873850  -0.6125638       0.7905756      -2.1620920       0.9369644    
   16:p:time5.533508541392  -1.1521392       0.8358974      -2.7904982       0.4862198    
   17:p:time6.354796320630  -2.8017687       1.0413841      -4.8428815      -0.7606560    
   18:p:time13.31931668856  -0.0417347       0.7042457      -1.4220562       1.3385869    
   19:p:time14.33771353482  -0.2119552       0.7451346      -1.6724189       1.2485086    
   20:p:time15.32325886990  -0.2653741       0.7539905      -1.7431956       1.2124474    
   21:p:time16.01314060446   0.0619928       0.6875640      -1.2856326       1.4096182    
   22:p:time16.50591327201   0.0056152       0.6927543      -1.3521833       1.3634137    
   23:p:time17.03153745072   0.9304559       0.6885517      -0.4191054       2.2800173    
   24:p:time17.52431011826  -2.6904501       0.8227327      -4.3030062      -1.0778941    
   25:p:time26.36136662286  -0.6374850       0.7558406      -2.1189327       0.8439626    
   26:p:time27.34691195795  -0.5901925       0.8138993      -2.1854351       1.0050501    
   27:p:time28.36530880420   0.2541134       0.8248584      -1.3626091       1.8708359    
   28:p:time29.38370565045  -2.0382932       1.0799865      -4.1550667       0.0784804    
   29:p:time30.36925098554  -2.6775224       1.1421154      -4.9160685      -0.4389762    
   30:pent:(Intercept)      -9.7790119       0.0000000      -9.7790119      -9.7790119    
   31:pent:time2.018396846  -4.3307067       836.18594      -1643.2552       1634.5938    
   32:pent:time2.511169513   7.7546409       0.0000000       7.7546409       7.7546409    
   33:pent:time3.003942181  -0.4458127       199.06891      -390.62089       389.72926    
   34:pent:time3.496714848  -7.4728182       0.0000000      -7.4728182      -7.4728182    
   35:pent:time4.022339027   9.3609296       0.0000000       9.3609296       9.3609296    
   36:pent:time4.515111695  -9.9299218       1339.2277      -2634.8162       2614.9563    
   37:pent:time5.040735873   9.9498415       0.0000000       9.9498415       9.9498415    

Program  MARK  - Survival Rate Estimation with Capture-Recapture Data
 gfortran(dble/PIM2) Vers. 11.1 Nov 2024  15-Feb-2026 11:48:00    Page  022
 - - - - - - - - - - - - - - - - - - - - - - - - - - - - - - - - - - - - - -
 
   38:pent:time5.533508541   9.2159201       0.0000000       9.2159201       9.2159201    
   39:pent:time6.354796320   9.6292632       0.0000000       9.6292632       9.6292632    
   40:pent:time13.31931668   9.2043841       0.0000000       9.2043841       9.2043841    
   41:pent:time14.33771353  -13.766240       0.0000000      -13.766240      -13.766240    
   42:pent:time15.32325886  -14.543074       1742.3384      -3429.5264       3400.4402    
   43:pent:time16.01314060   8.8956227       0.0000000       8.8956227       8.8956227    
   44:pent:time16.50591327  -7.5273000       0.0000000      -7.5273000      -7.5273000    
   45:pent:time17.03153745  -9.2150808       1579.3896      -3104.8187       3086.3886    
   46:pent:time17.52431011   11.422563       0.0000000       11.422563       11.422563    
   47:pent:time26.36136662  -11.632447       1715.8761      -3374.7496       3351.4847    
   48:pent:time27.34691195  -13.507523       0.0000000      -13.507523      -13.507523    
   49:pent:time28.36530880  -13.106689       2291.3175      -4504.0891       4477.8757    
   50:pent:time29.38370565   11.087061       0.0000000       11.087061       11.087061    
   51:pent:time30.36925098  -5.9330042       880.41723      -1731.5508       1719.6848    
   52:N:(Intercept)          3.6787756       0.5528091       2.5952697       4.7622814    
   53:N:groupS1             -0.4789444       0.6359754      -1.7254563       0.7675674    
   54:N:groupR2             -0.0795691       0.5418721      -1.1416385       0.9825003    
   55:N:groupS2             -0.9527778       0.7459187      -2.4147785       0.5092230    
   56:N:groupR3              1.3627674       0.4295752       0.5207999       2.2047349    
   57:N:groupS3              0.5363902       0.4930001      -0.4298901       1.5026704    


                           Real Function Parameters of { full }
                                                               95% Confidence Interval
     Parameter                Estimate       Standard Error     Lower           Upper
 --------------------------  --------------  --------------  --------------  --------------
     1:Phi gR1 a0 t1          0.9096334       0.0462314       0.7697356       0.9680625       
     2:Phi gR1 a12.31931668   0.3131095       0.1409558       0.1120287       0.6222104       
     3:Phi gS1 a0 t1          0.7686079       0.0958998       0.5358384       0.9052813       
     4:Phi gS1 a12.31931668   0.4419340       0.3041921       0.0659406       0.8988174       
     5:Phi gR2 a0 t1          0.9401784       0.0338136       0.8286854       0.9807927       
     6:Phi gR2 a12.31931668   0.4157887       0.1573773       0.1665963       0.7170294       
     7:Phi gS2 a0 t1          0.8383502       0.0714133       0.6486614       0.9357668       
     8:Phi gS2 a12.31931668   0.5528567       0.3009336       0.1021314       0.9307459       
     9:Phi gR3 a0 t1          0.9611992       0.0213056       0.8899327       0.9869963       
    10:Phi gR3 a12.31931668   0.5287064       0.1308747       0.2860801       0.7584872       
    11:Phi gS3 a0 t1          0.8910043       0.0422423       0.7770402       0.9504325       
    12:Phi gS3 a12.31931668   0.6608888       0.2555831       0.1725090       0.9479681       
    13:p gR1 a0 t1            0.2121506       0.0985236       0.0781792       0.4609116       
    14:p gR1 a0.49277266754   0.2539903       0.1134341       0.0952787       0.5239657       
    15:p gR1 a1.01839684625   0.1660956       0.0872022       0.0548087       0.4062300       
    16:p gR1 a1.51116951379   0.2094651       0.0774526       0.0957885       0.3985800       
    17:p gR1 a2.00394218134   0.2798313       0.0906740       0.1385751       0.4841500       
    18:p gR1 a2.49671484888   0.2626962       0.0913205       0.1238884       0.4730535       
    19:p gR1 a3.02233902759   0.3141892       0.0880885       0.1705297       0.5051660       
    20:p gR1 a3.51511169513   0.1628824       0.0612968       0.0746023       0.3195547       
    21:p gR1 a4.04073587385   0.1273523       0.0592037       0.0488594       0.2930878       

Program  MARK  - Survival Rate Estimation with Capture-Recapture Data
 gfortran(dble/PIM2) Vers. 11.1 Nov 2024  15-Feb-2026 11:48:00    Page  023
 - - - - - - - - - - - - - - - - - - - - - - - - - - - - - - - - - - - - - -
 
    22:p gR1 a4.53350854139   0.0784099       0.0431455       0.0257205       0.2151954       
    23:p gR1 a5.35479632063   0.0160830       0.0138858       0.0029188       0.0836401       
    24:p gR1 a12.3193166885   0.2052588       0.0635763       0.1073957       0.3566654       
    25:p gR1 a13.3377135348   0.1788783       0.0666117       0.0821986       0.3463576       
    26:p gR1 a14.3232588699   0.1711662       0.0665531       0.0760787       0.3412090       
    27:p gR1 a15.0131406044   0.2226971       0.0611898       0.1253347       0.3641997       
    28:p gR1 a15.5059132720   0.2130907       0.0610493       0.1171206       0.3559911       
    29:p gR1 a16.0315374507   0.4057520       0.0860344       0.2533332       0.5787890       
    30:p gR1 a16.5243101182   0.0179428       0.0100602       0.0059318       0.0529778       
    31:p gR1 a25.3613666228   0.1246084       0.0513186       0.0535753       0.2635906       
    32:p gR1 a26.3469119579   0.1298593       0.0628774       0.0477495       0.3075609       
    33:p gR1 a27.3653088042   0.2577115       0.1092367       0.1018236       0.5153277       
    34:p gR1 a28.3837056504   0.0338852       0.0297371       0.0058777       0.1722288       
    35:p gR1 a29.3692509855   0.0181720       0.0175160       0.0026948       0.1125137       
    36:N gR1 a0 t1            51.597879       21.890068       26.391625       120.95170       
    37:N gS1 a0 t1            29.528388       16.545713       12.385709       86.460271       
    38:N gR2 a0 t1            50.569204       21.183514       26.741978       118.95283       
    39:N gS2 a0 t1            19.271644       11.496218       8.1070756       60.785689       
    40:N gR3 a0 t1            228.70854       73.827101       137.67359       449.89734       
    41:N gS3 a0 t1            90.705385       33.439928       50.097349       192.16854       
    42:pent gR1 a0.49277266   0.3972234E-05   0.0000000       0.3972234E-05   0.3972234E-05   
    43:pent gR1 a1.01839684   0.5226763E-07   0.4306222E-04  0.2907484E-315   1.0000000       
    44:pent gR1 a1.51116951   0.0092647       0.0222620       0.8060166E-04   0.5203499       
    45:pent gR1 a2.00394218   0.2543436E-05   0.4945734E-03  0.7675028E-171   1.0000000       
    46:pent gR1 a2.49671484   0.2257518E-08   0.0000000       0.2257518E-08   0.2257518E-08   
    47:pent gR1 a3.02233902   0.0461780       0.0269911       0.0143570       0.1386093       
    48:pent gR1 a3.51511169   0.1934304E-09   0.2554733E-06  -0.5005342E-06   0.5009211E-06   
    49:pent gR1 a4.04073587   0.0832139       0.0744682       0.0132206       0.3807777       
    50:pent gR1 a4.53350854   0.0399446       0.1119393       0.1362806E-03   0.9270114       
    51:pent gR1 a5.35479632   0.0603908       0.1588869       0.2657254E-03   0.9395467       
    52:pent gR1 a12.3193166   0.0394864       0.0818997       0.5964534E-03   0.7390221       
    53:pent gR1 a13.3377135   0.4172850E-11   0.0000000       0.4172850E-11   0.4172850E-11   
    54:pent gR1 a14.3232588   0.1918926E-11   0.3319817E-08  -0.6504922E-08   0.6508760E-08   
    55:pent gR1 a15.0131406   0.0289971       0.0245399       0.0053815       0.1415014       
    56:pent gR1 a15.5059132   0.2137815E-08   0.0000000       0.2137815E-08   0.2137815E-08   
    57:pent gR1 a16.0315374   0.3953449E-09   0.6138087E-06  -0.1202670E-05   0.1203460E-05   
    58:pent gR1 a16.5243101   0.3629032       0.1462874       0.1414967       0.6631455       
    59:pent gR1 a25.3613666   0.3524741E-10   0.5957554E-07  -0.1167328E-06   0.1168033E-06   
    60:pent gR1 a26.3469119   0.5404955E-11   0.0000000       0.5404955E-11   0.5404955E-11   
    61:pent gR1 a27.3653088   0.8069976E-11   0.1855744E-07  -0.3636452E-07   0.3638066E-07   
    62:pent gR1 a28.3837056   0.2594681       0.2269418       0.0334497       0.7800953       
    63:pent gR1 a29.3692509   0.1052844E-07   0.9050380E-05  -0.1772822E-04   0.1774927E-04   
    64:pent gS1 a0.49277266   0.3972234E-05   0.0000000       0.3972234E-05   0.3972234E-05   
    65:pent gS1 a1.01839684   0.5226763E-07   0.4306222E-04  0.2907484E-315   1.0000000       
    66:pent gS1 a1.51116951   0.0092647       0.0222620       0.8060166E-04   0.5203499       
    67:pent gS1 a2.00394218   0.2543436E-05   0.4945734E-03  0.7675028E-171   1.0000000       

Program  MARK  - Survival Rate Estimation with Capture-Recapture Data
 gfortran(dble/PIM2) Vers. 11.1 Nov 2024  15-Feb-2026 11:48:00    Page  024
 - - - - - - - - - - - - - - - - - - - - - - - - - - - - - - - - - - - - - -
 
    68:pent gS1 a2.49671484   0.2257518E-08   0.0000000       0.2257518E-08   0.2257518E-08   
    69:pent gS1 a3.02233902   0.0461780       0.0269911       0.0143570       0.1386093       
    70:pent gS1 a3.51511169   0.1934304E-09   0.2554733E-06  -0.5005342E-06   0.5009211E-06   
    71:pent gS1 a4.04073587   0.0832139       0.0744682       0.0132206       0.3807777       
    72:pent gS1 a4.53350854   0.0399446       0.1119393       0.1362806E-03   0.9270114       
    73:pent gS1 a5.35479632   0.0603908       0.1588869       0.2657254E-03   0.9395467       
    74:pent gS1 a12.3193166   0.0394864       0.0818997       0.5964534E-03   0.7390221       
    75:pent gS1 a13.3377135   0.4172850E-11   0.0000000       0.4172850E-11   0.4172850E-11   
    76:pent gS1 a14.3232588   0.1918926E-11   0.3319817E-08  -0.6504922E-08   0.6508760E-08   
    77:pent gS1 a15.0131406   0.0289971       0.0245399       0.0053815       0.1415014       
    78:pent gS1 a15.5059132   0.2137815E-08   0.0000000       0.2137815E-08   0.2137815E-08   
    79:pent gS1 a16.0315374   0.3953449E-09   0.6138087E-06  -0.1202670E-05   0.1203460E-05   
    80:pent gS1 a16.5243101   0.3629032       0.1462874       0.1414967       0.6631455       
    81:pent gS1 a25.3613666   0.3524741E-10   0.5957554E-07  -0.1167328E-06   0.1168033E-06   
    82:pent gS1 a26.3469119   0.5404955E-11   0.0000000       0.5404955E-11   0.5404955E-11   
    83:pent gS1 a27.3653088   0.8069976E-11   0.1855744E-07  -0.3636452E-07   0.3638066E-07   
    84:pent gS1 a28.3837056   0.2594681       0.2269418       0.0334497       0.7800953       
    85:pent gS1 a29.3692509   0.1052844E-07   0.9050380E-05  -0.1772822E-04   0.1774927E-04   
    86:pent gR2 a0.49277266   0.3972234E-05   0.0000000       0.3972234E-05   0.3972234E-05   
    87:pent gR2 a1.01839684   0.5226763E-07   0.4306222E-04  0.2907484E-315   1.0000000       
    88:pent gR2 a1.51116951   0.0092647       0.0222620       0.8060166E-04   0.5203499       
    89:pent gR2 a2.00394218   0.2543436E-05   0.4945734E-03  0.7675028E-171   1.0000000       
    90:pent gR2 a2.49671484   0.2257518E-08   0.0000000       0.2257518E-08   0.2257518E-08   
    91:pent gR2 a3.02233902   0.0461780       0.0269911       0.0143570       0.1386093       
    92:pent gR2 a3.51511169   0.1934304E-09   0.2554733E-06  -0.5005342E-06   0.5009211E-06   
    93:pent gR2 a4.04073587   0.0832139       0.0744682       0.0132206       0.3807777       
    94:pent gR2 a4.53350854   0.0399446       0.1119393       0.1362806E-03   0.9270114       
    95:pent gR2 a5.35479632   0.0603908       0.1588869       0.2657254E-03   0.9395467       
    96:pent gR2 a12.3193166   0.0394864       0.0818997       0.5964534E-03   0.7390221       
    97:pent gR2 a13.3377135   0.4172850E-11   0.0000000       0.4172850E-11   0.4172850E-11   
    98:pent gR2 a14.3232588   0.1918926E-11   0.3319817E-08  -0.6504922E-08   0.6508760E-08   
    99:pent gR2 a15.0131406   0.0289971       0.0245399       0.0053815       0.1415014       
   100:pent gR2 a15.5059132   0.2137815E-08   0.0000000       0.2137815E-08   0.2137815E-08   
   101:pent gR2 a16.0315374   0.3953449E-09   0.6138087E-06  -0.1202670E-05   0.1203460E-05   
   102:pent gR2 a16.5243101   0.3629032       0.1462874       0.1414967       0.6631455       
   103:pent gR2 a25.3613666   0.3524741E-10   0.5957554E-07  -0.1167328E-06   0.1168033E-06   
   104:pent gR2 a26.3469119   0.5404955E-11   0.0000000       0.5404955E-11   0.5404955E-11   
   105:pent gR2 a27.3653088   0.8069976E-11   0.1855744E-07  -0.3636452E-07   0.3638066E-07   
   106:pent gR2 a28.3837056   0.2594681       0.2269418       0.0334497       0.7800953       
   107:pent gR2 a29.3692509   0.1052844E-07   0.9050380E-05  -0.1772822E-04   0.1774927E-04   
   108:pent gS2 a0.49277266   0.3972234E-05   0.0000000       0.3972234E-05   0.3972234E-05   
   109:pent gS2 a1.01839684   0.5226763E-07   0.4306222E-04  0.2907484E-315   1.0000000       
   110:pent gS2 a1.51116951   0.0092647       0.0222620       0.8060166E-04   0.5203499       
   111:pent gS2 a2.00394218   0.2543436E-05   0.4945734E-03  0.7675028E-171   1.0000000       
   112:pent gS2 a2.49671484   0.2257518E-08   0.0000000       0.2257518E-08   0.2257518E-08   
   113:pent gS2 a3.02233902   0.0461780       0.0269911       0.0143570       0.1386093       

Program  MARK  - Survival Rate Estimation with Capture-Recapture Data
 gfortran(dble/PIM2) Vers. 11.1 Nov 2024  15-Feb-2026 11:48:00    Page  025
 - - - - - - - - - - - - - - - - - - - - - - - - - - - - - - - - - - - - - -
 
   114:pent gS2 a3.51511169   0.1934304E-09   0.2554733E-06  -0.5005342E-06   0.5009211E-06   
   115:pent gS2 a4.04073587   0.0832139       0.0744682       0.0132206       0.3807777       
   116:pent gS2 a4.53350854   0.0399446       0.1119393       0.1362806E-03   0.9270114       
   117:pent gS2 a5.35479632   0.0603908       0.1588869       0.2657254E-03   0.9395467       
   118:pent gS2 a12.3193166   0.0394864       0.0818997       0.5964534E-03   0.7390221       
   119:pent gS2 a13.3377135   0.4172850E-11   0.0000000       0.4172850E-11   0.4172850E-11   
   120:pent gS2 a14.3232588   0.1918926E-11   0.3319817E-08  -0.6504922E-08   0.6508760E-08   
   121:pent gS2 a15.0131406   0.0289971       0.0245399       0.0053815       0.1415014       
   122:pent gS2 a15.5059132   0.2137815E-08   0.0000000       0.2137815E-08   0.2137815E-08   
   123:pent gS2 a16.0315374   0.3953449E-09   0.6138087E-06  -0.1202670E-05   0.1203460E-05   
   124:pent gS2 a16.5243101   0.3629032       0.1462874       0.1414967       0.6631455       
   125:pent gS2 a25.3613666   0.3524741E-10   0.5957554E-07  -0.1167328E-06   0.1168033E-06   
   126:pent gS2 a26.3469119   0.5404955E-11   0.0000000       0.5404955E-11   0.5404955E-11   
   127:pent gS2 a27.3653088   0.8069976E-11   0.1855744E-07  -0.3636452E-07   0.3638066E-07   
   128:pent gS2 a28.3837056   0.2594681       0.2269418       0.0334497       0.7800953       
   129:pent gS2 a29.3692509   0.1052844E-07   0.9050380E-05  -0.1772822E-04   0.1774927E-04   
   130:pent gR3 a0.49277266   0.3972234E-05   0.0000000       0.3972234E-05   0.3972234E-05   
   131:pent gR3 a1.01839684   0.5226763E-07   0.4306222E-04  0.2907484E-315   1.0000000       
   132:pent gR3 a1.51116951   0.0092647       0.0222620       0.8060166E-04   0.5203499       
   133:pent gR3 a2.00394218   0.2543436E-05   0.4945734E-03  0.7675028E-171   1.0000000       
   134:pent gR3 a2.49671484   0.2257518E-08   0.0000000       0.2257518E-08   0.2257518E-08   
   135:pent gR3 a3.02233902   0.0461780       0.0269911       0.0143570       0.1386093       
   136:pent gR3 a3.51511169   0.1934304E-09   0.2554733E-06  -0.5005342E-06   0.5009211E-06   
   137:pent gR3 a4.04073587   0.0832139       0.0744682       0.0132206       0.3807777       
   138:pent gR3 a4.53350854   0.0399446       0.1119393       0.1362806E-03   0.9270114       
   139:pent gR3 a5.35479632   0.0603908       0.1588869       0.2657254E-03   0.9395467       
   140:pent gR3 a12.3193166   0.0394864       0.0818997       0.5964534E-03   0.7390221       
   141:pent gR3 a13.3377135   0.4172850E-11   0.0000000       0.4172850E-11   0.4172850E-11   
   142:pent gR3 a14.3232588   0.1918926E-11   0.3319817E-08  -0.6504922E-08   0.6508760E-08   
   143:pent gR3 a15.0131406   0.0289971       0.0245399       0.0053815       0.1415014       
   144:pent gR3 a15.5059132   0.2137815E-08   0.0000000       0.2137815E-08   0.2137815E-08   
   145:pent gR3 a16.0315374   0.3953449E-09   0.6138087E-06  -0.1202670E-05   0.1203460E-05   
   146:pent gR3 a16.5243101   0.3629032       0.1462874       0.1414967       0.6631455       
   147:pent gR3 a25.3613666   0.3524741E-10   0.5957554E-07  -0.1167328E-06   0.1168033E-06   
   148:pent gR3 a26.3469119   0.5404955E-11   0.0000000       0.5404955E-11   0.5404955E-11   
   149:pent gR3 a27.3653088   0.8069976E-11   0.1855744E-07  -0.3636452E-07   0.3638066E-07   
   150:pent gR3 a28.3837056   0.2594681       0.2269418       0.0334497       0.7800953       
   151:pent gR3 a29.3692509   0.1052844E-07   0.9050380E-05  -0.1772822E-04   0.1774927E-04   
   152:pent gS3 a0.49277266   0.3972234E-05   0.0000000       0.3972234E-05   0.3972234E-05   
   153:pent gS3 a1.01839684   0.5226763E-07   0.4306222E-04  0.2907484E-315   1.0000000       
   154:pent gS3 a1.51116951   0.0092647       0.0222620       0.8060166E-04   0.5203499       
   155:pent gS3 a2.00394218   0.2543436E-05   0.4945734E-03  0.7675028E-171   1.0000000       
   156:pent gS3 a2.49671484   0.2257518E-08   0.0000000       0.2257518E-08   0.2257518E-08   
   157:pent gS3 a3.02233902   0.0461780       0.0269911       0.0143570       0.1386093       
   158:pent gS3 a3.51511169   0.1934304E-09   0.2554733E-06  -0.5005342E-06   0.5009211E-06   
   159:pent gS3 a4.04073587   0.0832139       0.0744682       0.0132206       0.3807777       

Program  MARK  - Survival Rate Estimation with Capture-Recapture Data
 gfortran(dble/PIM2) Vers. 11.1 Nov 2024  15-Feb-2026 11:48:00    Page  026
 - - - - - - - - - - - - - - - - - - - - - - - - - - - - - - - - - - - - - -
 
   160:pent gS3 a4.53350854   0.0399446       0.1119393       0.1362806E-03   0.9270114       
   161:pent gS3 a5.35479632   0.0603908       0.1588869       0.2657254E-03   0.9395467       
   162:pent gS3 a12.3193166   0.0394864       0.0818997       0.5964534E-03   0.7390221       
   163:pent gS3 a13.3377135   0.4172850E-11   0.0000000       0.4172850E-11   0.4172850E-11   
   164:pent gS3 a14.3232588   0.1918926E-11   0.3319817E-08  -0.6504922E-08   0.6508760E-08   
   165:pent gS3 a15.0131406   0.0289971       0.0245399       0.0053815       0.1415014       
   166:pent gS3 a15.5059132   0.2137815E-08   0.0000000       0.2137815E-08   0.2137815E-08   
   167:pent gS3 a16.0315374   0.3953449E-09   0.6138087E-06  -0.1202670E-05   0.1203460E-05   
   168:pent gS3 a16.5243101   0.3629032       0.1462874       0.1414967       0.6631455       
   169:pent gS3 a25.3613666   0.3524741E-10   0.5957554E-07  -0.1167328E-06   0.1168033E-06   
   170:pent gS3 a26.3469119   0.5404955E-11   0.0000000       0.5404955E-11   0.5404955E-11   
   171:pent gS3 a27.3653088   0.8069976E-11   0.1855744E-07  -0.3636452E-07   0.3638066E-07   
   172:pent gS3 a28.3837056   0.2594681       0.2269418       0.0334497       0.7800953       
   173:pent gS3 a29.3692509   0.1052844E-07   0.9050380E-05  -0.1772822E-04   0.1774927E-04   


                     Estimates of Derived Parameters

              Gross Birth+Immigration Estimates of { full }
                                                95% Confidence Interval
 Grp. Occ.     B*-hat        Standard Error      Lower           Upper
 ---- ----   --------------  --------------  --------------  --------------
   1     1    0.2097790E-03   0.0000000       0.2097790E-03   0.2097790E-03
   1     2    0.2764587E-05   0.0022777       0.2100891E-08   0.0036380    
   1     3    0.4892826       1.1746289       0.0325599       7.3525324    
   1     4    0.1343223E-03   0.0261191       0.2315206E-06   0.0779303    
   1     5    0.1192225E-06   0.0000000       0.1192225E-06   0.1192225E-06
   1     6    2.4424875       1.3787329       0.8712745       6.8471478    
   1     7    0.1021532E-07   0.1349204E-04   0.6057019E-11   0.1722839E-04
   1     8    4.4014270       3.8801997       0.9956593       19.457017    
   1     9    2.1095280       5.9004340       0.1169835       38.040472    
   1    10    3.2388015       8.7743535       0.1865104       56.242630    
   1    11    2.7827387       5.6412905       0.2276825       34.010671    
   1    12    0.3671452E-09   0.0000000       0.3671452E-09   0.3671452E-09
   1    13    0.1037055E-09   0.1794187E-06   0.5354931E-13   0.2008399E-06
   1    14    1.5456030       1.2575147       0.3822985       6.2487516    
   1    15    0.1129008E-06   0.0000000       0.1129008E-06   0.1129008E-06
   1    16    0.2091094E-07   0.3246644E-04   0.1140960E-10   0.3832452E-04
   1    17    19.165405       8.9056886       8.0564865       45.592174    
   1    18    0.2684759E-08   0.4537877E-05   0.1402803E-11   0.5138232E-05
   1    19    0.4682576E-09   0.0000000       0.4682576E-09   0.4682576E-09
   1    20    0.4367982E-09   0.1004465E-05   0.1954750E-12   0.9760466E-06

Program  MARK  - Survival Rate Estimation with Capture-Recapture Data
 gfortran(dble/PIM2) Vers. 11.1 Nov 2024  15-Feb-2026 11:48:00    Page  027
 - - - - - - - - - - - - - - - - - - - - - - - - - - - - - - - - - - - - - -
 
   1    21    14.044061       16.418806       2.2772193       86.612502    
   1    22    0.5689939E-06   0.4891168E-03   0.4227010E-09   0.7659174E-03
   2     1    0.1250636E-03   0.0000000       0.1250636E-03   0.1250636E-03
   2     2    0.1652588E-05   0.0013615       0.1255850E-08   0.0021747    
   2     3    0.2916949       0.7099808       0.0190914       4.4567553    
   2     4    0.8007871E-04   0.0155714       0.1380251E-06   0.0464597    
   2     5    0.7107672E-07   0.0000000       0.7107672E-07   0.7107672E-07
   2     6    1.4600462       0.9799459       0.4418448       4.8246237    
   2     7    0.6090050E-08   0.8043529E-05   0.3611004E-11   0.1027102E-04
   2     8    2.6310419       2.5039693       0.5452158       12.696590    
   2     9    1.2576341       3.5516880       0.0689561       22.936951    
   2    10    1.9828963       5.5406400       0.1100921       35.714440    
   2    11    2.5440073       5.2365776       0.2042711       31.683250    
   2    12    0.1814733E-09   0.0000000       0.1814733E-09   0.1814733E-09
   2    13    0.6432842E-10   0.1112932E-06   0.3321656E-13   0.1245808E-06
   2    14    0.9363175       0.8267189       0.2114357       4.1463705    
   2    15    0.6730793E-07   0.0000000       0.6730793E-07   0.6730793E-07
   2    16    0.1249994E-07   0.1940748E-04   0.6820318E-11   0.2290926E-04
   2    17    11.425811       7.0183442       3.7693611       34.634290    
   2    18    0.2682718E-08   0.4534427E-05   0.1401737E-11   0.5134326E-05
   2    19    0.2323445E-09   0.0000000       0.2323445E-09   0.2323445E-09
   2    20    0.2716513E-09   0.6246918E-06   0.1215688E-12   0.6070178E-06
   2    21    8.7342101       10.510415       1.3670916       55.801983    
   2    22    0.3529462E-06   0.3033986E-03   0.2622009E-09   0.4750976E-03
   3     1    0.2039412E-03   0.0000000       0.2039412E-03   0.2039412E-03
   3     2    0.2686214E-05   0.0022131       0.2041334E-08   0.0035348    
   3     3    0.4756666       1.1399045       0.0317221       7.1325261    
   3     4    0.1305843E-03   0.0253922       0.2250779E-06   0.0757616    
   3     5    0.1159047E-06   0.0000000       0.1159047E-06   0.1159047E-06
   3     6    2.3732456       1.3201403       0.8577782       6.5661433    
   3     7    0.9931038E-08   0.1311657E-04   0.5888461E-11   0.1674894E-04
   3     8    4.2766514       3.7657726       0.9687190       18.880344    
   3     9    2.0508227       5.7349755       0.1137574       36.972309    
   3    10    3.1319255       8.3465655       0.1839046       53.337216    
   3    11    2.4563388       5.1450758       0.1930419       31.255398    
   3    12    0.3191756E-09   0.0000000       0.3191756E-09   0.3191756E-09
   3    13    0.1000181E-09   0.1730392E-06   0.5164528E-13   0.1936988E-06
   3    14    1.4977830       1.1512500       0.3939780       5.6941093    
   3    15    0.1097590E-06   0.0000000       0.1097590E-06   0.1097590E-06
   3    16    0.2031814E-07   0.3154606E-04   0.1108615E-10   0.3723806E-04
   3    17    18.632058       8.0959366       8.2464061       42.097561    
   3    18    0.2312174E-08   0.3908120E-05   0.1208125E-11   0.4425159E-05
   3    19    0.4083518E-09   0.0000000       0.4083518E-09   0.4083518E-09
   3    20    0.4210447E-09   0.9682382E-06   0.1884250E-12   0.9408446E-06
   3    21    13.537549       16.124274       2.1457031       85.410341    
   3    22    0.5487624E-06   0.4717254E-03   0.4076712E-09   0.7386840E-03

Program  MARK  - Survival Rate Estimation with Capture-Recapture Data
 gfortran(dble/PIM2) Vers. 11.1 Nov 2024  15-Feb-2026 11:48:00    Page  028
 - - - - - - - - - - - - - - - - - - - - - - - - - - - - - - - - - - - - - -
 
   4     1    0.7992524E-04   0.0000000       0.7992524E-04   0.7992524E-04
   4     2    0.1054680E-05   0.8689317E-03   0.8014827E-09   0.0013879    
   4     3    0.1864154       0.4559526       0.0121293       2.8650137    
   4     4    0.5117643E-04   0.0099513       0.8820864E-07   0.0296913    
   4     5    0.4542346E-07   0.0000000       0.4542346E-07   0.4542346E-07
   4     6    0.9318006       0.6481967       0.2719920       3.1921981    
   4     7    0.3892008E-08   0.5140430E-05   0.2307708E-11   0.6563969E-05
   4     8    1.6791294       1.6349722       0.3388218       8.3214120    
   4     9    0.8037245       2.2770056       0.0439044       14.713172    
   4    10    1.2501294       3.4274919       0.0709794       22.017998    
   4    11    1.3215002       2.8625704       0.0996610       17.523030    
   4    12    0.1071127E-09   0.0000000       0.1071127E-09   0.1071127E-09
   4    13    0.4028697E-10   0.6969960E-07   0.2080254E-13   0.7802122E-07
   4    14    0.5934982       0.5082945       0.1386956       2.5396639    
   4    15    0.4301492E-07   0.0000000       0.4301492E-07   0.4301492E-07
   4    16    0.7977452E-08   0.1238584E-04   0.4352722E-11   0.1462067E-04
   4    17    7.3019676       4.5948290       2.3539771       22.650488    
   4    18    0.1340652E-08   0.2266019E-05   0.7004990E-12   0.2565810E-05
   4    19    0.1375271E-09   0.0000000       0.1375271E-09   0.1375271E-09
   4    20    0.1699023E-09   0.3907089E-06   0.7603432E-13   0.3796549E-06
   4    21    5.4627479       6.8213010       0.8170585       36.523228    
   4    22    0.2210397E-06   0.1900095E-03   0.1642086E-09   0.2975395E-03
   5     1    0.9173708E-03   0.0000000       0.9173708E-03   0.9173708E-03
   5     2    0.1207881E-04   0.0099515       0.9179047E-08   0.0158946    
   5     3    2.1396496       5.0797914       0.1443160       31.722755    
   5     4    0.5873959E-03   0.1142194       0.1012449E-05   0.3407915    
   5     5    0.5213642E-06   0.0000000       0.5213642E-06   0.5213642E-06
   5     6    10.671521       5.3585659       4.2129701       27.031136    
   5     7    0.4467192E-07   0.5900113E-04   0.2648755E-10   0.7534032E-04
   5     8    19.230364       16.265940       4.5567890       81.155147    
   5     9    9.2250376       25.713671       0.5136626       165.67553    
   5    10    14.037558       37.243535       0.8286562       237.79830    
   5    11    10.332489       20.932117       0.8461159       126.17697    
   5    12    0.1297351E-08   0.0000000       0.1297351E-08   0.1297351E-08
   5    13    0.4474888E-09   0.7741905E-06   0.2310650E-12   0.8666232E-06
   5    14    6.7228271       5.2233199       1.7481128       25.854399    
   5    15    0.4937193E-06   0.0000000       0.4937193E-06   0.4937193E-06
   5    16    0.9136241E-07   0.1418498E-03   0.4984991E-10   0.1674444E-03
   5    17    83.810967       28.519998       43.806419       160.34815    
   5    18    0.9552965E-08   0.1614677E-04   0.4991484E-11   0.1828296E-04
   5    19    0.1664758E-08   0.0000000       0.1664758E-08   0.1664758E-08
   5    20    0.1883114E-08   0.4330426E-05   0.8427271E-12   0.4207908E-05
   5    21    60.546415       69.889188       9.9708732       367.65771    
   5    22    0.2455205E-05   0.0021105       0.1823952E-08   0.0033049    
   6     1    0.3706452E-03   0.0000000       0.3706452E-03   0.3706452E-03
   6     2    0.4886203E-05   0.0040257       0.3713170E-08   0.0064298    

Program  MARK  - Survival Rate Estimation with Capture-Recapture Data
 gfortran(dble/PIM2) Vers. 11.1 Nov 2024  15-Feb-2026 11:48:00    Page  029
 - - - - - - - - - - - - - - - - - - - - - - - - - - - - - - - - - - - - - -
 
   6     3    0.8644822       2.0668060       0.0578164       12.925919    
   6     4    0.2373255E-03   0.0461481       0.4090593E-06   0.1376900    
   6     5    0.2106467E-06   0.0000000       0.2106467E-06   0.2106467E-06
   6     6    4.3169161       2.2918736       1.6255633       11.464189    
   6     7    0.1804879E-07   0.2383822E-04   0.1070176E-10   0.3043974E-04
   6     8    7.7791970       6.7069542       1.8044187       33.537619    
   6     9    3.7271904       10.432771       0.2065118       67.269522    
   6    10    5.7414658       15.458628       0.3330586       98.974870    
   6    11    5.2117675       10.541970       0.4276011       63.523037    
   6    12    0.4639185E-09   0.0000000       0.4639185E-09   0.4639185E-09
   6    13    0.1841430E-09   0.3185817E-06   0.9508390E-13   0.3566180E-06
   6    14    2.7362864       2.1667413       0.6970815       10.740872    
   6    15    0.1994773E-06   0.0000000       0.1994773E-06   0.1994773E-06
   6    16    0.3695854E-07   0.5738204E-04   0.2016562E-10   0.6773576E-04
   6    17    33.862131       14.017880       15.530141       73.833451    
   6    18    0.5099846E-08   0.8619945E-05   0.2664702E-11   0.9760353E-05
   6    19    0.5971043E-09   0.0000000       0.5971043E-09   0.5971043E-09
   6    20    0.7758477E-09   0.1784146E-05   0.3472057E-12   0.1733669E-05
   6    21    24.945276       28.589893       4.1438024       150.16807    
   6    22    0.1010324E-05   0.8684918E-03   0.7505617E-09   0.0013600    

               Net Birth+Immigration Estimates of { full }
                                                95% Confidence Interval
 Grp. Occ.     B-hat         Standard Error      Lower           Upper
 ---- ----   --------------  --------------  --------------  --------------
   1     1    0.2049589E-03   0.0000000       0.2049589E-03   0.2049589E-03
   1     2    0.2696899E-05   0.0022219       0.2049453E-08   0.0035489    
   1     3    0.4780402       1.1470579       0.0318312       7.1791966    
   1     4    0.1312359E-03   0.0255189       0.2262009E-06   0.0761397    
   1     5    0.1164831E-06   0.0000000       0.1164831E-06   0.1164831E-06
   1     6    2.3826859       1.3400187       0.8527700       6.6573538    
   1     7    0.9980596E-08   0.1318203E-04   0.5917846E-11   0.1683253E-04
   1     8    4.2936629       3.7806260       0.9726089       18.954732    
   1     9    2.0610567       5.7644287       0.1143056       37.163144    
   1    10    3.1160367       8.4352758       0.1796044       54.061506    
   1    11    2.0374171       4.1038995       0.1680278       24.704654    
   1    12    0.2153102E-09   0.0000000       0.2153102E-09   0.2153102E-09
   1    13    0.9901252E-10   0.1712994E-06   0.5112602E-13   0.1917513E-06
   1    14    1.4961893       1.2114949       0.3720208       6.0173577    
   1    15    0.1103067E-06   0.0000000       0.1103067E-06   0.1103067E-06
   1    16    0.2039896E-07   0.3167154E-04   0.1113025E-10   0.3738619E-04
   1    17    18.725036       8.6290512       7.9228725       44.255031    
   1    18    0.1818691E-08   0.3074019E-05   0.9502777E-12   0.3480707E-05
   1    19    0.2788842E-09   0.0000000       0.2788842E-09   0.2788842E-09
   1    20    0.4163936E-09   0.9575425E-06   0.1863436E-12   0.9304515E-06
   1    21    13.388006       15.625836       2.1752429       82.399402    
   1    22    0.5432450E-06   0.4669826E-03   0.4035723E-09   0.7312570E-03
   2     1    0.1172937E-03   0.0000000       0.1172937E-03   0.1172937E-03
   2     2    0.1543379E-05   0.0012716       0.1172859E-08   0.0020310    
   2     3    0.2735724       0.6637187       0.0179754       4.1635791    
   2     4    0.7510357E-04   0.0146040       0.1294499E-06   0.0435732    
   2     5    0.6666086E-07   0.0000000       0.6666086E-07   0.6666086E-07
   2     6    1.3635613       0.9064209       0.4166194       4.4628246    
   2     7    0.5711686E-08   0.7543799E-05   0.3386659E-11   0.9632904E-05
   2     8    2.4571736       2.3296950       0.5114174       11.805821    
   2     9    1.1794997       3.3284931       0.0647299       21.492673    
   2    10    1.7832427       4.9877948       0.0988896       32.156621    
   2    11    1.1659712       2.2922714       0.0990879       13.720031    
   2    12    0.1232175E-09   0.0000000       0.1232175E-09   0.1232175E-09
   2    13    0.5666280E-10   0.9803107E-07   0.2925835E-13   0.1097353E-06
   2    14    0.8562379       0.7476713       0.1957888       3.7445620    
   2    15    0.6312622E-07   0.0000000       0.6312622E-07   0.6312622E-07
   2    16    0.1167390E-07   0.1812496E-04   0.6369607E-11   0.2139533E-04
   2    17    10.715947       6.4769737       3.5894494       31.991401    
   2    18    0.1040799E-08   0.1759197E-05   0.5438241E-12   0.1991936E-05
   2    19    0.1595996E-09   0.0000000       0.1595996E-09   0.1595996E-09
   2    20    0.2382934E-09   0.5479816E-06   0.1066405E-12   0.5324779E-06
   2    21    7.6616762       9.2036761       1.2017865       48.845018    
   2    22    0.3108878E-06   0.2672444E-03   0.2309560E-09   0.4184832E-03
   3     1    0.2008727E-03   0.0000000       0.2008727E-03   0.2008727E-03
   3     2    0.2643133E-05   0.0021776       0.2008595E-08   0.0034781    
   3     3    0.4685098       1.1224817       0.0312540       7.0231545    
   3     4    0.1286195E-03   0.0250101       0.2216915E-06   0.0746217    
   3     5    0.1141609E-06   0.0000000       0.1141609E-06   0.1141609E-06
   3     6    2.3351837       1.2960854       0.8456944       6.4480542    
   3     7    0.9781619E-08   0.1291922E-04   0.5799866E-11   0.1649695E-04
   3     8    4.2080628       3.7021373       0.9541252       18.559192    
   3     9    2.0199667       5.6483779       0.1120531       36.413674    
   3    10    3.0539142       8.1371043       0.1793647       51.996818    
   3    11    1.9967983       4.1325522       0.1592654       25.034958    
   3    12    0.2110177E-09   0.0000000       0.2110177E-09   0.2110177E-09
   3    13    0.9703857E-10   0.1678843E-06   0.5010675E-13   0.1879284E-06
   3    14    1.4663607       1.1269203       0.3857775       5.5737138    
   3    15    0.1081076E-06   0.0000000       0.1081076E-06   0.1081076E-06
   3    16    0.1999228E-07   0.3104013E-04   0.1090835E-10   0.3664084E-04
   3    17    18.351726       7.9319896       8.1545446       41.300389    
   3    18    0.1782433E-08   0.3012733E-05   0.9313327E-12   0.3411315E-05
   3    19    0.2733243E-09   0.0000000       0.2733243E-09   0.2733243E-09
   3    20    0.4080922E-09   0.9384526E-06   0.1826285E-12   0.9119017E-06
   3    21    13.121098       15.592217       2.0855749       82.549520    
   3    22    0.5324146E-06   0.4576726E-03   0.3955266E-09   0.7166784E-03
   4     1    0.7655149E-04   0.0000000       0.7655149E-04   0.7655149E-04
   4     2    0.1007283E-05   0.8298820E-03   0.7654642E-09   0.0013255    
   4     3    0.1785465       0.4358098       0.0116461       2.7372927    
   4     4    0.4901620E-04   0.0095313       0.8448524E-07   0.0284380    
   4     5    0.4350608E-07   0.0000000       0.4350608E-07   0.4350608E-07
   4     6    0.8899256       0.6151383       0.2614539       3.0290912    
   4     7    0.3727721E-08   0.4923445E-05   0.2210297E-11   0.6286895E-05
   4     8    1.6036695       1.5568324       0.3247274       7.9197371    
   4     9    0.7697982       2.1796237       0.0420798       14.082494    
   4    10    1.1638298       3.1957845       0.0659597       20.535253    
   4    11    0.7609688       1.5675600       0.0610451       9.4859884    
   4    12    0.8041769E-10   0.0000000       0.8041769E-10   0.8041769E-10
   4    13    0.3698086E-10   0.6397978E-07   0.1909541E-13   0.7161850E-07
   4    14    0.5588220       0.4779202       0.1307986       2.3875024    
   4    15    0.4119920E-07   0.0000000       0.4119920E-07   0.4119920E-07
   4    16    0.7618946E-08   0.1182922E-04   0.4157112E-11   0.1396362E-04
   4    17    6.9937415       4.3563229       2.2767371       21.483561    
   4    18    0.6792755E-09   0.1148136E-05   0.3549257E-12   0.1300033E-05
   4    19    0.1041624E-09   0.0000000       0.1041624E-09   0.1041624E-09
   4    20    0.1555217E-09   0.3576391E-06   0.6959873E-13   0.3475207E-06
   4    21    5.0003779       6.2164056       0.7519842       33.250404    
   4    22    0.2029003E-06   0.1744166E-03   0.1507330E-09   0.2731222E-03
   5     1    0.9084839E-03   0.0000000       0.9084839E-03   0.9084839E-03
   5     2    0.1195405E-04   0.0098487       0.9084240E-08   0.0157305    
   5     3    2.1189221       5.0308652       0.1429082       31.417587    
   5     4    0.5817056E-03   0.1131129       0.1002641E-05   0.3374901    
   5     5    0.5163136E-06   0.0000000       0.5163136E-06   0.5163136E-06
   5     6    10.561299       5.3039907       4.1689507       26.755181    
   5     7    0.4423917E-07   0.5842957E-04   0.2623096E-10   0.7461048E-04
   5     8    19.031739       16.099435       4.5092556       80.325254    
   5     9    9.1356717       25.464716       0.5086832       164.07166    
   5    10    13.811890       36.630792       0.8157056       233.86907    
   5    11    9.0308884       18.316485       0.7384718       110.44016    
   5    12    0.9543666E-09   0.0000000       0.9543666E-09   0.9543666E-09
   5    13    0.4388748E-09   0.7592875E-06   0.2266170E-12   0.8499410E-06
   5    14    6.6318863       5.1491565       1.7257264       25.486031    
   5    15    0.4889364E-06   0.0000000       0.4889364E-06   0.4889364E-06
   5    16    0.9041875E-07   0.1403847E-03   0.4933502E-10   0.1657150E-03
   5    17    82.999064       28.213577       43.410510       158.69071    
   5    18    0.8061383E-08   0.1362564E-04   0.4212124E-11   0.1542830E-04
   5    19    0.1236159E-08   0.0000000       0.1236159E-08   0.1236159E-08
   5    20    0.1845672E-08   0.4244325E-05   0.8259713E-12   0.4124243E-05
   5    21    59.342582       68.472675       9.7772987       360.17536    
   5    22    0.2407943E-05   0.0020699       0.1788842E-08   0.0032413    
   6     1    0.3603030E-03   0.0000000       0.3603030E-03   0.3603030E-03
   6     2    0.4740956E-05   0.0039060       0.3602792E-08   0.0062387    
   6     3    0.8403606       2.0074149       0.0562614       12.552237    
   6     4    0.2307034E-03   0.0448604       0.3976453E-06   0.1338480    
   6     5    0.2047690E-06   0.0000000       0.2047690E-06   0.2047690E-06
   6     6    4.1885915       2.2180786       1.5807232       11.098906    
   6     7    0.1754517E-07   0.2317306E-04   0.1040315E-10   0.2959038E-04
   6     8    7.5479526       6.5032895       1.7520763       32.516615    
   6     9    3.6231905       10.138756       0.2008173       65.370410    
   6    10    5.4777699       14.754544       0.3176110       94.473950    
   6    11    3.5816336       7.1413607       0.2991166       42.886621    
   6    12    0.3785000E-09   0.0000000       0.3785000E-09   0.3785000E-09
   6    13    0.1740569E-09   0.3011321E-06   0.8987589E-13   0.3370850E-06
   6    14    2.6301938       2.0772724       0.6719595       10.295144    
   6    15    0.1939113E-06   0.0000000       0.1939113E-06   0.1939113E-06
   6    16    0.3585991E-07   0.5567631E-04   0.1956618E-10   0.6572224E-04
   6    17    32.917275       13.528198       15.175783       71.399743    
   6    18    0.3197130E-08   0.5403905E-05   0.1670520E-11   0.6118835E-05
   6    19    0.4902586E-09   0.0000000       0.4902586E-09   0.4902586E-09
   6    20    0.7319902E-09   0.1683291E-05   0.3275787E-12   0.1635667E-05
   6    21    23.535158       26.971439       3.9099669       141.66455    
   6    22    0.9549859E-06   0.8209221E-03   0.7094513E-09   0.0012855    

                     Population Estimates of { full }
                                                95% Confidence Interval
 Grp. Occ.     N-hat         Standard Error      Lower           Upper
 ---- ----   --------------  --------------  --------------  --------------
   1     1    3.6194086       1.6376001       1.5534270       8.4330441    
   1     2    3.4545690       1.5477922       1.4938817       7.9886162    
   1     3    3.2868011       1.4616789       1.4294572       7.5574572    
   1     4    3.6149637       1.2272499       1.8921987       6.9062314    
   1     5    3.4502530       1.1628375       1.8140380       6.5622916    
   1     6    3.2929221       1.1079352       1.7331041       6.2565980    
   1     7    5.5156877       1.8619337       2.8971454       10.500961    
   1     8    5.2641731       1.7751101       2.7668598       10.015512    
   1     9    9.3021822       4.2869961       3.9357097       21.986020    
   1    10    10.939061       5.6182708       4.2376034       28.238378    
   1    11    13.236433       7.9186467       4.4766002       39.137549    
   1    12    8.8811845       3.7941426       3.9806211       19.814857    
   1    13    2.7220092       1.4516080       1.0210268       7.2567481    
   1    14    2.4794227       1.3647986       0.9045574       6.7961823    
   1    15    3.8187831       1.4237270       1.8829561       7.7447923    
   1    16    3.6446472       1.3816568       1.7771976       7.4743815    
   1    17    3.4676455       1.3435602       1.6660512       7.2174041    
   1    18    22.034557       8.8672173       10.311577       47.085105    
   1    19    9.5412328       5.0528058       3.6006073       25.283269    
   1    20    3.0380179       1.8966626       0.9868392       9.3526407    
   1    21    2.7586716       1.7925771       0.8620074       8.8285431    
   1    22    15.893018       15.636856       3.1681756       79.726642    
   1    23    14.476626       14.259836       2.8819040       72.720225    
   2     1    2.0713119       1.1999317       0.7216735       5.9449783    
   2     2    1.8194996       1.0462420       0.6382608       5.1868748    
   2     3    1.5844411       0.9150907       0.5535813       4.5349321    

Program  MARK  - Survival Rate Estimation with Capture-Recapture Data
 gfortran(dble/PIM2) Vers. 11.1 Nov 2024  15-Feb-2026 11:48:00    Page  030
 - - - - - - - - - - - - - - - - - - - - - - - - - - - - - - - - - - - - - -
 
   2     4    1.6653011       0.8294669       0.6618704       4.1899862    
   2     5    1.4628289       0.7332503       0.5783499       3.6999545    
   2     6    1.2849080       0.6577308       0.4991533       3.3075781    
   2     7    2.4824728       1.2547270       0.9747095       6.3225722    
   2     8    2.1805345       1.1149903       0.8478510       5.6079792    
   2     9    4.3560061       2.7589761       1.3954734       13.597386    
   2    10    5.0056934       3.5038075       1.4519577       17.257367    
   2    11    5.8159345       5.3037087       1.2659620       26.718886    
   2    12    2.0962401       1.8711991       0.4675412       9.3985782    
   2    13    0.9125867       0.9484754       0.1705170       4.8840563    
   2    14    0.7040947       0.7415522       0.1294985       3.8282238    
   2    15    1.4434310       0.8469864       0.4970176       4.1919899    
   2    16    1.2678694       0.7478899       0.4344504       3.7000607    
   2    17    1.1040741       0.6626028       0.3722975       3.2742087    
   2    18    11.685734       6.6372345       4.1453136       32.942354    
   2    19    1.1418873       1.2510566       0.2003124       6.5093642    
   2    20    0.5106307       0.5853406       0.0848054       3.0746123    
   2    21    0.3905792       0.4842151       0.0589388       2.5883149    
   2    22    7.9604285       9.2415113       1.3018358       48.676201    
   2    23    6.1417679       7.1889480       0.9944149       37.933175    
   3     1    3.5472507       1.5695001       1.5487071       8.1248336    
   3     2    3.4412482       1.5118344       1.5105164       7.8398281    
   3     3    3.3314632       1.4545865       1.4691476       7.5544807    
   3     4    3.7002303       1.2101904       1.9809499       6.9116860    
   3     5    3.5895754       1.1657276       1.9297756       6.6769688    
   3     6    3.4821049       1.1262734       1.8764562       6.4616773    
   3     7    5.7061975       1.8416088       3.0789507       10.575255    
   3     8    5.5353561       1.7813594       2.9917938       10.241404    
   3     9    9.5668220       4.2283872       4.1801887       21.894726    
   3    10    11.300362       5.5394859       4.5506646       28.061434    
   3    11    13.796041       7.2798579       5.2224076       36.445021    
   3    12    10.974744       3.8919579       5.5901411       21.545970    
   3    13    4.4900954       1.8035615       2.1039983       9.5822112    
   3    14    4.2252566       1.7369647       1.9475695       9.1667043    
   3    15    5.5155805       1.8604940       2.8984225       10.495926    
   3    16    5.3504462       1.8379308       2.7803741       10.296195    
   3    17    5.1797486       1.8180058       2.6557020       10.102713    
   3    18    23.376395       8.2517972       11.942013       45.759109    
   3    19    13.552997       5.9689657       5.9378912       30.934169    
   3    20    5.7071215       3.0882602       2.1136861       15.409684    
   3    21    5.3596269       2.9890602       1.9327005       14.862934    
   3    22    18.154388       15.416664       4.2829288       76.952439    
   3    23    17.083591       14.491747       4.0351432       72.326818    
   4     1    1.3518376       0.8166181       0.4530582       4.0336207    
   4     2    1.2394172       0.7426474       0.4185570       3.6701213    
   4     3    1.1297139       0.6745386       0.3827643       3.3343065    

Program  MARK  - Survival Rate Estimation with Capture-Recapture Data
 gfortran(dble/PIM2) Vers. 11.1 Nov 2024  15-Feb-2026 11:48:00    Page  031
 - - - - - - - - - - - - - - - - - - - - - - - - - - - - - - - - - - - - - -
 
   4     4    1.2142481       0.6359648       0.4626043       3.1871698    
   4     5    1.1132500       0.5800053       0.4260404       2.9089392    
   4     6    1.0206078       0.5324115       0.3901645       2.6697469    
   4     7    1.8201966       0.9567929       0.6913055       4.7925489    
   4     8    1.6687238       0.8766738       0.6340851       4.3915855    
   4     9    3.1246899       1.9785391       1.0012848       9.7511588    
   4    10    3.6344581       2.4922744       1.0764281       12.271406    
   4    11    4.3083178       3.4971144       1.0683694       17.373769    
   4    12    2.0228045       1.2868365       0.6452665       6.3411596    
   4    13    1.1061942       0.7582531       0.3277568       3.7334554    
   4    14    0.9297446       0.6417089       0.2735637       3.1598677    
   4    15    1.3820806       0.7763739       0.4951690       3.8575658    
   4    16    1.2670669       0.7207411       0.4488635       3.5767192    
   4    17    1.1549153       0.6694425       0.4021745       3.3165438    
   4    18    8.0525473       4.6191610       2.8309740       22.905020    
   4    19    1.6952736       1.4156475       0.4074745       7.0530856    
   4    20    0.9453069       0.8230843       0.2168541       4.1207672    
   4    21    0.7899317       0.7284055       0.1697707       3.6755005    
   4    22    5.6604726       6.2629311       0.9812716       32.652479    
   4    23    4.7575684       5.2616297       0.8251833       27.429609    
   5     1    16.043095       6.0435667       7.8560612       32.762078    
   5     2    15.734181       5.9190840       7.7118460       32.101841    
   5     3    15.410289       5.7916844       7.5579309       31.420904    
   5     4    17.231610       3.9717359       11.032174       26.914765    
   5     5    16.899417       3.9082022       10.803775       26.434307    
   5     6    16.573058       3.8548386       10.568528       25.989074    
   5     7    26.793184       6.0827209       17.266313       41.576607    
   5     8    26.275757       6.0113778       16.876869       40.908977    
   5     9    44.766584       16.488399       22.251057       90.065253    
   5    10    53.037729       22.378064       23.990499       117.25478    
   5    11    65.153535       29.390598       28.028073       151.45469    
   5    12    58.489465       14.565079       36.164897       94.594974    
   5    13    30.563302       7.9099794       18.554987       50.343092    
   5    14    29.394231       7.6966282       17.744460       48.692426    
   5    15    35.234478       6.5522625       24.548080       50.572934    
   5    16    34.554035       6.5197441       23.949225       49.854695    
   5    17    33.842706       6.5054987       23.298061       49.159832    
   5    18    116.18820       28.494502       72.351313       186.58540    
   5    19    81.899859       26.064910       44.554082       150.54932    
   5    20    43.701727       15.752844       22.028652       86.698038    
   5    21    41.975495       15.415652       20.903433       84.289609    
   5    22    99.660032       68.150497       29.599573       335.54950    
   5    23    95.847959       65.679599       28.407940       323.38956    
   6     1    6.3626617       2.6167203       2.9319004       13.807926    
   6     2    6.0112807       2.4672557       2.7739708       13.026632    
   6     3    5.6574796       2.3245135       2.6087166       12.269280    

Program  MARK  - Survival Rate Estimation with Capture-Recapture Data
 gfortran(dble/PIM2) Vers. 11.1 Nov 2024  15-Feb-2026 11:48:00    Page  032
 - - - - - - - - - - - - - - - - - - - - - - - - - - - - - - - - - - - - - -
 
   6     4    6.1850828       1.7826061       3.5554386       10.759643    
   6     5    5.8433891       1.6800907       3.3633058       10.152272    
   6     6    5.5203545       1.5941496       3.1700107       9.6133158    
   6     7    9.3840346       2.7226015       5.3752381       16.382550    
   6     8    8.8652654       2.5844255       5.0650681       15.516658    
   6     9    15.891435       6.9207749       7.0214829       35.966435    
   6    10    18.636114       9.2979000       7.3966762       46.954162    
   6    11    22.428650       13.431397       7.5782901       66.379665    
   6    12    13.621781       5.1224104       6.6782329       27.784734    
   6    13    8.9341491       3.3584624       4.3810994       18.218947    
   6    14    7.9736558       2.9894163       3.9170559       16.231371    
   6    15    9.9936293       2.6930547       5.9476826       16.791855    
   6    16    9.4411607       2.5624620       5.5986872       15.920788    
   6    17    8.8854824       2.4493333       5.2278246       15.102228    
   6    18    41.311549       13.783972       21.853260       78.095629    
   6    19    14.898983       7.1993879       6.0704040       36.567530    
   6    20    9.9056952       4.3837508       4.3240726       22.692218    
   6    21    8.8072986       4.0423502       3.7382572       20.749912    
   6    22    31.365856       27.153942       7.2419746       135.84927    
   6    23    27.993774       24.362829       6.4252066       121.96517    

                  Gross Population Estimates of { full }
                                                95% Confidence Interval
 Grp. Occ.     N*-hat        Standard Error      Lower           Upper
 ---- ----   --------------  --------------  --------------  --------------
   1     0    53.839091       23.092613       24.059997       120.47581    
   2     0    33.335178       18.762189       11.922447       93.205204    
   3     0    51.979629       22.087070       23.390355       115.51265    
   4     0    20.882883       12.676254       6.9668824       62.595403    
   5     0    232.76144       75.363922       125.35521       432.19494    
   6     0    95.547988       35.283371       47.411055       192.55885    

 To compute parameter estimates, CPU Time was 0.016 secs and System Time was 0.016 secs.

 Attempted ordering of parameters by estimatibility:
   7  1 52 56 46  3 30  5 18 23 13 25 21 15 22 54 16 26 19 14 57 11 28 12  8
  20 10  4 24 35  9 53 29 17 55 43  2 27 37 50  6 40 32 38 33 39 51 31 36 45
  44 47 49 42 34 41 48
 Beta number 48 is a singular value.

 For procedure estimate CPU Time was 2.469 secs and System Time was 1.360 secs.

Program  MARK  - Survival Rate Estimation with Capture-Recapture Data
 gfortran(dble/PIM2) Vers. 11.1 Nov 2024  15-Feb-2026 11:48:00    Page  033
 - - - - - - - - - - - - - - - - - - - - - - - - - - - - - - - - - - - - - -
 


 INPUT --- proc stop;

 For this job, CPU Time in mins was 0.042 and System Time in mins was 0.023.

     Time Start = 11:47:59.153   Time End = 11:48:00.542

 Wall Clock Time in mins for this job was 0.023.

 Maximum of 57 words used.


          E X E C U T I O N   S U C C E S S F U L
