
 Program  MARK  - Survival Rate Estimation with Capture-Recapture Data
 gfortran(dble/PIM2) Vers. 11.1 Nov 2024  15-Feb-2026 11:48:02    Page  001
  
 - - - - - - - - - - - - - - - - - - - - - - - - - - - - - - - - - - - - - -
 
 Welcome to MARK valen on machine LAPTOP-R12S8TST in subdirectory 
 "C:\Users\valen\git\OpenPop-Abundance-Analysis-Muscardinus" running file "POPAN_full_pent_constant.inp".
 This version was compiled by GCC version 14.2.0 using the options: 
  -cpp -iprefix C:/tdm-gcc-64/mingw64-14-2/bin/../lib/gcc/
  x86_64-w64-mingw32/14.2.0/ -D_MT -D_REENTRANT -U_REENTRANT -D
  dbleprecision -m64 -march=x86-64 -mtune=generic -mthreads -O3 -std=f2023
  -fimplicit-none -ftree-vectorize
  -ffpe-summary=invalid,zero,overflow,underflow -funroll-loops
  -fno-unsafe-math-optimizations -frounding-math -fsignaling-nans
  -fall-intrinsics -fopenmp

 This problem will use 7 of 8 possible threads.
 Static thread allocation is used.
 INPUT --- proc title ;

 For procedure title CPU Time was 0.001 secs and System Time was 0.001 secs.
 INPUT --- proc chmatrix occasions= 23 groups= 6 etype= POPAN Nodes= 
 INPUT --- 101 ICMeans NoHist hist= 84  ;
 INPUT ---    time interval 0.492772667542707 0.525624178712221 
 INPUT ---    0.492772667542707 0.492772667542707  0.492772667542707 
 INPUT ---    0.525624178712221 0.492772667542707 0.525624178712221 
 INPUT ---    0.492772667542707  0.821287779237845 6.96452036793692 
 INPUT ---    1.01839684625493 0.985545335085414 0.68988173455979  
 INPUT ---    0.492772667542707 0.525624178712221 0.492772667542707 
 INPUT ---    8.83705650459921 0.985545335085414  1.01839684625493 
 INPUT ---    1.01839684625493 0.985545335085414 ;
 INPUT ---    glabel(1)=valleyR.altitude1;
 INPUT ---    glabel(2)=valleyS.altitude1;
 INPUT ---    glabel(3)=valleyR.altitude2;
 INPUT ---    glabel(4)=valleyS.altitude2;
 INPUT ---    glabel(5)=valleyR.altitude3;
 INPUT ---    glabel(6)=valleyS.altitude3;

   * *  WARNING  * *   At least a pair of the encounter histories are duplicates. 

      Number of unique encounter histories read was 62.

      Number of individual covariates read was 0.
      Time interval lengths vary and/or not equal to 1.

      Data type number is 19
      Data type is POPAN

 For procedure chmatrix CPU Time was 0.001 secs and System Time was 0.001 secs.

Program  MARK  - Survival Rate Estimation with Capture-Recapture Data
 gfortran(dble/PIM2) Vers. 11.1 Nov 2024  15-Feb-2026 11:48:02    Page  002
 - - - - - - - - - - - - - - - - - - - - - - - - - - - - - - - - - - - - - -
 


 INPUT --- proc estimate link=Parm-Specific NOLOOP varest=2ndPart    ;
 INPUT --- model={ full_pent_constant };
 INPUT ---    group=1 Phi    rows=1 cols=22 Square ;
 INPUT ---        1 1 1 1 1 1 1 1 1 1 1 2 1 1 1 1 1 1 2 1 1 1 ;
 INPUT ---    group=2 Phi    rows=1 cols=22 Square ;
 INPUT ---        3 3 3 3 3 3 3 3 3 3 3 4 3 3 3 3 3 3 4 3 3 3 ;
 INPUT ---    group=3 Phi    rows=1 cols=22 Square ;
 INPUT ---        5 5 5 5 5 5 5 5 5 5 5 6 5 5 5 5 5 5 6 5 5 5 ;
 INPUT ---    group=4 Phi    rows=1 cols=22 Square ;
 INPUT ---        7 7 7 7 7 7 7 7 7 7 7 8 7 7 7 7 7 7 8 7 7 7 ;
 INPUT ---    group=5 Phi    rows=1 cols=22 Square ;
 INPUT ---        9 9 9 9 9 9 9 9 9 9 9 10 9 9 9 9 9 9 10 9 9 9 ;
 INPUT ---    group=6 Phi    rows=1 cols=22 Square ;
 INPUT ---        11 11 11 11 11 11 11 11 11 11 11 12 11 11 11 11 11 11 12 
 INPUT ---       11 11 11 ;
 INPUT ---    group=1 p    rows=1 cols=23 Square ;
 INPUT ---        13 14 15 16 17 18 19 20 21 22 23 24 25 26 27 28 29 30 31 
 INPUT ---       32 33 34 35 ;
 INPUT ---    group=2 p    rows=1 cols=23 Square ;
 INPUT ---        13 14 15 16 17 18 19 20 21 22 23 24 25 26 27 28 29 30 31 
 INPUT ---       32 33 34 35 ;
 INPUT ---    group=3 p    rows=1 cols=23 Square ;
 INPUT ---        13 14 15 16 17 18 19 20 21 22 23 24 25 26 27 28 29 30 31 
 INPUT ---       32 33 34 35 ;
 INPUT ---    group=4 p    rows=1 cols=23 Square ;
 INPUT ---        13 14 15 16 17 18 19 20 21 22 23 24 25 26 27 28 29 30 31 
 INPUT ---       32 33 34 35 ;
 INPUT ---    group=5 p    rows=1 cols=23 Square ;
 INPUT ---        13 14 15 16 17 18 19 20 21 22 23 24 25 26 27 28 29 30 31 
 INPUT ---       32 33 34 35 ;
 INPUT ---    group=6 p    rows=1 cols=23 Square ;
 INPUT ---        13 14 15 16 17 18 19 20 21 22 23 24 25 26 27 28 29 30 31 
 INPUT ---       32 33 34 35 ;
 INPUT ---    group=1 pent    rows=1 cols=22 Square ;
 INPUT ---        42 43 44 45 46 47 48 49 50 51 52 53 54 55 56 57 58 59 60 
 INPUT ---       61 62 63 ;
 INPUT ---    group=2 pent    rows=1 cols=22 Square ;
 INPUT ---        64 65 66 67 68 69 70 71 72 73 74 75 76 77 78 79 80 81 82 
 INPUT ---       83 84 85 ;
 INPUT ---    group=3 pent    rows=1 cols=22 Square ;
 INPUT ---        86 87 88 89 90 91 92 93 94 95 96 97 98 99 100 101 102 103 
 INPUT ---       104 105 106 107 ;
 INPUT ---    group=4 pent    rows=1 cols=22 Square ;
 INPUT ---        108 109 110 111 112 113 114 115 116 117 118 119 120 121 

Program  MARK  - Survival Rate Estimation with Capture-Recapture Data
 gfortran(dble/PIM2) Vers. 11.1 Nov 2024  15-Feb-2026 11:48:02    Page  003
 - - - - - - - - - - - - - - - - - - - - - - - - - - - - - - - - - - - - - -
 
 INPUT ---       122 123 124 125 126 127 128 129 ;
 INPUT ---    group=5 pent    rows=1 cols=22 Square ;
 INPUT ---        130 131 132 133 134 135 136 137 138 139 140 141 142 143 
 INPUT ---       144 145 146 147 148 149 150 151 ;
 INPUT ---    group=6 pent    rows=1 cols=22 Square ;
 INPUT ---        152 153 154 155 156 157 158 159 160 161 162 163 164 165 
 INPUT ---       166 167 168 169 170 171 172 173 ;
 INPUT ---    group=1 N    rows=1 cols=1 Square ;
 INPUT ---        36 ;
 INPUT ---    group=2 N    rows=1 cols=1 Square ;
 INPUT ---        37 ;
 INPUT ---    group=3 N    rows=1 cols=1 Square ;
 INPUT ---        38 ;
 INPUT ---    group=4 N    rows=1 cols=1 Square ;
 INPUT ---        39 ;
 INPUT ---    group=5 N    rows=1 cols=1 Square ;
 INPUT ---        40 ;
 INPUT ---    group=6 N    rows=1 cols=1 Square ;
 INPUT ---        41 ;
 INPUT ---    design matrix constraints=173 covariates=36;
 INPUT ---        1 0 0 0 0 0 0 0 0 0 0 0 0 0 0 0 0 0 0 0 0 0 0 0 0 0 0 0 0 
 INPUT ---       0 0 0 0 0 0 0;
 INPUT ---        1 1 0 0 0 0 0 0 0 0 0 0 0 0 0 0 0 0 0 0 0 0 0 0 0 0 0 0 0 
 INPUT ---       0 0 0 0 0 0 0;
 INPUT ---        1 0 1 0 0 0 0 0 0 0 0 0 0 0 0 0 0 0 0 0 0 0 0 0 0 0 0 0 0 
 INPUT ---       0 0 0 0 0 0 0;
 INPUT ---        1 1 1 0 0 1 0 0 0 0 0 0 0 0 0 0 0 0 0 0 0 0 0 0 0 0 0 0 0 
 INPUT ---       0 0 0 0 0 0 0;
 INPUT ---        1 0 0 1 0 0 0 0 0 0 0 0 0 0 0 0 0 0 0 0 0 0 0 0 0 0 0 0 0 
 INPUT ---       0 0 0 0 0 0 0;
 INPUT ---        1 1 0 1 0 0 0 0 0 0 0 0 0 0 0 0 0 0 0 0 0 0 0 0 0 0 0 0 0 
 INPUT ---       0 0 0 0 0 0 0;
 INPUT ---        1 0 1 1 0 0 0 0 0 0 0 0 0 0 0 0 0 0 0 0 0 0 0 0 0 0 0 0 0 
 INPUT ---       0 0 0 0 0 0 0;
 INPUT ---        1 1 1 1 0 1 0 0 0 0 0 0 0 0 0 0 0 0 0 0 0 0 0 0 0 0 0 0 0 
 INPUT ---       0 0 0 0 0 0 0;
 INPUT ---        1 0 0 0 1 0 0 0 0 0 0 0 0 0 0 0 0 0 0 0 0 0 0 0 0 0 0 0 0 
 INPUT ---       0 0 0 0 0 0 0;
 INPUT ---        1 1 0 0 1 0 0 0 0 0 0 0 0 0 0 0 0 0 0 0 0 0 0 0 0 0 0 0 0 
 INPUT ---       0 0 0 0 0 0 0;
 INPUT ---        1 0 1 0 1 0 0 0 0 0 0 0 0 0 0 0 0 0 0 0 0 0 0 0 0 0 0 0 0 
 INPUT ---       0 0 0 0 0 0 0;
 INPUT ---        1 1 1 0 1 1 0 0 0 0 0 0 0 0 0 0 0 0 0 0 0 0 0 0 0 0 0 0 0 
 INPUT ---       0 0 0 0 0 0 0;
 INPUT ---        0 0 0 0 0 0 1 0 0 0 0 0 0 0 0 0 0 0 0 0 0 0 0 0 0 0 0 0 0 
 INPUT ---       0 0 0 0 0 0 0;

Program  MARK  - Survival Rate Estimation with Capture-Recapture Data
 gfortran(dble/PIM2) Vers. 11.1 Nov 2024  15-Feb-2026 11:48:02    Page  004
 - - - - - - - - - - - - - - - - - - - - - - - - - - - - - - - - - - - - - -
 
 INPUT ---        0 0 0 0 0 0 1 1 0 0 0 0 0 0 0 0 0 0 0 0 0 0 0 0 0 0 0 0 0 
 INPUT ---       0 0 0 0 0 0 0;
 INPUT ---        0 0 0 0 0 0 1 0 1 0 0 0 0 0 0 0 0 0 0 0 0 0 0 0 0 0 0 0 0 
 INPUT ---       0 0 0 0 0 0 0;
 INPUT ---        0 0 0 0 0 0 1 0 0 1 0 0 0 0 0 0 0 0 0 0 0 0 0 0 0 0 0 0 0 
 INPUT ---       0 0 0 0 0 0 0;
 INPUT ---        0 0 0 0 0 0 1 0 0 0 1 0 0 0 0 0 0 0 0 0 0 0 0 0 0 0 0 0 0 
 INPUT ---       0 0 0 0 0 0 0;
 INPUT ---        0 0 0 0 0 0 1 0 0 0 0 1 0 0 0 0 0 0 0 0 0 0 0 0 0 0 0 0 0 
 INPUT ---       0 0 0 0 0 0 0;
 INPUT ---        0 0 0 0 0 0 1 0 0 0 0 0 1 0 0 0 0 0 0 0 0 0 0 0 0 0 0 0 0 
 INPUT ---       0 0 0 0 0 0 0;
 INPUT ---        0 0 0 0 0 0 1 0 0 0 0 0 0 1 0 0 0 0 0 0 0 0 0 0 0 0 0 0 0 
 INPUT ---       0 0 0 0 0 0 0;
 INPUT ---        0 0 0 0 0 0 1 0 0 0 0 0 0 0 1 0 0 0 0 0 0 0 0 0 0 0 0 0 0 
 INPUT ---       0 0 0 0 0 0 0;
 INPUT ---        0 0 0 0 0 0 1 0 0 0 0 0 0 0 0 1 0 0 0 0 0 0 0 0 0 0 0 0 0 
 INPUT ---       0 0 0 0 0 0 0;
 INPUT ---        0 0 0 0 0 0 1 0 0 0 0 0 0 0 0 0 1 0 0 0 0 0 0 0 0 0 0 0 0 
 INPUT ---       0 0 0 0 0 0 0;
 INPUT ---        0 0 0 0 0 0 1 0 0 0 0 0 0 0 0 0 0 1 0 0 0 0 0 0 0 0 0 0 0 
 INPUT ---       0 0 0 0 0 0 0;
 INPUT ---        0 0 0 0 0 0 1 0 0 0 0 0 0 0 0 0 0 0 1 0 0 0 0 0 0 0 0 0 0 
 INPUT ---       0 0 0 0 0 0 0;
 INPUT ---        0 0 0 0 0 0 1 0 0 0 0 0 0 0 0 0 0 0 0 1 0 0 0 0 0 0 0 0 0 
 INPUT ---       0 0 0 0 0 0 0;
 INPUT ---        0 0 0 0 0 0 1 0 0 0 0 0 0 0 0 0 0 0 0 0 1 0 0 0 0 0 0 0 0 
 INPUT ---       0 0 0 0 0 0 0;
 INPUT ---        0 0 0 0 0 0 1 0 0 0 0 0 0 0 0 0 0 0 0 0 0 1 0 0 0 0 0 0 0 
 INPUT ---       0 0 0 0 0 0 0;
 INPUT ---        0 0 0 0 0 0 1 0 0 0 0 0 0 0 0 0 0 0 0 0 0 0 1 0 0 0 0 0 0 
 INPUT ---       0 0 0 0 0 0 0;
 INPUT ---        0 0 0 0 0 0 1 0 0 0 0 0 0 0 0 0 0 0 0 0 0 0 0 1 0 0 0 0 0 
 INPUT ---       0 0 0 0 0 0 0;
 INPUT ---        0 0 0 0 0 0 1 0 0 0 0 0 0 0 0 0 0 0 0 0 0 0 0 0 1 0 0 0 0 
 INPUT ---       0 0 0 0 0 0 0;
 INPUT ---        0 0 0 0 0 0 1 0 0 0 0 0 0 0 0 0 0 0 0 0 0 0 0 0 0 1 0 0 0 
 INPUT ---       0 0 0 0 0 0 0;
 INPUT ---        0 0 0 0 0 0 1 0 0 0 0 0 0 0 0 0 0 0 0 0 0 0 0 0 0 0 1 0 0 
 INPUT ---       0 0 0 0 0 0 0;
 INPUT ---        0 0 0 0 0 0 1 0 0 0 0 0 0 0 0 0 0 0 0 0 0 0 0 0 0 0 0 1 0 
 INPUT ---       0 0 0 0 0 0 0;
 INPUT ---        0 0 0 0 0 0 1 0 0 0 0 0 0 0 0 0 0 0 0 0 0 0 0 0 0 0 0 0 1 
 INPUT ---       0 0 0 0 0 0 0;
 INPUT ---        0 0 0 0 0 0 0 0 0 0 0 0 0 0 0 0 0 0 0 0 0 0 0 0 0 0 0 0 0 
 INPUT ---       0 1 0 0 0 0 0;

Program  MARK  - Survival Rate Estimation with Capture-Recapture Data
 gfortran(dble/PIM2) Vers. 11.1 Nov 2024  15-Feb-2026 11:48:02    Page  005
 - - - - - - - - - - - - - - - - - - - - - - - - - - - - - - - - - - - - - -
 
 INPUT ---        0 0 0 0 0 0 0 0 0 0 0 0 0 0 0 0 0 0 0 0 0 0 0 0 0 0 0 0 0 
 INPUT ---       0 1 1 0 0 0 0;
 INPUT ---        0 0 0 0 0 0 0 0 0 0 0 0 0 0 0 0 0 0 0 0 0 0 0 0 0 0 0 0 0 
 INPUT ---       0 1 0 1 0 0 0;
 INPUT ---        0 0 0 0 0 0 0 0 0 0 0 0 0 0 0 0 0 0 0 0 0 0 0 0 0 0 0 0 0 
 INPUT ---       0 1 0 0 1 0 0;
 INPUT ---        0 0 0 0 0 0 0 0 0 0 0 0 0 0 0 0 0 0 0 0 0 0 0 0 0 0 0 0 0 
 INPUT ---       0 1 0 0 0 1 0;
 INPUT ---        0 0 0 0 0 0 0 0 0 0 0 0 0 0 0 0 0 0 0 0 0 0 0 0 0 0 0 0 0 
 INPUT ---       0 1 0 0 0 0 1;
 INPUT ---        0 0 0 0 0 0 0 0 0 0 0 0 0 0 0 0 0 0 0 0 0 0 0 0 0 0 0 0 0 
 INPUT ---       1 0 0 0 0 0 0;
 INPUT ---        0 0 0 0 0 0 0 0 0 0 0 0 0 0 0 0 0 0 0 0 0 0 0 0 0 0 0 0 0 
 INPUT ---       1 0 0 0 0 0 0;
 INPUT ---        0 0 0 0 0 0 0 0 0 0 0 0 0 0 0 0 0 0 0 0 0 0 0 0 0 0 0 0 0 
 INPUT ---       1 0 0 0 0 0 0;
 INPUT ---        0 0 0 0 0 0 0 0 0 0 0 0 0 0 0 0 0 0 0 0 0 0 0 0 0 0 0 0 0 
 INPUT ---       1 0 0 0 0 0 0;
 INPUT ---        0 0 0 0 0 0 0 0 0 0 0 0 0 0 0 0 0 0 0 0 0 0 0 0 0 0 0 0 0 
 INPUT ---       1 0 0 0 0 0 0;
 INPUT ---        0 0 0 0 0 0 0 0 0 0 0 0 0 0 0 0 0 0 0 0 0 0 0 0 0 0 0 0 0 
 INPUT ---       1 0 0 0 0 0 0;
 INPUT ---        0 0 0 0 0 0 0 0 0 0 0 0 0 0 0 0 0 0 0 0 0 0 0 0 0 0 0 0 0 
 INPUT ---       1 0 0 0 0 0 0;
 INPUT ---        0 0 0 0 0 0 0 0 0 0 0 0 0 0 0 0 0 0 0 0 0 0 0 0 0 0 0 0 0 
 INPUT ---       1 0 0 0 0 0 0;
 INPUT ---        0 0 0 0 0 0 0 0 0 0 0 0 0 0 0 0 0 0 0 0 0 0 0 0 0 0 0 0 0 
 INPUT ---       1 0 0 0 0 0 0;
 INPUT ---        0 0 0 0 0 0 0 0 0 0 0 0 0 0 0 0 0 0 0 0 0 0 0 0 0 0 0 0 0 
 INPUT ---       1 0 0 0 0 0 0;
 INPUT ---        0 0 0 0 0 0 0 0 0 0 0 0 0 0 0 0 0 0 0 0 0 0 0 0 0 0 0 0 0 
 INPUT ---       1 0 0 0 0 0 0;
 INPUT ---        0 0 0 0 0 0 0 0 0 0 0 0 0 0 0 0 0 0 0 0 0 0 0 0 0 0 0 0 0 
 INPUT ---       1 0 0 0 0 0 0;
 INPUT ---        0 0 0 0 0 0 0 0 0 0 0 0 0 0 0 0 0 0 0 0 0 0 0 0 0 0 0 0 0 
 INPUT ---       1 0 0 0 0 0 0;
 INPUT ---        0 0 0 0 0 0 0 0 0 0 0 0 0 0 0 0 0 0 0 0 0 0 0 0 0 0 0 0 0 
 INPUT ---       1 0 0 0 0 0 0;
 INPUT ---        0 0 0 0 0 0 0 0 0 0 0 0 0 0 0 0 0 0 0 0 0 0 0 0 0 0 0 0 0 
 INPUT ---       1 0 0 0 0 0 0;
 INPUT ---        0 0 0 0 0 0 0 0 0 0 0 0 0 0 0 0 0 0 0 0 0 0 0 0 0 0 0 0 0 
 INPUT ---       1 0 0 0 0 0 0;
 INPUT ---        0 0 0 0 0 0 0 0 0 0 0 0 0 0 0 0 0 0 0 0 0 0 0 0 0 0 0 0 0 
 INPUT ---       1 0 0 0 0 0 0;
 INPUT ---        0 0 0 0 0 0 0 0 0 0 0 0 0 0 0 0 0 0 0 0 0 0 0 0 0 0 0 0 0 
 INPUT ---       1 0 0 0 0 0 0;

Program  MARK  - Survival Rate Estimation with Capture-Recapture Data
 gfortran(dble/PIM2) Vers. 11.1 Nov 2024  15-Feb-2026 11:48:02    Page  006
 - - - - - - - - - - - - - - - - - - - - - - - - - - - - - - - - - - - - - -
 
 INPUT ---        0 0 0 0 0 0 0 0 0 0 0 0 0 0 0 0 0 0 0 0 0 0 0 0 0 0 0 0 0 
 INPUT ---       1 0 0 0 0 0 0;
 INPUT ---        0 0 0 0 0 0 0 0 0 0 0 0 0 0 0 0 0 0 0 0 0 0 0 0 0 0 0 0 0 
 INPUT ---       1 0 0 0 0 0 0;
 INPUT ---        0 0 0 0 0 0 0 0 0 0 0 0 0 0 0 0 0 0 0 0 0 0 0 0 0 0 0 0 0 
 INPUT ---       1 0 0 0 0 0 0;
 INPUT ---        0 0 0 0 0 0 0 0 0 0 0 0 0 0 0 0 0 0 0 0 0 0 0 0 0 0 0 0 0 
 INPUT ---       1 0 0 0 0 0 0;
 INPUT ---        0 0 0 0 0 0 0 0 0 0 0 0 0 0 0 0 0 0 0 0 0 0 0 0 0 0 0 0 0 
 INPUT ---       1 0 0 0 0 0 0;
 INPUT ---        0 0 0 0 0 0 0 0 0 0 0 0 0 0 0 0 0 0 0 0 0 0 0 0 0 0 0 0 0 
 INPUT ---       1 0 0 0 0 0 0;
 INPUT ---        0 0 0 0 0 0 0 0 0 0 0 0 0 0 0 0 0 0 0 0 0 0 0 0 0 0 0 0 0 
 INPUT ---       1 0 0 0 0 0 0;
 INPUT ---        0 0 0 0 0 0 0 0 0 0 0 0 0 0 0 0 0 0 0 0 0 0 0 0 0 0 0 0 0 
 INPUT ---       1 0 0 0 0 0 0;
 INPUT ---        0 0 0 0 0 0 0 0 0 0 0 0 0 0 0 0 0 0 0 0 0 0 0 0 0 0 0 0 0 
 INPUT ---       1 0 0 0 0 0 0;
 INPUT ---        0 0 0 0 0 0 0 0 0 0 0 0 0 0 0 0 0 0 0 0 0 0 0 0 0 0 0 0 0 
 INPUT ---       1 0 0 0 0 0 0;
 INPUT ---        0 0 0 0 0 0 0 0 0 0 0 0 0 0 0 0 0 0 0 0 0 0 0 0 0 0 0 0 0 
 INPUT ---       1 0 0 0 0 0 0;
 INPUT ---        0 0 0 0 0 0 0 0 0 0 0 0 0 0 0 0 0 0 0 0 0 0 0 0 0 0 0 0 0 
 INPUT ---       1 0 0 0 0 0 0;
 INPUT ---        0 0 0 0 0 0 0 0 0 0 0 0 0 0 0 0 0 0 0 0 0 0 0 0 0 0 0 0 0 
 INPUT ---       1 0 0 0 0 0 0;
 INPUT ---        0 0 0 0 0 0 0 0 0 0 0 0 0 0 0 0 0 0 0 0 0 0 0 0 0 0 0 0 0 
 INPUT ---       1 0 0 0 0 0 0;
 INPUT ---        0 0 0 0 0 0 0 0 0 0 0 0 0 0 0 0 0 0 0 0 0 0 0 0 0 0 0 0 0 
 INPUT ---       1 0 0 0 0 0 0;
 INPUT ---        0 0 0 0 0 0 0 0 0 0 0 0 0 0 0 0 0 0 0 0 0 0 0 0 0 0 0 0 0 
 INPUT ---       1 0 0 0 0 0 0;
 INPUT ---        0 0 0 0 0 0 0 0 0 0 0 0 0 0 0 0 0 0 0 0 0 0 0 0 0 0 0 0 0 
 INPUT ---       1 0 0 0 0 0 0;
 INPUT ---        0 0 0 0 0 0 0 0 0 0 0 0 0 0 0 0 0 0 0 0 0 0 0 0 0 0 0 0 0 
 INPUT ---       1 0 0 0 0 0 0;
 INPUT ---        0 0 0 0 0 0 0 0 0 0 0 0 0 0 0 0 0 0 0 0 0 0 0 0 0 0 0 0 0 
 INPUT ---       1 0 0 0 0 0 0;
 INPUT ---        0 0 0 0 0 0 0 0 0 0 0 0 0 0 0 0 0 0 0 0 0 0 0 0 0 0 0 0 0 
 INPUT ---       1 0 0 0 0 0 0;
 INPUT ---        0 0 0 0 0 0 0 0 0 0 0 0 0 0 0 0 0 0 0 0 0 0 0 0 0 0 0 0 0 
 INPUT ---       1 0 0 0 0 0 0;
 INPUT ---        0 0 0 0 0 0 0 0 0 0 0 0 0 0 0 0 0 0 0 0 0 0 0 0 0 0 0 0 0 
 INPUT ---       1 0 0 0 0 0 0;
 INPUT ---        0 0 0 0 0 0 0 0 0 0 0 0 0 0 0 0 0 0 0 0 0 0 0 0 0 0 0 0 0 
 INPUT ---       1 0 0 0 0 0 0;

Program  MARK  - Survival Rate Estimation with Capture-Recapture Data
 gfortran(dble/PIM2) Vers. 11.1 Nov 2024  15-Feb-2026 11:48:02    Page  007
 - - - - - - - - - - - - - - - - - - - - - - - - - - - - - - - - - - - - - -
 
 INPUT ---        0 0 0 0 0 0 0 0 0 0 0 0 0 0 0 0 0 0 0 0 0 0 0 0 0 0 0 0 0 
 INPUT ---       1 0 0 0 0 0 0;
 INPUT ---        0 0 0 0 0 0 0 0 0 0 0 0 0 0 0 0 0 0 0 0 0 0 0 0 0 0 0 0 0 
 INPUT ---       1 0 0 0 0 0 0;
 INPUT ---        0 0 0 0 0 0 0 0 0 0 0 0 0 0 0 0 0 0 0 0 0 0 0 0 0 0 0 0 0 
 INPUT ---       1 0 0 0 0 0 0;
 INPUT ---        0 0 0 0 0 0 0 0 0 0 0 0 0 0 0 0 0 0 0 0 0 0 0 0 0 0 0 0 0 
 INPUT ---       1 0 0 0 0 0 0;
 INPUT ---        0 0 0 0 0 0 0 0 0 0 0 0 0 0 0 0 0 0 0 0 0 0 0 0 0 0 0 0 0 
 INPUT ---       1 0 0 0 0 0 0;
 INPUT ---        0 0 0 0 0 0 0 0 0 0 0 0 0 0 0 0 0 0 0 0 0 0 0 0 0 0 0 0 0 
 INPUT ---       1 0 0 0 0 0 0;
 INPUT ---        0 0 0 0 0 0 0 0 0 0 0 0 0 0 0 0 0 0 0 0 0 0 0 0 0 0 0 0 0 
 INPUT ---       1 0 0 0 0 0 0;
 INPUT ---        0 0 0 0 0 0 0 0 0 0 0 0 0 0 0 0 0 0 0 0 0 0 0 0 0 0 0 0 0 
 INPUT ---       1 0 0 0 0 0 0;
 INPUT ---        0 0 0 0 0 0 0 0 0 0 0 0 0 0 0 0 0 0 0 0 0 0 0 0 0 0 0 0 0 
 INPUT ---       1 0 0 0 0 0 0;
 INPUT ---        0 0 0 0 0 0 0 0 0 0 0 0 0 0 0 0 0 0 0 0 0 0 0 0 0 0 0 0 0 
 INPUT ---       1 0 0 0 0 0 0;
 INPUT ---        0 0 0 0 0 0 0 0 0 0 0 0 0 0 0 0 0 0 0 0 0 0 0 0 0 0 0 0 0 
 INPUT ---       1 0 0 0 0 0 0;
 INPUT ---        0 0 0 0 0 0 0 0 0 0 0 0 0 0 0 0 0 0 0 0 0 0 0 0 0 0 0 0 0 
 INPUT ---       1 0 0 0 0 0 0;
 INPUT ---        0 0 0 0 0 0 0 0 0 0 0 0 0 0 0 0 0 0 0 0 0 0 0 0 0 0 0 0 0 
 INPUT ---       1 0 0 0 0 0 0;
 INPUT ---        0 0 0 0 0 0 0 0 0 0 0 0 0 0 0 0 0 0 0 0 0 0 0 0 0 0 0 0 0 
 INPUT ---       1 0 0 0 0 0 0;
 INPUT ---        0 0 0 0 0 0 0 0 0 0 0 0 0 0 0 0 0 0 0 0 0 0 0 0 0 0 0 0 0 
 INPUT ---       1 0 0 0 0 0 0;
 INPUT ---        0 0 0 0 0 0 0 0 0 0 0 0 0 0 0 0 0 0 0 0 0 0 0 0 0 0 0 0 0 
 INPUT ---       1 0 0 0 0 0 0;
 INPUT ---        0 0 0 0 0 0 0 0 0 0 0 0 0 0 0 0 0 0 0 0 0 0 0 0 0 0 0 0 0 
 INPUT ---       1 0 0 0 0 0 0;
 INPUT ---        0 0 0 0 0 0 0 0 0 0 0 0 0 0 0 0 0 0 0 0 0 0 0 0 0 0 0 0 0 
 INPUT ---       1 0 0 0 0 0 0;
 INPUT ---        0 0 0 0 0 0 0 0 0 0 0 0 0 0 0 0 0 0 0 0 0 0 0 0 0 0 0 0 0 
 INPUT ---       1 0 0 0 0 0 0;
 INPUT ---        0 0 0 0 0 0 0 0 0 0 0 0 0 0 0 0 0 0 0 0 0 0 0 0 0 0 0 0 0 
 INPUT ---       1 0 0 0 0 0 0;
 INPUT ---        0 0 0 0 0 0 0 0 0 0 0 0 0 0 0 0 0 0 0 0 0 0 0 0 0 0 0 0 0 
 INPUT ---       1 0 0 0 0 0 0;
 INPUT ---        0 0 0 0 0 0 0 0 0 0 0 0 0 0 0 0 0 0 0 0 0 0 0 0 0 0 0 0 0 
 INPUT ---       1 0 0 0 0 0 0;
 INPUT ---        0 0 0 0 0 0 0 0 0 0 0 0 0 0 0 0 0 0 0 0 0 0 0 0 0 0 0 0 0 
 INPUT ---       1 0 0 0 0 0 0;

Program  MARK  - Survival Rate Estimation with Capture-Recapture Data
 gfortran(dble/PIM2) Vers. 11.1 Nov 2024  15-Feb-2026 11:48:02    Page  008
 - - - - - - - - - - - - - - - - - - - - - - - - - - - - - - - - - - - - - -
 
 INPUT ---        0 0 0 0 0 0 0 0 0 0 0 0 0 0 0 0 0 0 0 0 0 0 0 0 0 0 0 0 0 
 INPUT ---       1 0 0 0 0 0 0;
 INPUT ---        0 0 0 0 0 0 0 0 0 0 0 0 0 0 0 0 0 0 0 0 0 0 0 0 0 0 0 0 0 
 INPUT ---       1 0 0 0 0 0 0;
 INPUT ---        0 0 0 0 0 0 0 0 0 0 0 0 0 0 0 0 0 0 0 0 0 0 0 0 0 0 0 0 0 
 INPUT ---       1 0 0 0 0 0 0;
 INPUT ---        0 0 0 0 0 0 0 0 0 0 0 0 0 0 0 0 0 0 0 0 0 0 0 0 0 0 0 0 0 
 INPUT ---       1 0 0 0 0 0 0;
 INPUT ---        0 0 0 0 0 0 0 0 0 0 0 0 0 0 0 0 0 0 0 0 0 0 0 0 0 0 0 0 0 
 INPUT ---       1 0 0 0 0 0 0;
 INPUT ---        0 0 0 0 0 0 0 0 0 0 0 0 0 0 0 0 0 0 0 0 0 0 0 0 0 0 0 0 0 
 INPUT ---       1 0 0 0 0 0 0;
 INPUT ---        0 0 0 0 0 0 0 0 0 0 0 0 0 0 0 0 0 0 0 0 0 0 0 0 0 0 0 0 0 
 INPUT ---       1 0 0 0 0 0 0;
 INPUT ---        0 0 0 0 0 0 0 0 0 0 0 0 0 0 0 0 0 0 0 0 0 0 0 0 0 0 0 0 0 
 INPUT ---       1 0 0 0 0 0 0;
 INPUT ---        0 0 0 0 0 0 0 0 0 0 0 0 0 0 0 0 0 0 0 0 0 0 0 0 0 0 0 0 0 
 INPUT ---       1 0 0 0 0 0 0;
 INPUT ---        0 0 0 0 0 0 0 0 0 0 0 0 0 0 0 0 0 0 0 0 0 0 0 0 0 0 0 0 0 
 INPUT ---       1 0 0 0 0 0 0;
 INPUT ---        0 0 0 0 0 0 0 0 0 0 0 0 0 0 0 0 0 0 0 0 0 0 0 0 0 0 0 0 0 
 INPUT ---       1 0 0 0 0 0 0;
 INPUT ---        0 0 0 0 0 0 0 0 0 0 0 0 0 0 0 0 0 0 0 0 0 0 0 0 0 0 0 0 0 
 INPUT ---       1 0 0 0 0 0 0;
 INPUT ---        0 0 0 0 0 0 0 0 0 0 0 0 0 0 0 0 0 0 0 0 0 0 0 0 0 0 0 0 0 
 INPUT ---       1 0 0 0 0 0 0;
 INPUT ---        0 0 0 0 0 0 0 0 0 0 0 0 0 0 0 0 0 0 0 0 0 0 0 0 0 0 0 0 0 
 INPUT ---       1 0 0 0 0 0 0;
 INPUT ---        0 0 0 0 0 0 0 0 0 0 0 0 0 0 0 0 0 0 0 0 0 0 0 0 0 0 0 0 0 
 INPUT ---       1 0 0 0 0 0 0;
 INPUT ---        0 0 0 0 0 0 0 0 0 0 0 0 0 0 0 0 0 0 0 0 0 0 0 0 0 0 0 0 0 
 INPUT ---       1 0 0 0 0 0 0;
 INPUT ---        0 0 0 0 0 0 0 0 0 0 0 0 0 0 0 0 0 0 0 0 0 0 0 0 0 0 0 0 0 
 INPUT ---       1 0 0 0 0 0 0;
 INPUT ---        0 0 0 0 0 0 0 0 0 0 0 0 0 0 0 0 0 0 0 0 0 0 0 0 0 0 0 0 0 
 INPUT ---       1 0 0 0 0 0 0;
 INPUT ---        0 0 0 0 0 0 0 0 0 0 0 0 0 0 0 0 0 0 0 0 0 0 0 0 0 0 0 0 0 
 INPUT ---       1 0 0 0 0 0 0;
 INPUT ---        0 0 0 0 0 0 0 0 0 0 0 0 0 0 0 0 0 0 0 0 0 0 0 0 0 0 0 0 0 
 INPUT ---       1 0 0 0 0 0 0;
 INPUT ---        0 0 0 0 0 0 0 0 0 0 0 0 0 0 0 0 0 0 0 0 0 0 0 0 0 0 0 0 0 
 INPUT ---       1 0 0 0 0 0 0;
 INPUT ---        0 0 0 0 0 0 0 0 0 0 0 0 0 0 0 0 0 0 0 0 0 0 0 0 0 0 0 0 0 
 INPUT ---       1 0 0 0 0 0 0;
 INPUT ---        0 0 0 0 0 0 0 0 0 0 0 0 0 0 0 0 0 0 0 0 0 0 0 0 0 0 0 0 0 
 INPUT ---       1 0 0 0 0 0 0;

Program  MARK  - Survival Rate Estimation with Capture-Recapture Data
 gfortran(dble/PIM2) Vers. 11.1 Nov 2024  15-Feb-2026 11:48:02    Page  009
 - - - - - - - - - - - - - - - - - - - - - - - - - - - - - - - - - - - - - -
 
 INPUT ---        0 0 0 0 0 0 0 0 0 0 0 0 0 0 0 0 0 0 0 0 0 0 0 0 0 0 0 0 0 
 INPUT ---       1 0 0 0 0 0 0;
 INPUT ---        0 0 0 0 0 0 0 0 0 0 0 0 0 0 0 0 0 0 0 0 0 0 0 0 0 0 0 0 0 
 INPUT ---       1 0 0 0 0 0 0;
 INPUT ---        0 0 0 0 0 0 0 0 0 0 0 0 0 0 0 0 0 0 0 0 0 0 0 0 0 0 0 0 0 
 INPUT ---       1 0 0 0 0 0 0;
 INPUT ---        0 0 0 0 0 0 0 0 0 0 0 0 0 0 0 0 0 0 0 0 0 0 0 0 0 0 0 0 0 
 INPUT ---       1 0 0 0 0 0 0;
 INPUT ---        0 0 0 0 0 0 0 0 0 0 0 0 0 0 0 0 0 0 0 0 0 0 0 0 0 0 0 0 0 
 INPUT ---       1 0 0 0 0 0 0;
 INPUT ---        0 0 0 0 0 0 0 0 0 0 0 0 0 0 0 0 0 0 0 0 0 0 0 0 0 0 0 0 0 
 INPUT ---       1 0 0 0 0 0 0;
 INPUT ---        0 0 0 0 0 0 0 0 0 0 0 0 0 0 0 0 0 0 0 0 0 0 0 0 0 0 0 0 0 
 INPUT ---       1 0 0 0 0 0 0;
 INPUT ---        0 0 0 0 0 0 0 0 0 0 0 0 0 0 0 0 0 0 0 0 0 0 0 0 0 0 0 0 0 
 INPUT ---       1 0 0 0 0 0 0;
 INPUT ---        0 0 0 0 0 0 0 0 0 0 0 0 0 0 0 0 0 0 0 0 0 0 0 0 0 0 0 0 0 
 INPUT ---       1 0 0 0 0 0 0;
 INPUT ---        0 0 0 0 0 0 0 0 0 0 0 0 0 0 0 0 0 0 0 0 0 0 0 0 0 0 0 0 0 
 INPUT ---       1 0 0 0 0 0 0;
 INPUT ---        0 0 0 0 0 0 0 0 0 0 0 0 0 0 0 0 0 0 0 0 0 0 0 0 0 0 0 0 0 
 INPUT ---       1 0 0 0 0 0 0;
 INPUT ---        0 0 0 0 0 0 0 0 0 0 0 0 0 0 0 0 0 0 0 0 0 0 0 0 0 0 0 0 0 
 INPUT ---       1 0 0 0 0 0 0;
 INPUT ---        0 0 0 0 0 0 0 0 0 0 0 0 0 0 0 0 0 0 0 0 0 0 0 0 0 0 0 0 0 
 INPUT ---       1 0 0 0 0 0 0;
 INPUT ---        0 0 0 0 0 0 0 0 0 0 0 0 0 0 0 0 0 0 0 0 0 0 0 0 0 0 0 0 0 
 INPUT ---       1 0 0 0 0 0 0;
 INPUT ---        0 0 0 0 0 0 0 0 0 0 0 0 0 0 0 0 0 0 0 0 0 0 0 0 0 0 0 0 0 
 INPUT ---       1 0 0 0 0 0 0;
 INPUT ---        0 0 0 0 0 0 0 0 0 0 0 0 0 0 0 0 0 0 0 0 0 0 0 0 0 0 0 0 0 
 INPUT ---       1 0 0 0 0 0 0;
 INPUT ---        0 0 0 0 0 0 0 0 0 0 0 0 0 0 0 0 0 0 0 0 0 0 0 0 0 0 0 0 0 
 INPUT ---       1 0 0 0 0 0 0;
 INPUT ---        0 0 0 0 0 0 0 0 0 0 0 0 0 0 0 0 0 0 0 0 0 0 0 0 0 0 0 0 0 
 INPUT ---       1 0 0 0 0 0 0;
 INPUT ---        0 0 0 0 0 0 0 0 0 0 0 0 0 0 0 0 0 0 0 0 0 0 0 0 0 0 0 0 0 
 INPUT ---       1 0 0 0 0 0 0;
 INPUT ---        0 0 0 0 0 0 0 0 0 0 0 0 0 0 0 0 0 0 0 0 0 0 0 0 0 0 0 0 0 
 INPUT ---       1 0 0 0 0 0 0;
 INPUT ---        0 0 0 0 0 0 0 0 0 0 0 0 0 0 0 0 0 0 0 0 0 0 0 0 0 0 0 0 0 
 INPUT ---       1 0 0 0 0 0 0;
 INPUT ---        0 0 0 0 0 0 0 0 0 0 0 0 0 0 0 0 0 0 0 0 0 0 0 0 0 0 0 0 0 
 INPUT ---       1 0 0 0 0 0 0;
 INPUT ---        0 0 0 0 0 0 0 0 0 0 0 0 0 0 0 0 0 0 0 0 0 0 0 0 0 0 0 0 0 
 INPUT ---       1 0 0 0 0 0 0;

Program  MARK  - Survival Rate Estimation with Capture-Recapture Data
 gfortran(dble/PIM2) Vers. 11.1 Nov 2024  15-Feb-2026 11:48:02    Page  010
 - - - - - - - - - - - - - - - - - - - - - - - - - - - - - - - - - - - - - -
 
 INPUT ---        0 0 0 0 0 0 0 0 0 0 0 0 0 0 0 0 0 0 0 0 0 0 0 0 0 0 0 0 0 
 INPUT ---       1 0 0 0 0 0 0;
 INPUT ---        0 0 0 0 0 0 0 0 0 0 0 0 0 0 0 0 0 0 0 0 0 0 0 0 0 0 0 0 0 
 INPUT ---       1 0 0 0 0 0 0;
 INPUT ---        0 0 0 0 0 0 0 0 0 0 0 0 0 0 0 0 0 0 0 0 0 0 0 0 0 0 0 0 0 
 INPUT ---       1 0 0 0 0 0 0;
 INPUT ---        0 0 0 0 0 0 0 0 0 0 0 0 0 0 0 0 0 0 0 0 0 0 0 0 0 0 0 0 0 
 INPUT ---       1 0 0 0 0 0 0;
 INPUT ---        0 0 0 0 0 0 0 0 0 0 0 0 0 0 0 0 0 0 0 0 0 0 0 0 0 0 0 0 0 
 INPUT ---       1 0 0 0 0 0 0;
 INPUT ---        0 0 0 0 0 0 0 0 0 0 0 0 0 0 0 0 0 0 0 0 0 0 0 0 0 0 0 0 0 
 INPUT ---       1 0 0 0 0 0 0;
 INPUT ---        0 0 0 0 0 0 0 0 0 0 0 0 0 0 0 0 0 0 0 0 0 0 0 0 0 0 0 0 0 
 INPUT ---       1 0 0 0 0 0 0;
 INPUT ---        0 0 0 0 0 0 0 0 0 0 0 0 0 0 0 0 0 0 0 0 0 0 0 0 0 0 0 0 0 
 INPUT ---       1 0 0 0 0 0 0;
 INPUT ---        0 0 0 0 0 0 0 0 0 0 0 0 0 0 0 0 0 0 0 0 0 0 0 0 0 0 0 0 0 
 INPUT ---       1 0 0 0 0 0 0;
 INPUT ---        0 0 0 0 0 0 0 0 0 0 0 0 0 0 0 0 0 0 0 0 0 0 0 0 0 0 0 0 0 
 INPUT ---       1 0 0 0 0 0 0;
 INPUT ---        0 0 0 0 0 0 0 0 0 0 0 0 0 0 0 0 0 0 0 0 0 0 0 0 0 0 0 0 0 
 INPUT ---       1 0 0 0 0 0 0;
 INPUT ---        0 0 0 0 0 0 0 0 0 0 0 0 0 0 0 0 0 0 0 0 0 0 0 0 0 0 0 0 0 
 INPUT ---       1 0 0 0 0 0 0;
 INPUT ---        0 0 0 0 0 0 0 0 0 0 0 0 0 0 0 0 0 0 0 0 0 0 0 0 0 0 0 0 0 
 INPUT ---       1 0 0 0 0 0 0;
 INPUT ---        0 0 0 0 0 0 0 0 0 0 0 0 0 0 0 0 0 0 0 0 0 0 0 0 0 0 0 0 0 
 INPUT ---       1 0 0 0 0 0 0;
 INPUT ---        0 0 0 0 0 0 0 0 0 0 0 0 0 0 0 0 0 0 0 0 0 0 0 0 0 0 0 0 0 
 INPUT ---       1 0 0 0 0 0 0;
 INPUT ---        0 0 0 0 0 0 0 0 0 0 0 0 0 0 0 0 0 0 0 0 0 0 0 0 0 0 0 0 0 
 INPUT ---       1 0 0 0 0 0 0;
 INPUT ---        0 0 0 0 0 0 0 0 0 0 0 0 0 0 0 0 0 0 0 0 0 0 0 0 0 0 0 0 0 
 INPUT ---       1 0 0 0 0 0 0;
 INPUT ---        0 0 0 0 0 0 0 0 0 0 0 0 0 0 0 0 0 0 0 0 0 0 0 0 0 0 0 0 0 
 INPUT ---       1 0 0 0 0 0 0;
 INPUT ---        0 0 0 0 0 0 0 0 0 0 0 0 0 0 0 0 0 0 0 0 0 0 0 0 0 0 0 0 0 
 INPUT ---       1 0 0 0 0 0 0;
 INPUT ---        0 0 0 0 0 0 0 0 0 0 0 0 0 0 0 0 0 0 0 0 0 0 0 0 0 0 0 0 0 
 INPUT ---       1 0 0 0 0 0 0;
 INPUT ---        0 0 0 0 0 0 0 0 0 0 0 0 0 0 0 0 0 0 0 0 0 0 0 0 0 0 0 0 0 
 INPUT ---       1 0 0 0 0 0 0;
 INPUT ---        0 0 0 0 0 0 0 0 0 0 0 0 0 0 0 0 0 0 0 0 0 0 0 0 0 0 0 0 0 
 INPUT ---       1 0 0 0 0 0 0;
 INPUT ---    links=173;
 INPUT ---       Logit;

Program  MARK  - Survival Rate Estimation with Capture-Recapture Data
 gfortran(dble/PIM2) Vers. 11.1 Nov 2024  15-Feb-2026 11:48:02    Page  011
 - - - - - - - - - - - - - - - - - - - - - - - - - - - - - - - - - - - - - -
 
 INPUT ---       Logit;
 INPUT ---       Logit;
 INPUT ---       Logit;
 INPUT ---       Logit;
 INPUT ---       Logit;
 INPUT ---       Logit;
 INPUT ---       Logit;
 INPUT ---       Logit;
 INPUT ---       Logit;
 INPUT ---       Logit;
 INPUT ---       Logit;
 INPUT ---       Logit;
 INPUT ---       Logit;
 INPUT ---       Logit;
 INPUT ---       Logit;
 INPUT ---       Logit;
 INPUT ---       Logit;
 INPUT ---       Logit;
 INPUT ---       Logit;
 INPUT ---       Logit;
 INPUT ---       Logit;
 INPUT ---       Logit;
 INPUT ---       Logit;
 INPUT ---       Logit;
 INPUT ---       Logit;
 INPUT ---       Logit;
 INPUT ---       Logit;
 INPUT ---       Logit;
 INPUT ---       Logit;
 INPUT ---       Logit;
 INPUT ---       Logit;
 INPUT ---       Logit;
 INPUT ---       Logit;
 INPUT ---       Logit;
 INPUT ---       Log;
 INPUT ---       Log;
 INPUT ---       Log;
 INPUT ---       Log;
 INPUT ---       Log;
 INPUT ---       Log;
 INPUT ---       mlogit(1);
 INPUT ---       mlogit(1);
 INPUT ---       mlogit(1);
 INPUT ---       mlogit(1);
 INPUT ---       mlogit(1);
 INPUT ---       mlogit(1);

Program  MARK  - Survival Rate Estimation with Capture-Recapture Data
 gfortran(dble/PIM2) Vers. 11.1 Nov 2024  15-Feb-2026 11:48:02    Page  012
 - - - - - - - - - - - - - - - - - - - - - - - - - - - - - - - - - - - - - -
 
 INPUT ---       mlogit(1);
 INPUT ---       mlogit(1);
 INPUT ---       mlogit(1);
 INPUT ---       mlogit(1);
 INPUT ---       mlogit(1);
 INPUT ---       mlogit(1);
 INPUT ---       mlogit(1);
 INPUT ---       mlogit(1);
 INPUT ---       mlogit(1);
 INPUT ---       mlogit(1);
 INPUT ---       mlogit(1);
 INPUT ---       mlogit(1);
 INPUT ---       mlogit(1);
 INPUT ---       mlogit(1);
 INPUT ---       mlogit(1);
 INPUT ---       mlogit(1);
 INPUT ---       mlogit(2);
 INPUT ---       mlogit(2);
 INPUT ---       mlogit(2);
 INPUT ---       mlogit(2);
 INPUT ---       mlogit(2);
 INPUT ---       mlogit(2);
 INPUT ---       mlogit(2);
 INPUT ---       mlogit(2);
 INPUT ---       mlogit(2);
 INPUT ---       mlogit(2);
 INPUT ---       mlogit(2);
 INPUT ---       mlogit(2);
 INPUT ---       mlogit(2);
 INPUT ---       mlogit(2);
 INPUT ---       mlogit(2);
 INPUT ---       mlogit(2);
 INPUT ---       mlogit(2);
 INPUT ---       mlogit(2);
 INPUT ---       mlogit(2);
 INPUT ---       mlogit(2);
 INPUT ---       mlogit(2);
 INPUT ---       mlogit(2);
 INPUT ---       mlogit(3);
 INPUT ---       mlogit(3);
 INPUT ---       mlogit(3);
 INPUT ---       mlogit(3);
 INPUT ---       mlogit(3);
 INPUT ---       mlogit(3);
 INPUT ---       mlogit(3);
 INPUT ---       mlogit(3);

Program  MARK  - Survival Rate Estimation with Capture-Recapture Data
 gfortran(dble/PIM2) Vers. 11.1 Nov 2024  15-Feb-2026 11:48:02    Page  013
 - - - - - - - - - - - - - - - - - - - - - - - - - - - - - - - - - - - - - -
 
 INPUT ---       mlogit(3);
 INPUT ---       mlogit(3);
 INPUT ---       mlogit(3);
 INPUT ---       mlogit(3);
 INPUT ---       mlogit(3);
 INPUT ---       mlogit(3);
 INPUT ---       mlogit(3);
 INPUT ---       mlogit(3);
 INPUT ---       mlogit(3);
 INPUT ---       mlogit(3);
 INPUT ---       mlogit(3);
 INPUT ---       mlogit(3);
 INPUT ---       mlogit(3);
 INPUT ---       mlogit(3);
 INPUT ---       mlogit(4);
 INPUT ---       mlogit(4);
 INPUT ---       mlogit(4);
 INPUT ---       mlogit(4);
 INPUT ---       mlogit(4);
 INPUT ---       mlogit(4);
 INPUT ---       mlogit(4);
 INPUT ---       mlogit(4);
 INPUT ---       mlogit(4);
 INPUT ---       mlogit(4);
 INPUT ---       mlogit(4);
 INPUT ---       mlogit(4);
 INPUT ---       mlogit(4);
 INPUT ---       mlogit(4);
 INPUT ---       mlogit(4);
 INPUT ---       mlogit(4);
 INPUT ---       mlogit(4);
 INPUT ---       mlogit(4);
 INPUT ---       mlogit(4);
 INPUT ---       mlogit(4);
 INPUT ---       mlogit(4);
 INPUT ---       mlogit(4);
 INPUT ---       mlogit(5);
 INPUT ---       mlogit(5);
 INPUT ---       mlogit(5);
 INPUT ---       mlogit(5);
 INPUT ---       mlogit(5);
 INPUT ---       mlogit(5);
 INPUT ---       mlogit(5);
 INPUT ---       mlogit(5);
 INPUT ---       mlogit(5);
 INPUT ---       mlogit(5);

Program  MARK  - Survival Rate Estimation with Capture-Recapture Data
 gfortran(dble/PIM2) Vers. 11.1 Nov 2024  15-Feb-2026 11:48:02    Page  014
 - - - - - - - - - - - - - - - - - - - - - - - - - - - - - - - - - - - - - -
 
 INPUT ---       mlogit(5);
 INPUT ---       mlogit(5);
 INPUT ---       mlogit(5);
 INPUT ---       mlogit(5);
 INPUT ---       mlogit(5);
 INPUT ---       mlogit(5);
 INPUT ---       mlogit(5);
 INPUT ---       mlogit(5);
 INPUT ---       mlogit(5);
 INPUT ---       mlogit(5);
 INPUT ---       mlogit(5);
 INPUT ---       mlogit(5);
 INPUT ---       mlogit(6);
 INPUT ---       mlogit(6);
 INPUT ---       mlogit(6);
 INPUT ---       mlogit(6);
 INPUT ---       mlogit(6);
 INPUT ---       mlogit(6);
 INPUT ---       mlogit(6);
 INPUT ---       mlogit(6);
 INPUT ---       mlogit(6);
 INPUT ---       mlogit(6);
 INPUT ---       mlogit(6);
 INPUT ---       mlogit(6);
 INPUT ---       mlogit(6);
 INPUT ---       mlogit(6);
 INPUT ---       mlogit(6);
 INPUT ---       mlogit(6);
 INPUT ---       mlogit(6);
 INPUT ---       mlogit(6);
 INPUT ---       mlogit(6);
 INPUT ---       mlogit(6);
 INPUT ---       mlogit(6);
 INPUT ---       mlogit(6);
 INPUT ---       blabel(1)=Phi:(Intercept);
 INPUT ---       blabel(2)=Phi:Seasonhibernation;
 INPUT ---       blabel(3)=Phi:valleyS;
 INPUT ---       blabel(4)=Phi:altitude2;
 INPUT ---       blabel(5)=Phi:altitude3;
 INPUT ---       blabel(6)=Phi:Seasonhibernation:valleyS;
 INPUT ---       blabel(7)=p:(Intercept);
 INPUT ---       blabel(8)=p:time1.49277266754271;
 INPUT ---       blabel(9)=p:time2.01839684625493;
 INPUT ---       blabel(10)=p:time2.51116951379763;
 INPUT ---       blabel(11)=p:time3.00394218134034;
 INPUT ---       blabel(12)=p:time3.49671484888305;

Program  MARK  - Survival Rate Estimation with Capture-Recapture Data
 gfortran(dble/PIM2) Vers. 11.1 Nov 2024  15-Feb-2026 11:48:02    Page  015
 - - - - - - - - - - - - - - - - - - - - - - - - - - - - - - - - - - - - - -
 
 INPUT ---       blabel(13)=p:time4.02233902759527;
 INPUT ---       blabel(14)=p:time4.51511169513798;
 INPUT ---       blabel(15)=p:time5.0407358738502;
 INPUT ---       blabel(16)=p:time5.5335085413929;
 INPUT ---       blabel(17)=p:time6.35479632063075;
 INPUT ---       blabel(18)=p:time13.3193166885677;
 INPUT ---       blabel(19)=p:time14.3377135348226;
 INPUT ---       blabel(20)=p:time15.323258869908;
 INPUT ---       blabel(21)=p:time16.0131406044678;
 INPUT ---       blabel(22)=p:time16.5059132720105;
 INPUT ---       blabel(23)=p:time17.0315374507227;
 INPUT ---       blabel(24)=p:time17.5243101182654;
 INPUT ---       blabel(25)=p:time26.3613666228647;
 INPUT ---       blabel(26)=p:time27.3469119579501;
 INPUT ---       blabel(27)=p:time28.365308804205;
 INPUT ---       blabel(28)=p:time29.3837056504599;
 INPUT ---       blabel(29)=p:time30.3692509855453;
 INPUT ---       blabel(30)=pent:(Intercept);
 INPUT ---       blabel(31)=N:(Intercept);
 INPUT ---       blabel(32)=N:groupS1;
 INPUT ---       blabel(33)=N:groupR2;
 INPUT ---       blabel(34)=N:groupS2;
 INPUT ---       blabel(35)=N:groupR3;
 INPUT ---       blabel(36)=N:groupS3;
 INPUT ---       rlabel(1)=Phi gR1 a0 t1;
 INPUT ---       rlabel(2)=Phi gR1 a12.3193166885677 t13.3193166885677;
 INPUT ---       rlabel(3)=Phi gS1 a0 t1;
 INPUT ---       rlabel(4)=Phi gS1 a12.3193166885677 t13.3193166885677;
 INPUT ---       rlabel(5)=Phi gR2 a0 t1;
 INPUT ---       rlabel(6)=Phi gR2 a12.3193166885677 t13.3193166885677;
 INPUT ---       rlabel(7)=Phi gS2 a0 t1;
 INPUT ---       rlabel(8)=Phi gS2 a12.3193166885677 t13.3193166885677;
 INPUT ---       rlabel(9)=Phi gR3 a0 t1;
 INPUT ---       rlabel(10)=Phi gR3 a12.3193166885677 t13.3193166885677;
 INPUT ---       rlabel(11)=Phi gS3 a0 t1;
 INPUT ---       rlabel(12)=Phi gS3 a12.3193166885677 t13.3193166885677;
 INPUT ---       rlabel(13)=p gR1 a0 t1;
 INPUT ---       rlabel(14)=p gR1 a0.492772667542707 t1.49277266754271;
 INPUT ---       rlabel(15)=p gR1 a1.01839684625493 t2.01839684625493;
 INPUT ---       rlabel(16)=p gR1 a1.51116951379763 t2.51116951379763;
 INPUT ---       rlabel(17)=p gR1 a2.00394218134034 t3.00394218134034;
 INPUT ---       rlabel(18)=p gR1 a2.49671484888305 t3.49671484888305;
 INPUT ---       rlabel(19)=p gR1 a3.02233902759527 t4.02233902759527;
 INPUT ---       rlabel(20)=p gR1 a3.51511169513798 t4.51511169513798;
 INPUT ---       rlabel(21)=p gR1 a4.0407358738502 t5.0407358738502;
 INPUT ---       rlabel(22)=p gR1 a4.5335085413929 t5.5335085413929;

Program  MARK  - Survival Rate Estimation with Capture-Recapture Data
 gfortran(dble/PIM2) Vers. 11.1 Nov 2024  15-Feb-2026 11:48:02    Page  016
 - - - - - - - - - - - - - - - - - - - - - - - - - - - - - - - - - - - - - -
 
 INPUT ---       rlabel(23)=p gR1 a5.35479632063075 t6.35479632063075;
 INPUT ---       rlabel(24)=p gR1 a12.3193166885677 t13.3193166885677;
 INPUT ---       rlabel(25)=p gR1 a13.3377135348226 t14.3377135348226;
 INPUT ---       rlabel(26)=p gR1 a14.323258869908 t15.323258869908;
 INPUT ---       rlabel(27)=p gR1 a15.0131406044678 t16.0131406044678;
 INPUT ---       rlabel(28)=p gR1 a15.5059132720105 t16.5059132720105;
 INPUT ---       rlabel(29)=p gR1 a16.0315374507227 t17.0315374507227;
 INPUT ---       rlabel(30)=p gR1 a16.5243101182654 t17.5243101182654;
 INPUT ---       rlabel(31)=p gR1 a25.3613666228647 t26.3613666228647;
 INPUT ---       rlabel(32)=p gR1 a26.3469119579501 t27.3469119579501;
 INPUT ---       rlabel(33)=p gR1 a27.365308804205 t28.365308804205;
 INPUT ---       rlabel(34)=p gR1 a28.3837056504599 t29.3837056504599;
 INPUT ---       rlabel(35)=p gR1 a29.3692509855453 t30.3692509855453;
 INPUT ---       rlabel(36)=N gR1 a0 t1;
 INPUT ---       rlabel(37)=N gS1 a0 t1;
 INPUT ---       rlabel(38)=N gR2 a0 t1;
 INPUT ---       rlabel(39)=N gS2 a0 t1;
 INPUT ---       rlabel(40)=N gR3 a0 t1;
 INPUT ---       rlabel(41)=N gS3 a0 t1;
 INPUT ---       rlabel(42)=pent gR1 a0.492772667542707 t1.49277266754271;
 INPUT ---       rlabel(43)=pent gR1 a1.01839684625493 t2.01839684625493;
 INPUT ---       rlabel(44)=pent gR1 a1.51116951379763 t2.51116951379763;
 INPUT ---       rlabel(45)=pent gR1 a2.00394218134034 t3.00394218134034;
 INPUT ---       rlabel(46)=pent gR1 a2.49671484888305 t3.49671484888305;
 INPUT ---       rlabel(47)=pent gR1 a3.02233902759527 t4.02233902759527;
 INPUT ---       rlabel(48)=pent gR1 a3.51511169513798 t4.51511169513798;
 INPUT ---       rlabel(49)=pent gR1 a4.0407358738502 t5.0407358738502;
 INPUT ---       rlabel(50)=pent gR1 a4.5335085413929 t5.5335085413929;
 INPUT ---       rlabel(51)=pent gR1 a5.35479632063075 t6.35479632063075;
 INPUT ---       rlabel(52)=pent gR1 a12.3193166885677 t13.3193166885677;
 INPUT ---       rlabel(53)=pent gR1 a13.3377135348226 t14.3377135348226;
 INPUT ---       rlabel(54)=pent gR1 a14.323258869908 t15.323258869908;
 INPUT ---       rlabel(55)=pent gR1 a15.0131406044678 t16.0131406044678;
 INPUT ---       rlabel(56)=pent gR1 a15.5059132720105 t16.5059132720105;
 INPUT ---       rlabel(57)=pent gR1 a16.0315374507227 t17.0315374507227;
 INPUT ---       rlabel(58)=pent gR1 a16.5243101182654 t17.5243101182654;
 INPUT ---       rlabel(59)=pent gR1 a25.3613666228647 t26.3613666228647;
 INPUT ---       rlabel(60)=pent gR1 a26.3469119579501 t27.3469119579501;
 INPUT ---       rlabel(61)=pent gR1 a27.365308804205 t28.365308804205;
 INPUT ---       rlabel(62)=pent gR1 a28.3837056504599 t29.3837056504599;
 INPUT ---       rlabel(63)=pent gR1 a29.3692509855453 t30.3692509855453;
 INPUT ---       rlabel(64)=pent gS1 a0.492772667542707 t1.49277266754271;
 INPUT ---       rlabel(65)=pent gS1 a1.01839684625493 t2.01839684625493;
 INPUT ---       rlabel(66)=pent gS1 a1.51116951379763 t2.51116951379763;
 INPUT ---       rlabel(67)=pent gS1 a2.00394218134034 t3.00394218134034;
 INPUT ---       rlabel(68)=pent gS1 a2.49671484888305 t3.49671484888305;

Program  MARK  - Survival Rate Estimation with Capture-Recapture Data
 gfortran(dble/PIM2) Vers. 11.1 Nov 2024  15-Feb-2026 11:48:02    Page  017
 - - - - - - - - - - - - - - - - - - - - - - - - - - - - - - - - - - - - - -
 
 INPUT ---       rlabel(69)=pent gS1 a3.02233902759527 t4.02233902759527;
 INPUT ---       rlabel(70)=pent gS1 a3.51511169513798 t4.51511169513798;
 INPUT ---       rlabel(71)=pent gS1 a4.0407358738502 t5.0407358738502;
 INPUT ---       rlabel(72)=pent gS1 a4.5335085413929 t5.5335085413929;
 INPUT ---       rlabel(73)=pent gS1 a5.35479632063075 t6.35479632063075;
 INPUT ---       rlabel(74)=pent gS1 a12.3193166885677 t13.3193166885677;
 INPUT ---       rlabel(75)=pent gS1 a13.3377135348226 t14.3377135348226;
 INPUT ---       rlabel(76)=pent gS1 a14.323258869908 t15.323258869908;
 INPUT ---       rlabel(77)=pent gS1 a15.0131406044678 t16.0131406044678;
 INPUT ---       rlabel(78)=pent gS1 a15.5059132720105 t16.5059132720105;
 INPUT ---       rlabel(79)=pent gS1 a16.0315374507227 t17.0315374507227;
 INPUT ---       rlabel(80)=pent gS1 a16.5243101182654 t17.5243101182654;
 INPUT ---       rlabel(81)=pent gS1 a25.3613666228647 t26.3613666228647;
 INPUT ---       rlabel(82)=pent gS1 a26.3469119579501 t27.3469119579501;
 INPUT ---       rlabel(83)=pent gS1 a27.365308804205 t28.365308804205;
 INPUT ---       rlabel(84)=pent gS1 a28.3837056504599 t29.3837056504599;
 INPUT ---       rlabel(85)=pent gS1 a29.3692509855453 t30.3692509855453;
 INPUT ---       rlabel(86)=pent gR2 a0.492772667542707 t1.49277266754271;
 INPUT ---       rlabel(87)=pent gR2 a1.01839684625493 t2.01839684625493;
 INPUT ---       rlabel(88)=pent gR2 a1.51116951379763 t2.51116951379763;
 INPUT ---       rlabel(89)=pent gR2 a2.00394218134034 t3.00394218134034;
 INPUT ---       rlabel(90)=pent gR2 a2.49671484888305 t3.49671484888305;
 INPUT ---       rlabel(91)=pent gR2 a3.02233902759527 t4.02233902759527;
 INPUT ---       rlabel(92)=pent gR2 a3.51511169513798 t4.51511169513798;
 INPUT ---       rlabel(93)=pent gR2 a4.0407358738502 t5.0407358738502;
 INPUT ---       rlabel(94)=pent gR2 a4.5335085413929 t5.5335085413929;
 INPUT ---       rlabel(95)=pent gR2 a5.35479632063075 t6.35479632063075;
 INPUT ---       rlabel(96)=pent gR2 a12.3193166885677 t13.3193166885677;
 INPUT ---       rlabel(97)=pent gR2 a13.3377135348226 t14.3377135348226;
 INPUT ---       rlabel(98)=pent gR2 a14.323258869908 t15.323258869908;
 INPUT ---       rlabel(99)=pent gR2 a15.0131406044678 t16.0131406044678;
 INPUT ---       rlabel(100)=pent gR2 a15.5059132720105 t16.5059132720105;
 INPUT ---       rlabel(101)=pent gR2 a16.0315374507227 t17.0315374507227;
 INPUT ---       rlabel(102)=pent gR2 a16.5243101182654 t17.5243101182654;
 INPUT ---       rlabel(103)=pent gR2 a25.3613666228647 t26.3613666228647;
 INPUT ---       rlabel(104)=pent gR2 a26.3469119579501 t27.3469119579501;
 INPUT ---       rlabel(105)=pent gR2 a27.365308804205 t28.365308804205;
 INPUT ---       rlabel(106)=pent gR2 a28.3837056504599 t29.3837056504599;
 INPUT ---       rlabel(107)=pent gR2 a29.3692509855453 t30.3692509855453;
 INPUT ---       rlabel(108)=pent gS2 a0.492772667542707 t1.49277266754271;
 INPUT ---       rlabel(109)=pent gS2 a1.01839684625493 t2.01839684625493;
 INPUT ---       rlabel(110)=pent gS2 a1.51116951379763 t2.51116951379763;
 INPUT ---       rlabel(111)=pent gS2 a2.00394218134034 t3.00394218134034;
 INPUT ---       rlabel(112)=pent gS2 a2.49671484888305 t3.49671484888305;
 INPUT ---       rlabel(113)=pent gS2 a3.02233902759527 t4.02233902759527;
 INPUT ---       rlabel(114)=pent gS2 a3.51511169513798 t4.51511169513798;

Program  MARK  - Survival Rate Estimation with Capture-Recapture Data
 gfortran(dble/PIM2) Vers. 11.1 Nov 2024  15-Feb-2026 11:48:02    Page  018
 - - - - - - - - - - - - - - - - - - - - - - - - - - - - - - - - - - - - - -
 
 INPUT ---       rlabel(115)=pent gS2 a4.0407358738502 t5.0407358738502;
 INPUT ---       rlabel(116)=pent gS2 a4.5335085413929 t5.5335085413929;
 INPUT ---       rlabel(117)=pent gS2 a5.35479632063075 t6.35479632063075;
 INPUT ---       rlabel(118)=pent gS2 a12.3193166885677 t13.3193166885677;
 INPUT ---       rlabel(119)=pent gS2 a13.3377135348226 t14.3377135348226;
 INPUT ---       rlabel(120)=pent gS2 a14.323258869908 t15.323258869908;
 INPUT ---       rlabel(121)=pent gS2 a15.0131406044678 t16.0131406044678;
 INPUT ---       rlabel(122)=pent gS2 a15.5059132720105 t16.5059132720105;
 INPUT ---       rlabel(123)=pent gS2 a16.0315374507227 t17.0315374507227;
 INPUT ---       rlabel(124)=pent gS2 a16.5243101182654 t17.5243101182654;
 INPUT ---       rlabel(125)=pent gS2 a25.3613666228647 t26.3613666228647;
 INPUT ---       rlabel(126)=pent gS2 a26.3469119579501 t27.3469119579501;
 INPUT ---       rlabel(127)=pent gS2 a27.365308804205 t28.365308804205;
 INPUT ---       rlabel(128)=pent gS2 a28.3837056504599 t29.3837056504599;
 INPUT ---       rlabel(129)=pent gS2 a29.3692509855453 t30.3692509855453;
 INPUT ---       rlabel(130)=pent gR3 a0.492772667542707 t1.49277266754271;
 INPUT ---       rlabel(131)=pent gR3 a1.01839684625493 t2.01839684625493;
 INPUT ---       rlabel(132)=pent gR3 a1.51116951379763 t2.51116951379763;
 INPUT ---       rlabel(133)=pent gR3 a2.00394218134034 t3.00394218134034;
 INPUT ---       rlabel(134)=pent gR3 a2.49671484888305 t3.49671484888305;
 INPUT ---       rlabel(135)=pent gR3 a3.02233902759527 t4.02233902759527;
 INPUT ---       rlabel(136)=pent gR3 a3.51511169513798 t4.51511169513798;
 INPUT ---       rlabel(137)=pent gR3 a4.0407358738502 t5.0407358738502;
 INPUT ---       rlabel(138)=pent gR3 a4.5335085413929 t5.5335085413929;
 INPUT ---       rlabel(139)=pent gR3 a5.35479632063075 t6.35479632063075;
 INPUT ---       rlabel(140)=pent gR3 a12.3193166885677 t13.3193166885677;
 INPUT ---       rlabel(141)=pent gR3 a13.3377135348226 t14.3377135348226;
 INPUT ---       rlabel(142)=pent gR3 a14.323258869908 t15.323258869908;
 INPUT ---       rlabel(143)=pent gR3 a15.0131406044678 t16.0131406044678;
 INPUT ---       rlabel(144)=pent gR3 a15.5059132720105 t16.5059132720105;
 INPUT ---       rlabel(145)=pent gR3 a16.0315374507227 t17.0315374507227;
 INPUT ---       rlabel(146)=pent gR3 a16.5243101182654 t17.5243101182654;
 INPUT ---       rlabel(147)=pent gR3 a25.3613666228647 t26.3613666228647;
 INPUT ---       rlabel(148)=pent gR3 a26.3469119579501 t27.3469119579501;
 INPUT ---       rlabel(149)=pent gR3 a27.365308804205 t28.365308804205;
 INPUT ---       rlabel(150)=pent gR3 a28.3837056504599 t29.3837056504599;
 INPUT ---       rlabel(151)=pent gR3 a29.3692509855453 t30.3692509855453;
 INPUT ---       rlabel(152)=pent gS3 a0.492772667542707 t1.49277266754271;
 INPUT ---       rlabel(153)=pent gS3 a1.01839684625493 t2.01839684625493;
 INPUT ---       rlabel(154)=pent gS3 a1.51116951379763 t2.51116951379763;
 INPUT ---       rlabel(155)=pent gS3 a2.00394218134034 t3.00394218134034;
 INPUT ---       rlabel(156)=pent gS3 a2.49671484888305 t3.49671484888305;
 INPUT ---       rlabel(157)=pent gS3 a3.02233902759527 t4.02233902759527;
 INPUT ---       rlabel(158)=pent gS3 a3.51511169513798 t4.51511169513798;
 INPUT ---       rlabel(159)=pent gS3 a4.0407358738502 t5.0407358738502;
 INPUT ---       rlabel(160)=pent gS3 a4.5335085413929 t5.5335085413929;

Program  MARK  - Survival Rate Estimation with Capture-Recapture Data
 gfortran(dble/PIM2) Vers. 11.1 Nov 2024  15-Feb-2026 11:48:02    Page  019
 - - - - - - - - - - - - - - - - - - - - - - - - - - - - - - - - - - - - - -
 
 INPUT ---       rlabel(161)=pent gS3 a5.35479632063075 t6.35479632063075;
 INPUT ---       rlabel(162)=pent gS3 a12.3193166885677 t13.3193166885677;
 INPUT ---       rlabel(163)=pent gS3 a13.3377135348226 t14.3377135348226;
 INPUT ---       rlabel(164)=pent gS3 a14.323258869908 t15.323258869908;
 INPUT ---       rlabel(165)=pent gS3 a15.0131406044678 t16.0131406044678;
 INPUT ---       rlabel(166)=pent gS3 a15.5059132720105 t16.5059132720105;
 INPUT ---       rlabel(167)=pent gS3 a16.0315374507227 t17.0315374507227;
 INPUT ---       rlabel(168)=pent gS3 a16.5243101182654 t17.5243101182654;
 INPUT ---       rlabel(169)=pent gS3 a25.3613666228647 t26.3613666228647;
 INPUT ---       rlabel(170)=pent gS3 a26.3469119579501 t27.3469119579501;
 INPUT ---       rlabel(171)=pent gS3 a27.365308804205 t28.365308804205;
 INPUT ---       rlabel(172)=pent gS3 a28.3837056504599 t29.3837056504599;
 INPUT ---       rlabel(173)=pent gS3 a29.3692509855453 t30.3692509855453;
   Model is { full_pent_constant }

 Link Function Used is PARM-SPECIFIC

 Variance Estimation Procedure Used is 2ndPart 

 M(t+1):
      12      5     14      4     74     23

 Group 1 = valleyR.altitude1

 U(t)+UL(t):
       2    0    0    0    1    0    1    0    1    1    1    3    0    0    0
       0    2    0    0    0    0    0    0

 U(t):
       2    0    0    0    1    0    1    0    1    1    1    3    0    0    0
       0    2    0    0    0    0    0    0

 UL(t):
       0    0    0    0    0    0    0    0    0    0    0    0    0    0    0
       0    0    0    0    0    0    0    0

 Not Released(t):
       0    0    0    0    0    0    0    0    0    0    0    0    0    0    0
       0    0    0    0    0    0    0    0

 Group 2 = valleyS.altitude1

 U(t)+UL(t):
       0    0    0    1    1    0    2    0    0    0    0    0    0    0    1
       0    0    0    0    0    0    0    0

 U(t):
       0    0    0    1    1    0    2    0    0    0    0    0    0    0    1
       0    0    0    0    0    0    0    0

 UL(t):
       0    0    0    0    0    0    0    0    0    0    0    0    0    0    0
       0    0    0    0    0    0    0    0

 Not Released(t):
       0    0    0    0    0    0    0    0    0    0    0    0    0    0    0
       0    0    0    0    0    0    0    0

 Group 3 = valleyR.altitude2

 U(t)+UL(t):
       2    0    0    0    1    0    1    0    0    0    1    1    0    1    0
       0    0    2    3    0    0    0    2

 U(t):
       2    0    0    0    1    0    1    0    0    0    1    1    0    1    0
       0    0    2    3    0    0    0    2

 UL(t):
       0    0    0    0    0    0    0    0    0    0    0    0    0    0    0
       0    0    0    0    0    0    0    0

 Not Released(t):
       0    0    0    0    0    0    0    0    0    0    0    0    0    0    0
       0    0    0    0    0    0    0    0

 Group 4 = valleyS.altitude2

 U(t)+UL(t):
       0    0    0    1    0    1    0    0    0    0    0    2    0    0    0
       0    0    0    0    0    0    0    0

 U(t):
       0    0    0    1    0    1    0    0    0    0    0    2    0    0    0
       0    0    0    0    0    0    0    0

 UL(t):
       0    0    0    0    0    0    0    0    0    0    0    0    0    0    0
       0    0    0    0    0    0    0    0

 Not Released(t):
       0    0    0    0    0    0    0    0    0    0    0    0    0    0    0
       0    0    0    0    0    0    0    0

 Group 5 = valleyR.altitude3

 U(t)+UL(t):
       3    6    2    2    1    0    4    1    3    0    0    9    2    0    5
       6    2    2   10    1    9    6    0

 U(t):
       3    6    2    2    1    0    4    1    3    0    0    9    2    0    5
       6    2    2   10    1    9    6    0

 UL(t):
       0    0    0    0    0    0    0    0    0    0    0    0    0    0    0
       0    0    0    0    0    0    0    0

 Not Released(t):
       0    0    0    0    0    0    0    0    0    0    0    0    0    0    0
       0    0    0    0    0    0    0    0

 Group 6 = valleyS.altitude3

 U(t)+UL(t):
       0    1    1    0    0    1    1    2    3    4    0    1    3    0    1
       1    1    0    0    2    1    0    0

 U(t):
       0    1    1    0    0    1    1    2    3    4    0    1    3    0    1
       1    1    0    0    2    1    0    0

 UL(t):
       0    0    0    0    0    0    0    0    0    0    0    0    0    0    0
       0    0    0    0    0    0    0    0

 Not Released(t):
       0    0    0    0    0    0    0    0    0    0    0    0    0    0    0
       0    0    0    0    0    0    0    0


 -2logL(saturated) = 760.43885     
 Effective Sample Size = 224

 Number of function evaluations was 58 for 36 parameters.
 For numerical optimization, CPU Time was 0.281 secs and System Time was 0.234 secs.
 -2logL { full_pent_constant } = 869.20327     
 Penalty { full_pent_constant } = 0.0000000     
 Gradient { full_pent_constant }:
 -3.00532E-05 -3.87022E-06   0.0000       0.0000       0.0000    
   0.0000     -4.47644E-05 -7.97825E-06  1.53790E-05   0.0000    
  1.09917E-05 -4.91222E-06 -1.25704E-05   0.0000      9.52043E-06
 -8.29027E-06  2.92769E-06 -2.54468E-05 -1.03556E-05  9.49723E-06
  5.47679E-06   0.0000      6.39928E-06   0.0000     -1.77659E-05
 -5.17698E-06  1.28576E-05 -8.38009E-06  6.78873E-06 -1.36574E-05
 -3.97696E-05 -9.74920E-06 -2.80583E-05   0.0000     -2.97503E-05
 -8.91751E-06
 Maximum ABS(G) { full_pent_constant } =  4.47644E-05
 To compute VC matrix, CPU Time was 0.375 secs and System Time was 0.219 secs.

Program  MARK  - Survival Rate Estimation with Capture-Recapture Data
 gfortran(dble/PIM2) Vers. 11.1 Nov 2024  15-Feb-2026 11:48:03    Page  020
 - - - - - - - - - - - - - - - - - - - - - - - - - - - - - - - - - - - - - -
 
 S Vector { full_pent_constant }:
   214.1794      50.85801      30.43845      20.25699      14.37157    
   13.97248      12.95172      10.76058      10.56522      10.10364    
   9.336041      8.948833      8.331727      8.149239      7.112818    
   7.042975      6.957621      6.889191      6.578968      5.985334    
   5.487986      5.302192      4.724466      4.248299      4.138139    
   3.841557      3.791712      3.071231      2.525291      2.005801    
   1.853373      1.665076     0.9286436     0.6271370     0.3045951    
  0.1954269E-01
 To invert VC matrix, CPU Time was 0.001 secs and System Time was 0.001 secs.
 Ratio Threshold = 50.00 Max Gap (35/36) = 15.59 Next Max Gap (1/2) = 4.211
 Gap Method for Num. of Estimated Parameters { full_pent_constant } = 36          
 Threshold { full_pent_constant } = 0.8952879E-04           
 Numerical Threshold Method for Num. of Estimated Parameters { full_pent_constant } = 36          
 Number of Estimated Parameters { full_pent_constant } = 36          
 DEVIANCE { full_pent_constant } = 108.76442               
 DEVIANCE Degrees of Freedom { full_pent_constant } = 48          
 c-hat { full_pent_constant } = 2.2659254               
 AIC { full_pent_constant } = 941.20327               
 AICc { full_pent_constant } = 955.44926               
 BIC { full_pent_constant } = 1064.0225               
 Pearson Chisquare { full_pent_constant } = 0.6786978E+08           
 Possible Encounter Histories { full_pent_constant } = 50331642          
 Pearson Chisquare df { full_pent_constant } = 50331600          
 Pearson chat { full_pent_constant } = 1.3484526               
 Sum(Observed/Expected) { full_pent_constant } = 0.6786983E+08           
 s-bar { full_pent_constant } = 0.3484526               
 Fletcher chat { full_pent_constant } = 1.0000000               


             PARM-SPECIFIC Link Function Parameters of { full_pent_constant }
                                                              95% Confidence Interval
    Parameter                  Beta         Standard Error     Lower           Upper
 -------------------------  --------------  --------------  --------------  --------------
    1:Phi:(Intercept)        2.5540876       0.5816921       1.4139710       3.6942042    
    2:Phi:Seasonhibernatio  -2.9426110       1.0028402      -4.9081779      -0.9770441    
    3:Phi:valleyS           -1.0546570       0.6192289      -2.2683457       0.1590317    
    4:Phi:altitude2          0.5467407       0.5660808      -0.5627776       1.6562591    
    5:Phi:altitude3          0.6616575       0.4556199      -0.2313576       1.5546726    
    6:Phi:Seasonhibernatio   1.3890082       1.6591799      -1.8629845       4.6410009    
    7:p:(Intercept)          0.3634801       1.4950129      -2.5667452       3.2937054    
    8:p:time1.492772667542  -0.9125517       1.3040929      -3.4685739       1.6434704    
    9:p:time2.018396846254  -1.9765477       1.4578965      -4.8340249       0.8809294    
   10:p:time2.511169513797  -1.8567709       1.4755430      -4.7488353       1.0352934    
   11:p:time3.003942181340  -1.7764322       1.4872222      -4.6913878       1.1385233    
   12:p:time3.496714848883  -2.1062945       1.5088833      -5.0637059       0.8511169    

Program  MARK  - Survival Rate Estimation with Capture-Recapture Data
 gfortran(dble/PIM2) Vers. 11.1 Nov 2024  15-Feb-2026 11:48:03    Page  021
 - - - - - - - - - - - - - - - - - - - - - - - - - - - - - - - - - - - - - -
 
   13:p:time4.022339027595  -1.4277326       1.4993311      -4.3664215       1.5109564    
   14:p:time4.515111695137  -2.4333170       1.5298494      -5.4318218       0.5651879    
   15:p:time5.040735873850  -2.2054869       1.5255081      -5.1954827       0.7845090    
   16:p:time5.533508541392  -2.6811360       1.5412676      -5.7020206       0.3397486    
   17:p:time6.354796320630  -4.2118990       1.6613486      -7.4681423      -0.9556557    
   18:p:time13.31931668856  -1.3985394       1.5392756      -4.4155197       1.6184409    
   19:p:time14.33771353482  -1.9469624       1.5658066      -5.0159433       1.1220186    
   20:p:time15.32325886990  -2.2133191       1.5689560      -5.2884730       0.8618347    
   21:p:time16.01314060446  -1.7860889       1.5563484      -4.8365319       1.2643542    
   22:p:time16.50591327201  -2.0262898       1.5568821      -5.0777787       1.0251991    
   23:p:time17.03153745072  -1.3844575       1.5523364      -4.4270368       1.6581219    
   24:p:time17.52431011826  -3.4604014       1.6058545      -6.6078763      -0.3129265    
   25:p:time26.36136662286  -1.5766442       1.5877873      -4.6887073       1.5354189    
   26:p:time27.34691195795  -1.9474373       1.6101288      -5.1032898       1.2084151    
   27:p:time28.36530880420  -1.3735129       1.5932863      -4.4963540       1.7493282    
   28:p:time29.38370565045  -2.6416807       1.6017028      -5.7810183       0.4976569    
   29:p:time30.36925098554  -3.4953366       1.6489992      -6.7273752      -0.2632980    
   30:pent:(Intercept)      -0.1172529       0.6839151      -1.4577265       1.2232208    
   31:N:(Intercept)          2.4531132       0.4787207       1.5148207       3.3914057    
   32:N:groupS1             -0.5651281       0.7795838      -2.0931125       0.9628562    
   33:N:groupR2             -0.0876417       0.6502300      -1.3620925       1.1868090    
   34:N:groupS2             -1.0834933       0.9420538      -2.9299188       0.7629322    
   35:N:groupR3              1.5644833       0.5000432       0.5843985       2.5445681    
   36:N:groupS3              0.7111074       0.5711303      -0.4083080       1.8305228    


                    Real Function Parameters of { full_pent_constant }
                                                               95% Confidence Interval
     Parameter                Estimate       Standard Error     Lower           Upper
 --------------------------  --------------  --------------  --------------  --------------
     1:Phi gR1 a0 t1          0.9278476       0.0389422       0.8043915       0.9757361       
     2:Phi gR1 a12.31931668   0.4040728       0.1670319       0.1482874       0.7253287       
     3:Phi gS1 a0 t1          0.8174895       0.0828575       0.6013172       0.9300791       
     4:Phi gS1 a12.31931668   0.4864603       0.3461441       0.0589707       0.9347217       
     5:Phi gR2 a0 t1          0.9569269       0.0272754       0.8586135       0.9878456       
     6:Phi gR2 a12.31931668   0.5394720       0.1761593       0.2259132       0.8246200       
     7:Phi gS2 a0 t1          0.8855602       0.0548071       0.7283350       0.9571458       
     8:Phi gS2 a12.31931668   0.6207113       0.3220161       0.1008068       0.9598220       
     9:Phi gR3 a0 t1          0.9614225       0.0228717       0.8815385       0.9881606       
    10:Phi gR3 a12.31931668   0.5678622       0.1407702       0.2991778       0.8017844       
    11:Phi gS3 a0 t1          0.8967004       0.0419597       0.7812955       0.9547369       
    12:Phi gS3 a12.31931668   0.6473670       0.2971508       0.1252307       0.9592530       
    13:p gR1 a0 t1            0.5898826       0.3616752       0.0713095       0.9642122       
    14:p gR1 a0.49277266754   0.3660798       0.1361398       0.1546098       0.6458281       
    15:p gR1 a1.01839684625   0.1661632       0.0743265       0.0651005       0.3631708       
    16:p gR1 a1.51116951379   0.1834283       0.0688269       0.0836363       0.3560279       
    17:p gR1 a2.00394218134   0.1957688       0.0648396       0.0979569       0.3530248       

Program  MARK  - Survival Rate Estimation with Capture-Recapture Data
 gfortran(dble/PIM2) Vers. 11.1 Nov 2024  15-Feb-2026 11:48:03    Page  022
 - - - - - - - - - - - - - - - - - - - - - - - - - - - - - - - - - - - - - -
 
    18:p gR1 a2.49671484888   0.1489558       0.0526624       0.0719547       0.2832120       
    19:p gR1 a3.02233902759   0.2564976       0.0642952       0.1512217       0.4004828       
    20:p gR1 a3.51511169513   0.1120633       0.0397661       0.0545198       0.2164381       
    21:p gR1 a4.04073587385   0.1368141       0.0415892       0.0736281       0.2401670       
    22:p gR1 a4.53350854139   0.0896712       0.0319881       0.0437005       0.1751441       
    23:p gR1 a5.35479632063   0.0208686       0.0148104       0.0051220       0.0810795       
    24:p gR1 a12.3193166885   0.2621044       0.0702711       0.1484012       0.4199636       
    25:p gR1 a13.3377135348   0.1703029       0.0595827       0.0824159       0.3192984       
    26:p gR1 a14.3232588699   0.1358918       0.0499547       0.0639446       0.2658032       
    27:p gR1 a15.0131406044   0.1942529       0.0567948       0.1058530       0.3292900       
    28:p gR1 a15.5059132720   0.1593852       0.0482306       0.0856167       0.2774291       
    29:p gR1 a16.0315374507   0.2648371       0.0617694       0.1620843       0.4015156       
    30:p gR1 a16.5243101182   0.0432344       0.0219993       0.0156840       0.1135951       
    31:p gR1 a25.3613666228   0.2291417       0.0822903       0.1065686       0.4255458       
    32:p gR1 a26.3469119579   0.1702358       0.0716975       0.0705153       0.3568382       
    33:p gR1 a27.3653088042   0.2669734       0.0856051       0.1338426       0.4619081       
    34:p gR1 a28.3837056504   0.0929445       0.0410940       0.0379214       0.2103496       
    35:p gR1 a29.3692509855   0.0418122       0.0250973       0.0126213       0.1296510       
    36:N gR1 a0 t1            23.624480       5.5648785       16.772096       40.316391       
    37:N gS1 a0 t1            11.606044       4.5368656       6.9535382       27.338862       
    38:N gR2 a0 t1            24.649058       5.1325068       18.347894       40.082153       
    39:N gS2 a0 t1            7.9338549       3.2797434       4.9472112       20.337660       
    40:N gR3 a0 t1            129.56739       13.041035       109.29560       161.48213       
    41:N gS3 a0 t1            46.670288       8.4265096       35.027282       69.584299       
    42:pent gR1 a0.49277266   0.0432444       0.0014381       0.0405118       0.0461524       
    43:pent gR1 a1.01839684   0.0432444       0.0014381       0.0405118       0.0461524       
    44:pent gR1 a1.51116951   0.0432444       0.0014381       0.0405118       0.0461524       
    45:pent gR1 a2.00394218   0.0432444       0.0014381       0.0405118       0.0461524       
    46:pent gR1 a2.49671484   0.0432444       0.0014381       0.0405118       0.0461524       
    47:pent gR1 a3.02233902   0.0432444       0.0014381       0.0405118       0.0461524       
    48:pent gR1 a3.51511169   0.0432444       0.0014381       0.0405118       0.0461524       
    49:pent gR1 a4.04073587   0.0432444       0.0014381       0.0405118       0.0461524       
    50:pent gR1 a4.53350854   0.0432444       0.0014381       0.0405118       0.0461524       
    51:pent gR1 a5.35479632   0.0432444       0.0014381       0.0405118       0.0461524       
    52:pent gR1 a12.3193166   0.0432444       0.0014381       0.0405118       0.0461524       
    53:pent gR1 a13.3377135   0.0432444       0.0014381       0.0405118       0.0461524       
    54:pent gR1 a14.3232588   0.0432444       0.0014381       0.0405118       0.0461524       
    55:pent gR1 a15.0131406   0.0432444       0.0014381       0.0405118       0.0461524       
    56:pent gR1 a15.5059132   0.0432444       0.0014381       0.0405118       0.0461524       
    57:pent gR1 a16.0315374   0.0432444       0.0014381       0.0405118       0.0461524       
    58:pent gR1 a16.5243101   0.0432444       0.0014381       0.0405118       0.0461524       
    59:pent gR1 a25.3613666   0.0432444       0.0014381       0.0405118       0.0461524       
    60:pent gR1 a26.3469119   0.0432444       0.0014381       0.0405118       0.0461524       
    61:pent gR1 a27.3653088   0.0432444       0.0014381       0.0405118       0.0461524       
    62:pent gR1 a28.3837056   0.0432444       0.0014381       0.0405118       0.0461524       
    63:pent gR1 a29.3692509   0.0432444       0.0014381       0.0405118       0.0461524       

Program  MARK  - Survival Rate Estimation with Capture-Recapture Data
 gfortran(dble/PIM2) Vers. 11.1 Nov 2024  15-Feb-2026 11:48:03    Page  023
 - - - - - - - - - - - - - - - - - - - - - - - - - - - - - - - - - - - - - -
 
    64:pent gS1 a0.49277266   0.0432444       0.0014381       0.0405118       0.0461524       
    65:pent gS1 a1.01839684   0.0432444       0.0014381       0.0405118       0.0461524       
    66:pent gS1 a1.51116951   0.0432444       0.0014381       0.0405118       0.0461524       
    67:pent gS1 a2.00394218   0.0432444       0.0014381       0.0405118       0.0461524       
    68:pent gS1 a2.49671484   0.0432444       0.0014381       0.0405118       0.0461524       
    69:pent gS1 a3.02233902   0.0432444       0.0014381       0.0405118       0.0461524       
    70:pent gS1 a3.51511169   0.0432444       0.0014381       0.0405118       0.0461524       
    71:pent gS1 a4.04073587   0.0432444       0.0014381       0.0405118       0.0461524       
    72:pent gS1 a4.53350854   0.0432444       0.0014381       0.0405118       0.0461524       
    73:pent gS1 a5.35479632   0.0432444       0.0014381       0.0405118       0.0461524       
    74:pent gS1 a12.3193166   0.0432444       0.0014381       0.0405118       0.0461524       
    75:pent gS1 a13.3377135   0.0432444       0.0014381       0.0405118       0.0461524       
    76:pent gS1 a14.3232588   0.0432444       0.0014381       0.0405118       0.0461524       
    77:pent gS1 a15.0131406   0.0432444       0.0014381       0.0405118       0.0461524       
    78:pent gS1 a15.5059132   0.0432444       0.0014381       0.0405118       0.0461524       
    79:pent gS1 a16.0315374   0.0432444       0.0014381       0.0405118       0.0461524       
    80:pent gS1 a16.5243101   0.0432444       0.0014381       0.0405118       0.0461524       
    81:pent gS1 a25.3613666   0.0432444       0.0014381       0.0405118       0.0461524       
    82:pent gS1 a26.3469119   0.0432444       0.0014381       0.0405118       0.0461524       
    83:pent gS1 a27.3653088   0.0432444       0.0014381       0.0405118       0.0461524       
    84:pent gS1 a28.3837056   0.0432444       0.0014381       0.0405118       0.0461524       
    85:pent gS1 a29.3692509   0.0432444       0.0014381       0.0405118       0.0461524       
    86:pent gR2 a0.49277266   0.0432444       0.0014381       0.0405118       0.0461524       
    87:pent gR2 a1.01839684   0.0432444       0.0014381       0.0405118       0.0461524       
    88:pent gR2 a1.51116951   0.0432444       0.0014381       0.0405118       0.0461524       
    89:pent gR2 a2.00394218   0.0432444       0.0014381       0.0405118       0.0461524       
    90:pent gR2 a2.49671484   0.0432444       0.0014381       0.0405118       0.0461524       
    91:pent gR2 a3.02233902   0.0432444       0.0014381       0.0405118       0.0461524       
    92:pent gR2 a3.51511169   0.0432444       0.0014381       0.0405118       0.0461524       
    93:pent gR2 a4.04073587   0.0432444       0.0014381       0.0405118       0.0461524       
    94:pent gR2 a4.53350854   0.0432444       0.0014381       0.0405118       0.0461524       
    95:pent gR2 a5.35479632   0.0432444       0.0014381       0.0405118       0.0461524       
    96:pent gR2 a12.3193166   0.0432444       0.0014381       0.0405118       0.0461524       
    97:pent gR2 a13.3377135   0.0432444       0.0014381       0.0405118       0.0461524       
    98:pent gR2 a14.3232588   0.0432444       0.0014381       0.0405118       0.0461524       
    99:pent gR2 a15.0131406   0.0432444       0.0014381       0.0405118       0.0461524       
   100:pent gR2 a15.5059132   0.0432444       0.0014381       0.0405118       0.0461524       
   101:pent gR2 a16.0315374   0.0432444       0.0014381       0.0405118       0.0461524       
   102:pent gR2 a16.5243101   0.0432444       0.0014381       0.0405118       0.0461524       
   103:pent gR2 a25.3613666   0.0432444       0.0014381       0.0405118       0.0461524       
   104:pent gR2 a26.3469119   0.0432444       0.0014381       0.0405118       0.0461524       
   105:pent gR2 a27.3653088   0.0432444       0.0014381       0.0405118       0.0461524       
   106:pent gR2 a28.3837056   0.0432444       0.0014381       0.0405118       0.0461524       
   107:pent gR2 a29.3692509   0.0432444       0.0014381       0.0405118       0.0461524       
   108:pent gS2 a0.49277266   0.0432444       0.0014381       0.0405118       0.0461524       
   109:pent gS2 a1.01839684   0.0432444       0.0014381       0.0405118       0.0461524       

Program  MARK  - Survival Rate Estimation with Capture-Recapture Data
 gfortran(dble/PIM2) Vers. 11.1 Nov 2024  15-Feb-2026 11:48:03    Page  024
 - - - - - - - - - - - - - - - - - - - - - - - - - - - - - - - - - - - - - -
 
   110:pent gS2 a1.51116951   0.0432444       0.0014381       0.0405118       0.0461524       
   111:pent gS2 a2.00394218   0.0432444       0.0014381       0.0405118       0.0461524       
   112:pent gS2 a2.49671484   0.0432444       0.0014381       0.0405118       0.0461524       
   113:pent gS2 a3.02233902   0.0432444       0.0014381       0.0405118       0.0461524       
   114:pent gS2 a3.51511169   0.0432444       0.0014381       0.0405118       0.0461524       
   115:pent gS2 a4.04073587   0.0432444       0.0014381       0.0405118       0.0461524       
   116:pent gS2 a4.53350854   0.0432444       0.0014381       0.0405118       0.0461524       
   117:pent gS2 a5.35479632   0.0432444       0.0014381       0.0405118       0.0461524       
   118:pent gS2 a12.3193166   0.0432444       0.0014381       0.0405118       0.0461524       
   119:pent gS2 a13.3377135   0.0432444       0.0014381       0.0405118       0.0461524       
   120:pent gS2 a14.3232588   0.0432444       0.0014381       0.0405118       0.0461524       
   121:pent gS2 a15.0131406   0.0432444       0.0014381       0.0405118       0.0461524       
   122:pent gS2 a15.5059132   0.0432444       0.0014381       0.0405118       0.0461524       
   123:pent gS2 a16.0315374   0.0432444       0.0014381       0.0405118       0.0461524       
   124:pent gS2 a16.5243101   0.0432444       0.0014381       0.0405118       0.0461524       
   125:pent gS2 a25.3613666   0.0432444       0.0014381       0.0405118       0.0461524       
   126:pent gS2 a26.3469119   0.0432444       0.0014381       0.0405118       0.0461524       
   127:pent gS2 a27.3653088   0.0432444       0.0014381       0.0405118       0.0461524       
   128:pent gS2 a28.3837056   0.0432444       0.0014381       0.0405118       0.0461524       
   129:pent gS2 a29.3692509   0.0432444       0.0014381       0.0405118       0.0461524       
   130:pent gR3 a0.49277266   0.0432444       0.0014381       0.0405118       0.0461524       
   131:pent gR3 a1.01839684   0.0432444       0.0014381       0.0405118       0.0461524       
   132:pent gR3 a1.51116951   0.0432444       0.0014381       0.0405118       0.0461524       
   133:pent gR3 a2.00394218   0.0432444       0.0014381       0.0405118       0.0461524       
   134:pent gR3 a2.49671484   0.0432444       0.0014381       0.0405118       0.0461524       
   135:pent gR3 a3.02233902   0.0432444       0.0014381       0.0405118       0.0461524       
   136:pent gR3 a3.51511169   0.0432444       0.0014381       0.0405118       0.0461524       
   137:pent gR3 a4.04073587   0.0432444       0.0014381       0.0405118       0.0461524       
   138:pent gR3 a4.53350854   0.0432444       0.0014381       0.0405118       0.0461524       
   139:pent gR3 a5.35479632   0.0432444       0.0014381       0.0405118       0.0461524       
   140:pent gR3 a12.3193166   0.0432444       0.0014381       0.0405118       0.0461524       
   141:pent gR3 a13.3377135   0.0432444       0.0014381       0.0405118       0.0461524       
   142:pent gR3 a14.3232588   0.0432444       0.0014381       0.0405118       0.0461524       
   143:pent gR3 a15.0131406   0.0432444       0.0014381       0.0405118       0.0461524       
   144:pent gR3 a15.5059132   0.0432444       0.0014381       0.0405118       0.0461524       
   145:pent gR3 a16.0315374   0.0432444       0.0014381       0.0405118       0.0461524       
   146:pent gR3 a16.5243101   0.0432444       0.0014381       0.0405118       0.0461524       
   147:pent gR3 a25.3613666   0.0432444       0.0014381       0.0405118       0.0461524       
   148:pent gR3 a26.3469119   0.0432444       0.0014381       0.0405118       0.0461524       
   149:pent gR3 a27.3653088   0.0432444       0.0014381       0.0405118       0.0461524       
   150:pent gR3 a28.3837056   0.0432444       0.0014381       0.0405118       0.0461524       
   151:pent gR3 a29.3692509   0.0432444       0.0014381       0.0405118       0.0461524       
   152:pent gS3 a0.49277266   0.0432444       0.0014381       0.0405118       0.0461524       
   153:pent gS3 a1.01839684   0.0432444       0.0014381       0.0405118       0.0461524       
   154:pent gS3 a1.51116951   0.0432444       0.0014381       0.0405118       0.0461524       
   155:pent gS3 a2.00394218   0.0432444       0.0014381       0.0405118       0.0461524       

Program  MARK  - Survival Rate Estimation with Capture-Recapture Data
 gfortran(dble/PIM2) Vers. 11.1 Nov 2024  15-Feb-2026 11:48:03    Page  025
 - - - - - - - - - - - - - - - - - - - - - - - - - - - - - - - - - - - - - -
 
   156:pent gS3 a2.49671484   0.0432444       0.0014381       0.0405118       0.0461524       
   157:pent gS3 a3.02233902   0.0432444       0.0014381       0.0405118       0.0461524       
   158:pent gS3 a3.51511169   0.0432444       0.0014381       0.0405118       0.0461524       
   159:pent gS3 a4.04073587   0.0432444       0.0014381       0.0405118       0.0461524       
   160:pent gS3 a4.53350854   0.0432444       0.0014381       0.0405118       0.0461524       
   161:pent gS3 a5.35479632   0.0432444       0.0014381       0.0405118       0.0461524       
   162:pent gS3 a12.3193166   0.0432444       0.0014381       0.0405118       0.0461524       
   163:pent gS3 a13.3377135   0.0432444       0.0014381       0.0405118       0.0461524       
   164:pent gS3 a14.3232588   0.0432444       0.0014381       0.0405118       0.0461524       
   165:pent gS3 a15.0131406   0.0432444       0.0014381       0.0405118       0.0461524       
   166:pent gS3 a15.5059132   0.0432444       0.0014381       0.0405118       0.0461524       
   167:pent gS3 a16.0315374   0.0432444       0.0014381       0.0405118       0.0461524       
   168:pent gS3 a16.5243101   0.0432444       0.0014381       0.0405118       0.0461524       
   169:pent gS3 a25.3613666   0.0432444       0.0014381       0.0405118       0.0461524       
   170:pent gS3 a26.3469119   0.0432444       0.0014381       0.0405118       0.0461524       
   171:pent gS3 a27.3653088   0.0432444       0.0014381       0.0405118       0.0461524       
   172:pent gS3 a28.3837056   0.0432444       0.0014381       0.0405118       0.0461524       
   173:pent gS3 a29.3692509   0.0432444       0.0014381       0.0405118       0.0461524       


                     Estimates of Derived Parameters

       Gross Birth+Immigration Estimates of { full_pent_constant }
                                                95% Confidence Interval
 Grp. Occ.     B*-hat        Standard Error      Lower           Upper
 ---- ----   --------------  --------------  --------------  --------------
   1     1    1.0405917       0.2544633       0.6488452       1.6688590    
   1     2    1.0418644       0.2549651       0.6494158       1.6714736    
   1     3    1.0405917       0.2544633       0.6488452       1.6688590    
   1     4    1.0405917       0.2544633       0.6488452       1.6688590    
   1     5    1.0405917       0.2544633       0.6488452       1.6688590    
   1     6    1.0418644       0.2549651       0.6494158       1.6714736    
   1     7    1.0405917       0.2544633       0.6488452       1.6688590    
   1     8    1.0418644       0.2549651       0.6494158       1.6714736    
   1     9    1.0405917       0.2544633       0.6488452       1.6688590    
   1    10    1.0533647       0.2595884       0.6544724       1.6953767    
   1    11    1.3110979       0.3957313       0.7350045       2.3387309    
   1    12    1.5645132       0.4976610       0.8513546       2.8750672    
   1    13    1.0597898       0.2622399       0.6572212       1.7089443    
   1    14    1.0482432       0.2575098       0.6522424       1.6846707    
   1    15    1.0405917       0.2544633       0.6488452       1.6688590    
   1    16    1.0418644       0.2549651       0.6494158       1.6714736    

Program  MARK  - Survival Rate Estimation with Capture-Recapture Data
 gfortran(dble/PIM2) Vers. 11.1 Nov 2024  15-Feb-2026 11:48:03    Page  026
 - - - - - - - - - - - - - - - - - - - - - - - - - - - - - - - - - - - - - -
 
   1    17    1.0405917       0.2544633       0.6488452       1.6688590    
   1    18    1.3966915       0.4505029       0.7538853       2.5875915    
   1    19    1.5448277       0.4865780       0.8454437       2.8227695    
   1    20    1.0610779       0.2627773       0.6577659       1.7116825    
   1    21    1.0610779       0.2627773       0.6577659       1.7116825    
   1    22    1.0597898       0.2622399       0.6572212       1.7089443    
   2     1    0.5272280       0.2124134       0.2465280       1.1275368    
   2     2    0.5289461       0.2134002       0.2470902       1.1323152    
   2     3    0.5272280       0.2124134       0.2465280       1.1275368    
   2     4    0.5272280       0.2124134       0.2465280       1.1275368    
   2     5    0.5272280       0.2124134       0.2465280       1.1275368    
   2     6    0.5289461       0.2134002       0.2470902       1.1323152    
   2     7    0.5272280       0.2124134       0.2465280       1.1275368    
   2     8    0.5289461       0.2134002       0.2470902       1.1323152    
   2     9    0.5272280       0.2124134       0.2465280       1.1275368    
   2    10    0.5445738       0.2225374       0.2520871       1.1764214    
   2    11    0.9338936       0.5055268       0.3457716       2.5223505    
   2    12    0.7083807       0.3716864       0.2694613       1.8622457    
   2    13    0.5533839       0.2278117       0.2548165       1.2017814    
   2    14    0.5375916       0.2184197       0.2498800       1.1565741    
   2    15    0.5272280       0.2124134       0.2465280       1.1275368    
   2    16    0.5289461       0.2134002       0.2470902       1.1323152    
   2    17    0.5272280       0.2124134       0.2465280       1.1275368    
   2    18    1.0749078       0.6202099       0.3758899       3.0738435    
   2    19    0.7010347       0.3637327       0.2692337       1.8253648    
   2    20    0.5551569       0.2288835       0.2553586       1.2069268    
   2    21    0.5551569       0.2288835       0.2553586       1.2069268    
   2    22    0.5533839       0.2278117       0.2548165       1.2017814    
   3     1    1.0775377       0.2333236       0.7083082       1.6392404    
   3     2    1.0783144       0.2336179       0.7086618       1.6407853    
   3     3    1.0775377       0.2333236       0.7083082       1.6392404    
   3     4    1.0775377       0.2333236       0.7083082       1.6392404    
   3     5    1.0775377       0.2333236       0.7083082       1.6392404    
   3     6    1.0783144       0.2336179       0.7086618       1.6407853    
   3     7    1.0775377       0.2333236       0.7083082       1.6392404    
   3     8    1.0783144       0.2336179       0.7086618       1.6407853    
   3     9    1.0775377       0.2333236       0.7083082       1.6392404    
   3    10    1.0853208       0.2363205       0.7117938       1.6548631    
   3    11    1.2376983       0.3130036       0.7597601       2.0162905    
   3    12    1.4357730       0.4112123       0.8280984       2.4893710    
   3    13    1.0892263       0.2378639       0.7134953       1.6628196    
   3    14    1.0822031       0.2351073       0.7104129       1.6485675    
   3    15    1.0775377       0.2333236       0.7083082       1.6392404    
   3    16    1.0783144       0.2336179       0.7086618       1.6407853    
   3    17    1.0775377       0.2333236       0.7083082       1.6392404    
   3    18    1.2867127       0.3433136       0.7695872       2.1513216    

Program  MARK  - Survival Rate Estimation with Capture-Recapture Data
 gfortran(dble/PIM2) Vers. 11.1 Nov 2024  15-Feb-2026 11:48:03    Page  027
 - - - - - - - - - - - - - - - - - - - - - - - - - - - - - - - - - - - - - -
 
   3    19    1.4227678       0.4033778       0.8249914       2.4536841    
   3    20    1.0900086       0.2381762       0.7138324       1.6644225    
   3    21    1.0900086       0.2381762       0.7138324       1.6644225    
   3    22    1.0892263       0.2378639       0.7134953       1.6628196    
   4     1    0.3534708       0.1488225       0.1601336       0.7802334    
   4     2    0.3541699       0.1492116       0.1603758       0.7821399    
   4     3    0.3534708       0.1488225       0.1601336       0.7802334    
   4     4    0.3534708       0.1488225       0.1601336       0.7802334    
   4     5    0.3534708       0.1488225       0.1601336       0.7802334    
   4     6    0.3541699       0.1492116       0.1603758       0.7821399    
   4     7    0.3534708       0.1488225       0.1601336       0.7802334    
   4     8    0.3541699       0.1492116       0.1603758       0.7821399    
   4     9    0.3534708       0.1488225       0.1601336       0.7802334    
   4    10    0.3605023       0.1527775       0.1625398       0.7995699    
   4    11    0.5085411       0.2515799       0.2032577       1.2723457    
   4    12    0.4331259       0.2160307       0.1719498       1.0910048    
   4    13    0.3640522       0.1548075       0.1637304       0.8094649    
   4    14    0.3576788       0.1511786       0.1615813       0.7917628    
   4    15    0.3534708       0.1488225       0.1601336       0.7802334    
   4    16    0.3541699       0.1492116       0.1603758       0.7821399    
   4    17    0.3534708       0.1488225       0.1601336       0.7802334    
   4    18    0.5597008       0.2902711       0.2150362       1.4568007    
   4    19    0.4300135       0.2127917       0.1718312       1.0761238    
   4    20    0.3647649       0.1552177       0.1639675       0.8114621    
   4    21    0.3647649       0.1552177       0.1639675       0.8114621    
   4    22    0.3640522       0.1548075       0.1637304       0.8094649    
   5     1    5.6575454       0.6452677       4.5274800       7.0696768    
   5     2    5.6611904       0.6460587       4.5298140       7.0751418    
   5     3    5.6575454       0.6452677       4.5274800       7.0696768    
   5     4    5.6575454       0.6452677       4.5274800       7.0696768    
   5     5    5.6575454       0.6452677       4.5274800       7.0696768    
   5     6    5.6611904       0.6460587       4.5298140       7.0751418    
   5     7    5.6575454       0.6452677       4.5274800       7.0696768    
   5     8    5.6611904       0.6460587       4.5298140       7.0751418    
   5     9    5.6575454       0.6452677       4.5274800       7.0696768    
   5    10    5.6940650       0.6535251       4.5503531       7.1252440    
   5    11    6.4056681       0.9325526       4.8227123       8.5081964    
   5    12    7.3717595       1.2032439       5.3646926       10.129721    
   5    13    5.7123832       0.6579419       4.5614038       7.1537894    
   5    14    5.6794384       0.6501296       4.5413280       7.1027728    
   5    15    5.6575454       0.6452677       4.5274800       7.0696768    
   5    16    5.6611904       0.6460587       4.5298140       7.0751418    
   5    17    5.6575454       0.6452677       4.5274800       7.0696768    
   5    18    6.6333647       1.0548622       4.8664743       9.0417673    
   5    19    7.3099406       1.1758338       5.3439892       9.9991280    
   5    20    5.7160515       0.6588482       4.5635834       7.1595591    

Program  MARK  - Survival Rate Estimation with Capture-Recapture Data
 gfortran(dble/PIM2) Vers. 11.1 Nov 2024  15-Feb-2026 11:48:03    Page  028
 - - - - - - - - - - - - - - - - - - - - - - - - - - - - - - - - - - - - - -
 
   5    21    5.7160515       0.6588482       4.5635834       7.1595591    
   5    22    5.7123832       0.6579419       4.5614038       7.1537894    
   6     1    2.0729305       0.3972674       1.4286365       3.0077916    
   6     2    2.0766120       0.3984374       1.4305632       3.0144193    
   6     3    2.0729305       0.3972674       1.4286365       3.0077916    
   6     4    2.0729305       0.3972674       1.4286365       3.0077916    
   6     5    2.0729305       0.3972674       1.4286365       3.0077916    
   6     6    2.0766120       0.3984374       1.4305632       3.0144193    
   6     7    2.0729305       0.3972674       1.4286365       3.0077916    
   6     8    2.0766120       0.3984374       1.4305632       3.0144193    
   6     9    2.0729305       0.3972674       1.4286365       3.0077916    
   6    10    2.1099391       0.4093048       1.4476575       3.0752046    
   6    11    2.8805755       0.7551377       1.7379270       4.7744903    
   6    12    2.4979795       0.7243877       1.4312338       4.3598057    
   6    13    2.1286051       0.4156025       1.4569680       3.1098552    
   6    14    2.0950839       0.4044002       1.4401140       3.0479368    
   6    15    2.0729305       0.3972674       1.4286365       3.0077916    
   6    16    2.0766120       0.3984374       1.4305632       3.0144193    
   6    17    2.0729305       0.3972674       1.4286365       3.0077916    
   6    18    3.1443224       0.8979101       1.8163386       5.4432379    
   6    19    2.4814836       0.7075175       1.4346298       4.2922301    
   6    20    2.1323512       0.4168841       1.4588146       3.1168606    
   6    21    2.1323512       0.4168841       1.4588146       3.1168606    
   6    22    2.1286051       0.4156025       1.4569680       3.1098552    

        Net Birth+Immigration Estimates of { full_pent_constant }
                                                95% Confidence Interval
 Grp. Occ.     B-hat         Standard Error      Lower           Upper
 ---- ----   --------------  --------------  --------------  --------------
   1     1    1.0216255       0.2472242       0.6400713       1.6306285    
   1     2    1.0216255       0.2472242       0.6400713       1.6306285    
   1     3    1.0216255       0.2472242       0.6400713       1.6306285    
   1     4    1.0216255       0.2472242       0.6400713       1.6306285    
   1     5    1.0216255       0.2472242       0.6400713       1.6306285    
   1     6    1.0216255       0.2472242       0.6400713       1.6306285    
   1     7    1.0216255       0.2472242       0.6400713       1.6306285    
   1     8    1.0216255       0.2472242       0.6400713       1.6306285    
   1     9    1.0216255       0.2472242       0.6400713       1.6306285    
   1    10    1.0216255       0.2472242       0.6400713       1.6306285    
   1    11    1.0216255       0.2472242       0.6400713       1.6306285    
   1    12    1.0216255       0.2472242       0.6400713       1.6306285    
   1    13    1.0216255       0.2472242       0.6400713       1.6306285    
   1    14    1.0216255       0.2472242       0.6400713       1.6306285    
   1    15    1.0216255       0.2472242       0.6400713       1.6306285    
   1    16    1.0216255       0.2472242       0.6400713       1.6306285    
   1    17    1.0216255       0.2472242       0.6400713       1.6306285    
   1    18    1.0216255       0.2472242       0.6400713       1.6306285    
   1    19    1.0216255       0.2472242       0.6400713       1.6306285    
   1    20    1.0216255       0.2472242       0.6400713       1.6306285    
   1    21    1.0216255       0.2472242       0.6400713       1.6306285    
   1    22    1.0216255       0.2472242       0.6400713       1.6306285    
   2     1    0.5018959       0.1982972       0.2379142       1.0587829    
   2     2    0.5018959       0.1982972       0.2379142       1.0587829    
   2     3    0.5018959       0.1982972       0.2379142       1.0587829    
   2     4    0.5018959       0.1982972       0.2379142       1.0587829    
   2     5    0.5018959       0.1982972       0.2379142       1.0587829    
   2     6    0.5018959       0.1982972       0.2379142       1.0587829    
   2     7    0.5018959       0.1982972       0.2379142       1.0587829    
   2     8    0.5018959       0.1982972       0.2379142       1.0587829    
   2     9    0.5018959       0.1982972       0.2379142       1.0587829    
   2    10    0.5018959       0.1982972       0.2379142       1.0587829    
   2    11    0.5018959       0.1982972       0.2379142       1.0587829    
   2    12    0.5018959       0.1982972       0.2379142       1.0587829    
   2    13    0.5018959       0.1982972       0.2379142       1.0587829    
   2    14    0.5018959       0.1982972       0.2379142       1.0587829    
   2    15    0.5018959       0.1982972       0.2379142       1.0587829    
   2    16    0.5018959       0.1982972       0.2379142       1.0587829    
   2    17    0.5018959       0.1982972       0.2379142       1.0587829    
   2    18    0.5018959       0.1982972       0.2379142       1.0587829    
   2    19    0.5018959       0.1982972       0.2379142       1.0587829    
   2    20    0.5018959       0.1982972       0.2379142       1.0587829    
   2    21    0.5018959       0.1982972       0.2379142       1.0587829    
   2    22    0.5018959       0.1982972       0.2379142       1.0587829    
   3     1    1.0659327       0.2290551       0.7028694       1.6165343    
   3     2    1.0659327       0.2290551       0.7028694       1.6165343    
   3     3    1.0659327       0.2290551       0.7028694       1.6165343    
   3     4    1.0659327       0.2290551       0.7028694       1.6165343    
   3     5    1.0659327       0.2290551       0.7028694       1.6165343    
   3     6    1.0659327       0.2290551       0.7028694       1.6165343    
   3     7    1.0659327       0.2290551       0.7028694       1.6165343    
   3     8    1.0659327       0.2290551       0.7028694       1.6165343    
   3     9    1.0659327       0.2290551       0.7028694       1.6165343    
   3    10    1.0659327       0.2290551       0.7028694       1.6165343    
   3    11    1.0659327       0.2290551       0.7028694       1.6165343    
   3    12    1.0659327       0.2290551       0.7028694       1.6165343    
   3    13    1.0659327       0.2290551       0.7028694       1.6165343    
   3    14    1.0659327       0.2290551       0.7028694       1.6165343    
   3    15    1.0659327       0.2290551       0.7028694       1.6165343    
   3    16    1.0659327       0.2290551       0.7028694       1.6165343    
   3    17    1.0659327       0.2290551       0.7028694       1.6165343    
   3    18    1.0659327       0.2290551       0.7028694       1.6165343    
   3    19    1.0659327       0.2290551       0.7028694       1.6165343    
   3    20    1.0659327       0.2290551       0.7028694       1.6165343    
   3    21    1.0659327       0.2290551       0.7028694       1.6165343    
   3    22    1.0659327       0.2290551       0.7028694       1.6165343    
   4     1    0.3430945       0.1431528       0.1564598       0.7523581    
   4     2    0.3430945       0.1431528       0.1564598       0.7523581    
   4     3    0.3430945       0.1431528       0.1564598       0.7523581    
   4     4    0.3430945       0.1431528       0.1564598       0.7523581    
   4     5    0.3430945       0.1431528       0.1564598       0.7523581    
   4     6    0.3430945       0.1431528       0.1564598       0.7523581    
   4     7    0.3430945       0.1431528       0.1564598       0.7523581    
   4     8    0.3430945       0.1431528       0.1564598       0.7523581    
   4     9    0.3430945       0.1431528       0.1564598       0.7523581    
   4    10    0.3430945       0.1431528       0.1564598       0.7523581    
   4    11    0.3430945       0.1431528       0.1564598       0.7523581    
   4    12    0.3430945       0.1431528       0.1564598       0.7523581    
   4    13    0.3430945       0.1431528       0.1564598       0.7523581    
   4    14    0.3430945       0.1431528       0.1564598       0.7523581    
   4    15    0.3430945       0.1431528       0.1564598       0.7523581    
   4    16    0.3430945       0.1431528       0.1564598       0.7523581    
   4    17    0.3430945       0.1431528       0.1564598       0.7523581    
   4    18    0.3430945       0.1431528       0.1564598       0.7523581    
   4    19    0.3430945       0.1431528       0.1564598       0.7523581    
   4    20    0.3430945       0.1431528       0.1564598       0.7523581    
   4    21    0.3430945       0.1431528       0.1564598       0.7523581    
   4    22    0.3430945       0.1431528       0.1564598       0.7523581    
   5     1    5.6030586       0.6343382       4.4912074       6.9901616    
   5     2    5.6030586       0.6343382       4.4912074       6.9901616    
   5     3    5.6030586       0.6343382       4.4912074       6.9901616    
   5     4    5.6030586       0.6343382       4.4912074       6.9901616    
   5     5    5.6030586       0.6343382       4.4912074       6.9901616    
   5     6    5.6030586       0.6343382       4.4912074       6.9901616    
   5     7    5.6030586       0.6343382       4.4912074       6.9901616    
   5     8    5.6030586       0.6343382       4.4912074       6.9901616    
   5     9    5.6030586       0.6343382       4.4912074       6.9901616    
   5    10    5.6030586       0.6343382       4.4912074       6.9901616    
   5    11    5.6030586       0.6343382       4.4912074       6.9901616    
   5    12    5.6030586       0.6343382       4.4912074       6.9901616    
   5    13    5.6030586       0.6343382       4.4912074       6.9901616    
   5    14    5.6030586       0.6343382       4.4912074       6.9901616    
   5    15    5.6030586       0.6343382       4.4912074       6.9901616    
   5    16    5.6030586       0.6343382       4.4912074       6.9901616    
   5    17    5.6030586       0.6343382       4.4912074       6.9901616    
   5    18    5.6030586       0.6343382       4.4912074       6.9901616    
   5    19    5.6030586       0.6343382       4.4912074       6.9901616    
   5    20    5.6030586       0.6343382       4.4912074       6.9901616    
   5    21    5.6030586       0.6343382       4.4912074       6.9901616    
   5    22    5.6030586       0.6343382       4.4912074       6.9901616    
   6     1    2.0182266       0.3806261       1.3990583       2.9114146    
   6     2    2.0182266       0.3806261       1.3990583       2.9114146    
   6     3    2.0182266       0.3806261       1.3990583       2.9114146    
   6     4    2.0182266       0.3806261       1.3990583       2.9114146    
   6     5    2.0182266       0.3806261       1.3990583       2.9114146    
   6     6    2.0182266       0.3806261       1.3990583       2.9114146    
   6     7    2.0182266       0.3806261       1.3990583       2.9114146    
   6     8    2.0182266       0.3806261       1.3990583       2.9114146    
   6     9    2.0182266       0.3806261       1.3990583       2.9114146    
   6    10    2.0182266       0.3806261       1.3990583       2.9114146    
   6    11    2.0182266       0.3806261       1.3990583       2.9114146    
   6    12    2.0182266       0.3806261       1.3990583       2.9114146    
   6    13    2.0182266       0.3806261       1.3990583       2.9114146    
   6    14    2.0182266       0.3806261       1.3990583       2.9114146    
   6    15    2.0182266       0.3806261       1.3990583       2.9114146    
   6    16    2.0182266       0.3806261       1.3990583       2.9114146    
   6    17    2.0182266       0.3806261       1.3990583       2.9114146    
   6    18    2.0182266       0.3806261       1.3990583       2.9114146    
   6    19    2.0182266       0.3806261       1.3990583       2.9114146    
   6    20    2.0182266       0.3806261       1.3990583       2.9114146    
   6    21    2.0182266       0.3806261       1.3990583       2.9114146    
   6    22    2.0182266       0.3806261       1.3990583       2.9114146    

              Population Estimates of { full_pent_constant }
                                                95% Confidence Interval
 Grp. Occ.     N-hat         Standard Error      Lower           Upper
 ---- ----   --------------  --------------  --------------  --------------
   1     1    1.1487195       0.7622818       0.3515822       3.7531950    
   1     2    2.1287268       0.7952123       1.0482468       4.3229112    
   1     3    3.0681873       0.8862220       1.7616640       5.3436826    
   1     4    3.9786523       1.0171725       2.4296920       6.5150948    
   1     5    4.8561310       1.1691705       3.0495097       7.7330492    
   1     6    5.7018187       1.3324171       3.6285795       8.9596319    
   1     7    6.5033645       1.4987641       4.1638890       10.157271    
   1     8    7.2893729       1.6715645       4.6772286       11.360351    
   1     9    8.0296420       1.8433052       5.1498200       12.519884    
   1    10    8.7603533       2.0193842       5.6083909       13.683745    
   1    11    9.2594134       2.1730182       5.8815188       14.577312    
   1    12    6.5179715       2.3841937       3.2543922       13.054343    
   1    13    3.6118188       1.2890307       1.8322787       7.1196781    
   1    14    4.3764726       1.3573196       2.4163794       7.9265336    
   1    15    5.1777347       1.4683951       3.0018539       8.9307935    
   1    16    6.0117707       1.6069243       3.5924367       10.060410    
   1    17    6.8013529       1.7579601       4.1316813       11.196024    
   1    18    7.5765652       1.9191353       4.6473269       12.352120    
   1    19    4.9305912       2.0801351       2.2304182       10.899628    
   1    20    3.0402108       1.1890813       1.4512828       6.3687665    
   1    21    3.8385942       1.2517566       2.0586136       7.1576354    
   1    22    4.5783526       1.3512415       2.5984263       8.0669261    

Program  MARK  - Survival Rate Estimation with Capture-Recapture Data
 gfortran(dble/PIM2) Vers. 11.1 Nov 2024  15-Feb-2026 11:48:03    Page  029
 - - - - - - - - - - - - - - - - - - - - - - - - - - - - - - - - - - - - - -
 
   1    23    5.2742400       1.4767672       3.0782586       9.0368000    
   2     1    0.5643337       0.4121399       0.1566777       2.0326598    
   2     2    1.0128826       0.4809452       0.4185417       2.4512044    
   2     3    1.4129783       0.5801253       0.6518846       3.0626707    
   2     4    1.7813041       0.6913847       0.8548147       3.7119673    
   2     5    2.1148117       0.8015020       1.0313999       4.3362703    
   2     6    2.4167925       0.9073793       1.1861185       4.9243699    
   2     7    2.6757876       1.0033012       1.3143774       5.4473238    
   2     8    2.9247389       1.1000127       1.4337318       5.9663164    
   2     9    3.1326826       1.1867562       1.5282623       6.4214765    
   2    10    3.3384431       1.2751449       1.6196425       6.8812734    
   2    11    3.3311157       1.3089191       1.5850628       7.0005630    
   2    12    1.3204931       0.7927789       0.4451203       3.9173725    
   2    13    1.1358038       0.5919134       0.4345729       2.9685473    
   2    14    1.4331122       0.6280273       0.6302481       3.2587335    
   2    15    1.7490017       0.7104903       0.8130551       3.7623611    
   2    16    2.0855629       0.8173428       0.9941900       4.3749913    
   2    17    2.3778483       0.9198731       1.1436727       4.9438642    
   2    18    2.6549641       1.0227433       1.2806438       5.5041333    
   2    19    0.9492578       0.5213763       0.3469857       2.5969093    
   2    20    0.9685071       0.4668937       0.3953596       2.3725391    
   2    21    1.2907106       0.5310764       0.5945507       2.8020049    
   2    22    1.5531339       0.6088964       0.7401998       3.2588835    
   2    23    1.7752704       0.6897848       0.8512911       3.7021239    
   3     1    1.1985387       0.7888422       0.3698212       3.8842955    
   3     2    2.2387480       0.8124371       1.1235790       4.4607392    
   3     3    3.2534658       0.8891829       1.9225721       5.5056659    
   3     4    4.2495717       1.0055019       2.6895097       6.7145547    
   3     5    5.2242990       1.1458256       3.4160350       7.9897602    
   3     6    6.1781064       1.3006259       4.1076635       9.2921436    
   3     7    7.1027051       1.4622303       4.7643038       10.588833    
   3     8    8.0161976       1.6313751       5.4012195       11.897206    
   3     9    8.8987470       1.8020590       6.0073154       13.181878    
   3    10    9.7736924       1.9773729       6.6003683       14.472687    
   3    11    10.492523       2.1382718       7.0659731       15.580733    
   3    12    8.7875750       2.4701836       5.1183130       15.087290    
   3    13    5.7530631       1.8578626       3.1031305       10.665918    
   3    14    6.5746983       1.9253830       3.7472166       11.535671    
   3    15    7.4439315       2.0203712       4.4143303       12.552780    
   3    16    8.3501006       2.1345238       5.0995343       13.672656    
   3    17    9.2250114       2.2638687       5.7427511       14.818827    
   3    18    10.092954       2.4050159       6.3676414       15.997718    
   3    19    7.9057242       2.8890914       3.9497194       15.824029    
   3    20    5.3690668       2.2494236       2.4411249       11.808850    
   3    21    6.1995773       2.2766850       3.0874531       12.448694    
   3    22    6.9936717       2.3336385       3.6994284       13.221352    

Program  MARK  - Survival Rate Estimation with Capture-Recapture Data
 gfortran(dble/PIM2) Vers. 11.1 Nov 2024  15-Feb-2026 11:48:03    Page  030
 - - - - - - - - - - - - - - - - - - - - - - - - - - - - - - - - - - - - - -
 
   3    23    7.7626258       2.4165878       4.2768062       14.089570    
   4     1    0.3857767       0.2869430       0.1050701       1.4164221    
   4     2    0.7064456       0.3532202       0.2798870       1.7830957    
   4     3    1.0058224       0.4422456       0.4412284       2.2928682    
   4     4    1.2904474       0.5397311       0.5874437       2.8347472    
   4     5    1.5585269       0.6373092       0.7211099       3.3684272    
   4     6    1.8110227       0.7324594       0.8445140       3.8836575    
   4     7    2.0420438       0.8215019       0.9558378       4.3626052    
   4     8    2.2664323       0.9100722       1.0622647       4.8356267    
   4     9    2.4692709       0.9919287       1.1569990       5.2699257    
   4    10    2.6688242       1.0739774       1.2489536       5.7028721    
   4    11    2.7583930       1.1191963       1.2833750       5.9286898    
   4    12    1.5262869       0.8218741       0.5677018       4.1034774    
   4    13    1.2822027       0.6716256       0.4884504       3.3658360    
   4    14    1.4805586       0.7044034       0.6108259       3.5886719    
   4    15    1.7045778       0.7645120       0.7365382       3.9449218    
   4    16    1.9485835       0.8419073       0.8660860       4.3840650    
   4    17    2.1710918       0.9190996       0.9796535       4.8115378    
   4    18    2.3879786       0.9988724       1.0869900       5.2460849    
   4    19    1.1589131       0.6772646       0.4005538       3.3530568    
   4    20    1.0674208       0.5874742       0.3894742       2.9254497    
   4    21    1.2862487       0.6231308       0.5229760       3.1635021    
   4    22    1.4796012       0.6712667       0.6337036       3.4546430    
   4    23    1.6556742       0.7269075       0.7271075       3.7700848    
   5     1    6.3000999       3.9972705       2.0148794       19.699074    
   5     2    11.782199       3.7345643       6.4246583       21.607408    
   5     3    17.144118       3.5735111       11.443819       25.683803    
   5     4    22.418017       3.5342755       16.490080       30.476958    
   5     5    27.590658       3.6150860       21.365103       35.630271    
   5     6    32.663986       3.8102987       26.008114       41.023198    
   5     7    37.598531       4.1078873       30.370053       46.547483    
   5     8    42.479712       4.4935976       34.545248       52.236590    
   5     9    47.213364       4.9567070       38.454261       57.967612    
   5    10    51.909944       5.4772193       42.236101       63.799504    
   5    11    55.862571       6.1526058       45.045541       69.277154    
   5    12    48.077446       10.286856       31.757454       72.784198    
   5    13    32.621678       6.9866842       21.539655       49.405336    
   5    14    36.984115       7.1893439       25.355900       53.945029    
   5    15    41.596892       7.4819679       29.320468       59.013433    
   5    16    46.401307       7.8252504       33.418251       64.428304    
   5    17    51.054697       8.2343806       37.292990       69.894694    
   5    18    55.677525       8.6911641       41.077625       75.466555    
   5    19    44.930213       12.690325       26.104446       77.332576    
   5    20    31.326776       9.0820361       17.951419       54.667931    
   5    21    35.699536       9.2076795       21.709041       58.706274    
   5    22    39.900564       9.4424209       25.250928       63.049369    

Program  MARK  - Survival Rate Estimation with Capture-Recapture Data
 gfortran(dble/PIM2) Vers. 11.1 Nov 2024  15-Feb-2026 11:48:03    Page  031
 - - - - - - - - - - - - - - - - - - - - - - - - - - - - - - - - - - - - - -
 
   5    23    43.986180       9.7801820       28.597595       67.655482    
   6     1    2.2693015       1.4698422       0.7113346       7.2395323    
   6     2    4.1688191       1.4215856       2.1761531       7.9861352    
   6     3    5.9548454       1.4625887       3.7055643       9.5694423    
   6     4    7.6615690       1.5825749       5.1324360       11.436994    
   6     5    9.2790125       1.7533686       6.4278222       13.394906    
   6     6    10.811846       1.9572882       7.6040168       15.372930    
   6     7    12.227860       2.1782695       8.6476379       17.290337    
   6     8    13.606437       2.4190655       9.6290578       19.226714    
   6     9    14.866795       2.6664134       10.489512       21.070722    
   6    10    16.107327       2.9254452       11.315567       22.928234    
   6    11    16.745872       3.1725410       11.589439       24.196531    
   6    12    9.8546754       3.5087962       5.0068038       19.396531    
   6    13    8.3469865       2.6177795       4.5793875       15.214302    
   6    14    9.5147782       2.5470280       5.6815356       15.934249    
   6    15    10.843556       2.6038702       6.8175198       17.247139    
   6    16    12.294547       2.7370921       7.9890676       18.920343    
   6    17    13.627976       2.8975942       9.0248830       20.578852    
   6    18    14.933312       3.0874044       10.000197       22.299942    
   6    19    7.7159078       3.0227964       3.6791113       16.181960    
   6    20    7.0447455       2.4606623       3.6229113       13.698497    
   6    21    8.3225941       2.3933488       4.7898082       14.461033    
   6    22    9.4661454       2.4075026       5.7951981       15.462441    
   6    23    10.519911       2.4948094       6.6511979       16.638887    

           Gross Population Estimates of { full_pent_constant }
                                                95% Confidence Interval
 Grp. Occ.     N*-hat        Standard Error      Lower           Upper
 ---- ----   --------------  --------------  --------------  --------------
   1     0    25.801385       6.3493808       16.041356       41.499700    
   2     0    13.615406       5.6893321       6.2022868       29.888858    
   3     0    26.041043       5.6492913       17.104721       39.646127    
   4     0    8.7374190       3.7266968       3.9208601       19.470853    
   5     0    136.15633       14.214947       111.02227       166.98044    
   6     0    50.890490       9.6809023       35.167898       73.642217    

 To compute parameter estimates, CPU Time was 0.031 secs and System Time was 0.032 secs.

 For procedure estimate CPU Time was 0.719 secs and System Time was 0.735 secs.

Program  MARK  - Survival Rate Estimation with Capture-Recapture Data
 gfortran(dble/PIM2) Vers. 11.1 Nov 2024  15-Feb-2026 11:48:03    Page  032
 - - - - - - - - - - - - - - - - - - - - - - - - - - - - - - - - - - - - - -
 


 INPUT --- proc stop;

 For this job, CPU Time in mins was 0.013 and System Time in mins was 0.013.

     Time Start = 11:48:02.488   Time End = 11:48:03.241

 Wall Clock Time in mins for this job was 0.012.

 Maximum of 36 words used.


          E X E C U T I O N   S U C C E S S F U L
