
 Program  MARK  - Survival Rate Estimation with Capture-Recapture Data
 gfortran(dble/PIM2) Vers. 11.1 Nov 2024  15-Feb-2026 11:48:05    Page  001
  
 - - - - - - - - - - - - - - - - - - - - - - - - - - - - - - - - - - - - - -
 
 Welcome to MARK valen on machine LAPTOP-R12S8TST in subdirectory 
 "C:\Users\valen\git\OpenPop-Abundance-Analysis-Muscardinus" running file "POPAN_Phi_season_altitude.inp".
 This version was compiled by GCC version 14.2.0 using the options: 
  -cpp -iprefix C:/tdm-gcc-64/mingw64-14-2/bin/../lib/gcc/
  x86_64-w64-mingw32/14.2.0/ -D_MT -D_REENTRANT -U_REENTRANT -D
  dbleprecision -m64 -march=x86-64 -mtune=generic -mthreads -O3 -std=f2023
  -fimplicit-none -ftree-vectorize
  -ffpe-summary=invalid,zero,overflow,underflow -funroll-loops
  -fno-unsafe-math-optimizations -frounding-math -fsignaling-nans
  -fall-intrinsics -fopenmp

 This problem will use 7 of 8 possible threads.
 Static thread allocation is used.
 INPUT --- proc title ;

 For procedure title CPU Time was 0.001 secs and System Time was 0.001 secs.
 INPUT --- proc chmatrix occasions= 23 groups= 6 etype= POPAN Nodes= 
 INPUT --- 101 ICMeans NoHist hist= 84  ;
 INPUT ---    time interval 0.492772667542707 0.525624178712221 
 INPUT ---    0.492772667542707 0.492772667542707  0.492772667542707 
 INPUT ---    0.525624178712221 0.492772667542707 0.525624178712221 
 INPUT ---    0.492772667542707  0.821287779237845 6.96452036793692 
 INPUT ---    1.01839684625493 0.985545335085414 0.68988173455979  
 INPUT ---    0.492772667542707 0.525624178712221 0.492772667542707 
 INPUT ---    8.83705650459921 0.985545335085414  1.01839684625493 
 INPUT ---    1.01839684625493 0.985545335085414 ;
 INPUT ---    glabel(1)=valleyR.altitude1;
 INPUT ---    glabel(2)=valleyS.altitude1;
 INPUT ---    glabel(3)=valleyR.altitude2;
 INPUT ---    glabel(4)=valleyS.altitude2;
 INPUT ---    glabel(5)=valleyR.altitude3;
 INPUT ---    glabel(6)=valleyS.altitude3;

   * *  WARNING  * *   At least a pair of the encounter histories are duplicates. 

      Number of unique encounter histories read was 62.

      Number of individual covariates read was 0.
      Time interval lengths vary and/or not equal to 1.

      Data type number is 19
      Data type is POPAN

 For procedure chmatrix CPU Time was 0.001 secs and System Time was 0.001 secs.

Program  MARK  - Survival Rate Estimation with Capture-Recapture Data
 gfortran(dble/PIM2) Vers. 11.1 Nov 2024  15-Feb-2026 11:48:05    Page  002
 - - - - - - - - - - - - - - - - - - - - - - - - - - - - - - - - - - - - - -
 


 INPUT --- proc estimate link=Parm-Specific NOLOOP varest=2ndPart    ;
 INPUT --- model={ Phi_season_altitude };
 INPUT ---    group=1 Phi    rows=1 cols=22 Square ;
 INPUT ---        1 1 1 1 1 1 1 1 1 1 1 2 1 1 1 1 1 1 2 1 1 1 ;
 INPUT ---    group=2 Phi    rows=1 cols=22 Square ;
 INPUT ---        1 1 1 1 1 1 1 1 1 1 1 2 1 1 1 1 1 1 2 1 1 1 ;
 INPUT ---    group=3 Phi    rows=1 cols=22 Square ;
 INPUT ---        3 3 3 3 3 3 3 3 3 3 3 4 3 3 3 3 3 3 4 3 3 3 ;
 INPUT ---    group=4 Phi    rows=1 cols=22 Square ;
 INPUT ---        3 3 3 3 3 3 3 3 3 3 3 4 3 3 3 3 3 3 4 3 3 3 ;
 INPUT ---    group=5 Phi    rows=1 cols=22 Square ;
 INPUT ---        5 5 5 5 5 5 5 5 5 5 5 6 5 5 5 5 5 5 6 5 5 5 ;
 INPUT ---    group=6 Phi    rows=1 cols=22 Square ;
 INPUT ---        5 5 5 5 5 5 5 5 5 5 5 6 5 5 5 5 5 5 6 5 5 5 ;
 INPUT ---    group=1 p    rows=1 cols=23 Square ;
 INPUT ---        7 8 9 10 11 12 13 14 15 16 17 18 19 20 21 22 23 24 25 26 
 INPUT ---       27 28 29 ;
 INPUT ---    group=2 p    rows=1 cols=23 Square ;
 INPUT ---        7 8 9 10 11 12 13 14 15 16 17 18 19 20 21 22 23 24 25 26 
 INPUT ---       27 28 29 ;
 INPUT ---    group=3 p    rows=1 cols=23 Square ;
 INPUT ---        7 8 9 10 11 12 13 14 15 16 17 18 19 20 21 22 23 24 25 26 
 INPUT ---       27 28 29 ;
 INPUT ---    group=4 p    rows=1 cols=23 Square ;
 INPUT ---        7 8 9 10 11 12 13 14 15 16 17 18 19 20 21 22 23 24 25 26 
 INPUT ---       27 28 29 ;
 INPUT ---    group=5 p    rows=1 cols=23 Square ;
 INPUT ---        7 8 9 10 11 12 13 14 15 16 17 18 19 20 21 22 23 24 25 26 
 INPUT ---       27 28 29 ;
 INPUT ---    group=6 p    rows=1 cols=23 Square ;
 INPUT ---        7 8 9 10 11 12 13 14 15 16 17 18 19 20 21 22 23 24 25 26 
 INPUT ---       27 28 29 ;
 INPUT ---    group=1 pent    rows=1 cols=22 Square ;
 INPUT ---        36 37 38 39 40 41 42 43 44 45 46 47 48 49 50 51 52 53 54 
 INPUT ---       55 56 57 ;
 INPUT ---    group=2 pent    rows=1 cols=22 Square ;
 INPUT ---        58 59 60 61 62 63 64 65 66 67 68 69 70 71 72 73 74 75 76 
 INPUT ---       77 78 79 ;
 INPUT ---    group=3 pent    rows=1 cols=22 Square ;
 INPUT ---        80 81 82 83 84 85 86 87 88 89 90 91 92 93 94 95 96 97 98 
 INPUT ---       99 100 101 ;
 INPUT ---    group=4 pent    rows=1 cols=22 Square ;
 INPUT ---        102 103 104 105 106 107 108 109 110 111 112 113 114 115 
 INPUT ---       116 117 118 119 120 121 122 123 ;

Program  MARK  - Survival Rate Estimation with Capture-Recapture Data
 gfortran(dble/PIM2) Vers. 11.1 Nov 2024  15-Feb-2026 11:48:05    Page  003
 - - - - - - - - - - - - - - - - - - - - - - - - - - - - - - - - - - - - - -
 
 INPUT ---    group=5 pent    rows=1 cols=22 Square ;
 INPUT ---        124 125 126 127 128 129 130 131 132 133 134 135 136 137 
 INPUT ---       138 139 140 141 142 143 144 145 ;
 INPUT ---    group=6 pent    rows=1 cols=22 Square ;
 INPUT ---        146 147 148 149 150 151 152 153 154 155 156 157 158 159 
 INPUT ---       160 161 162 163 164 165 166 167 ;
 INPUT ---    group=1 N    rows=1 cols=1 Square ;
 INPUT ---        30 ;
 INPUT ---    group=2 N    rows=1 cols=1 Square ;
 INPUT ---        31 ;
 INPUT ---    group=3 N    rows=1 cols=1 Square ;
 INPUT ---        32 ;
 INPUT ---    group=4 N    rows=1 cols=1 Square ;
 INPUT ---        33 ;
 INPUT ---    group=5 N    rows=1 cols=1 Square ;
 INPUT ---        34 ;
 INPUT ---    group=6 N    rows=1 cols=1 Square ;
 INPUT ---        35 ;
 INPUT ---    design matrix constraints=167 covariates=36;
 INPUT ---        1 0 0 0 0 0 0 0 0 0 0 0 0 0 0 0 0 0 0 0 0 0 0 0 0 0 0 0 0 
 INPUT ---       0 0 0 0 0 0 0;
 INPUT ---        1 1 0 0 0 0 0 0 0 0 0 0 0 0 0 0 0 0 0 0 0 0 0 0 0 0 0 0 0 
 INPUT ---       0 0 0 0 0 0 0;
 INPUT ---        1 0 1 0 0 0 0 0 0 0 0 0 0 0 0 0 0 0 0 0 0 0 0 0 0 0 0 0 0 
 INPUT ---       0 0 0 0 0 0 0;
 INPUT ---        1 1 1 0 1 0 0 0 0 0 0 0 0 0 0 0 0 0 0 0 0 0 0 0 0 0 0 0 0 
 INPUT ---       0 0 0 0 0 0 0;
 INPUT ---        1 0 0 1 0 0 0 0 0 0 0 0 0 0 0 0 0 0 0 0 0 0 0 0 0 0 0 0 0 
 INPUT ---       0 0 0 0 0 0 0;
 INPUT ---        1 1 0 1 0 1 0 0 0 0 0 0 0 0 0 0 0 0 0 0 0 0 0 0 0 0 0 0 0 
 INPUT ---       0 0 0 0 0 0 0;
 INPUT ---        0 0 0 0 0 0 1 0 0 0 0 0 0 0 0 0 0 0 0 0 0 0 0 0 0 0 0 0 0 
 INPUT ---       0 0 0 0 0 0 0;
 INPUT ---        0 0 0 0 0 0 1 1 0 0 0 0 0 0 0 0 0 0 0 0 0 0 0 0 0 0 0 0 0 
 INPUT ---       0 0 0 0 0 0 0;
 INPUT ---        0 0 0 0 0 0 1 0 1 0 0 0 0 0 0 0 0 0 0 0 0 0 0 0 0 0 0 0 0 
 INPUT ---       0 0 0 0 0 0 0;
 INPUT ---        0 0 0 0 0 0 1 0 0 1 0 0 0 0 0 0 0 0 0 0 0 0 0 0 0 0 0 0 0 
 INPUT ---       0 0 0 0 0 0 0;
 INPUT ---        0 0 0 0 0 0 1 0 0 0 1 0 0 0 0 0 0 0 0 0 0 0 0 0 0 0 0 0 0 
 INPUT ---       0 0 0 0 0 0 0;
 INPUT ---        0 0 0 0 0 0 1 0 0 0 0 1 0 0 0 0 0 0 0 0 0 0 0 0 0 0 0 0 0 
 INPUT ---       0 0 0 0 0 0 0;
 INPUT ---        0 0 0 0 0 0 1 0 0 0 0 0 1 0 0 0 0 0 0 0 0 0 0 0 0 0 0 0 0 
 INPUT ---       0 0 0 0 0 0 0;
 INPUT ---        0 0 0 0 0 0 1 0 0 0 0 0 0 1 0 0 0 0 0 0 0 0 0 0 0 0 0 0 0 

Program  MARK  - Survival Rate Estimation with Capture-Recapture Data
 gfortran(dble/PIM2) Vers. 11.1 Nov 2024  15-Feb-2026 11:48:05    Page  004
 - - - - - - - - - - - - - - - - - - - - - - - - - - - - - - - - - - - - - -
 
 INPUT ---       0 0 0 0 0 0 0;
 INPUT ---        0 0 0 0 0 0 1 0 0 0 0 0 0 0 1 0 0 0 0 0 0 0 0 0 0 0 0 0 0 
 INPUT ---       0 0 0 0 0 0 0;
 INPUT ---        0 0 0 0 0 0 1 0 0 0 0 0 0 0 0 1 0 0 0 0 0 0 0 0 0 0 0 0 0 
 INPUT ---       0 0 0 0 0 0 0;
 INPUT ---        0 0 0 0 0 0 1 0 0 0 0 0 0 0 0 0 1 0 0 0 0 0 0 0 0 0 0 0 0 
 INPUT ---       0 0 0 0 0 0 0;
 INPUT ---        0 0 0 0 0 0 1 0 0 0 0 0 0 0 0 0 0 1 0 0 0 0 0 0 0 0 0 0 0 
 INPUT ---       0 0 0 0 0 0 0;
 INPUT ---        0 0 0 0 0 0 1 0 0 0 0 0 0 0 0 0 0 0 1 0 0 0 0 0 0 0 0 0 0 
 INPUT ---       0 0 0 0 0 0 0;
 INPUT ---        0 0 0 0 0 0 1 0 0 0 0 0 0 0 0 0 0 0 0 1 0 0 0 0 0 0 0 0 0 
 INPUT ---       0 0 0 0 0 0 0;
 INPUT ---        0 0 0 0 0 0 1 0 0 0 0 0 0 0 0 0 0 0 0 0 1 0 0 0 0 0 0 0 0 
 INPUT ---       0 0 0 0 0 0 0;
 INPUT ---        0 0 0 0 0 0 1 0 0 0 0 0 0 0 0 0 0 0 0 0 0 1 0 0 0 0 0 0 0 
 INPUT ---       0 0 0 0 0 0 0;
 INPUT ---        0 0 0 0 0 0 1 0 0 0 0 0 0 0 0 0 0 0 0 0 0 0 1 0 0 0 0 0 0 
 INPUT ---       0 0 0 0 0 0 0;
 INPUT ---        0 0 0 0 0 0 1 0 0 0 0 0 0 0 0 0 0 0 0 0 0 0 0 1 0 0 0 0 0 
 INPUT ---       0 0 0 0 0 0 0;
 INPUT ---        0 0 0 0 0 0 1 0 0 0 0 0 0 0 0 0 0 0 0 0 0 0 0 0 1 0 0 0 0 
 INPUT ---       0 0 0 0 0 0 0;
 INPUT ---        0 0 0 0 0 0 1 0 0 0 0 0 0 0 0 0 0 0 0 0 0 0 0 0 0 1 0 0 0 
 INPUT ---       0 0 0 0 0 0 0;
 INPUT ---        0 0 0 0 0 0 1 0 0 0 0 0 0 0 0 0 0 0 0 0 0 0 0 0 0 0 1 0 0 
 INPUT ---       0 0 0 0 0 0 0;
 INPUT ---        0 0 0 0 0 0 1 0 0 0 0 0 0 0 0 0 0 0 0 0 0 0 0 0 0 0 0 1 0 
 INPUT ---       0 0 0 0 0 0 0;
 INPUT ---        0 0 0 0 0 0 1 0 0 0 0 0 0 0 0 0 0 0 0 0 0 0 0 0 0 0 0 0 1 
 INPUT ---       0 0 0 0 0 0 0;
 INPUT ---        0 0 0 0 0 0 0 0 0 0 0 0 0 0 0 0 0 0 0 0 0 0 0 0 0 0 0 0 0 
 INPUT ---       0 1 0 0 0 0 0;
 INPUT ---        0 0 0 0 0 0 0 0 0 0 0 0 0 0 0 0 0 0 0 0 0 0 0 0 0 0 0 0 0 
 INPUT ---       0 1 1 0 0 0 0;
 INPUT ---        0 0 0 0 0 0 0 0 0 0 0 0 0 0 0 0 0 0 0 0 0 0 0 0 0 0 0 0 0 
 INPUT ---       0 1 0 1 0 0 0;
 INPUT ---        0 0 0 0 0 0 0 0 0 0 0 0 0 0 0 0 0 0 0 0 0 0 0 0 0 0 0 0 0 
 INPUT ---       0 1 0 0 1 0 0;
 INPUT ---        0 0 0 0 0 0 0 0 0 0 0 0 0 0 0 0 0 0 0 0 0 0 0 0 0 0 0 0 0 
 INPUT ---       0 1 0 0 0 1 0;
 INPUT ---        0 0 0 0 0 0 0 0 0 0 0 0 0 0 0 0 0 0 0 0 0 0 0 0 0 0 0 0 0 
 INPUT ---       0 1 0 0 0 0 1;
 INPUT ---        0 0 0 0 0 0 0 0 0 0 0 0 0 0 0 0 0 0 0 0 0 0 0 0 0 0 0 0 0 
 INPUT ---       1 0 0 0 0 0 0;
 INPUT ---        0 0 0 0 0 0 0 0 0 0 0 0 0 0 0 0 0 0 0 0 0 0 0 0 0 0 0 0 0 

Program  MARK  - Survival Rate Estimation with Capture-Recapture Data
 gfortran(dble/PIM2) Vers. 11.1 Nov 2024  15-Feb-2026 11:48:05    Page  005
 - - - - - - - - - - - - - - - - - - - - - - - - - - - - - - - - - - - - - -
 
 INPUT ---       1 0 0 0 0 0 0;
 INPUT ---        0 0 0 0 0 0 0 0 0 0 0 0 0 0 0 0 0 0 0 0 0 0 0 0 0 0 0 0 0 
 INPUT ---       1 0 0 0 0 0 0;
 INPUT ---        0 0 0 0 0 0 0 0 0 0 0 0 0 0 0 0 0 0 0 0 0 0 0 0 0 0 0 0 0 
 INPUT ---       1 0 0 0 0 0 0;
 INPUT ---        0 0 0 0 0 0 0 0 0 0 0 0 0 0 0 0 0 0 0 0 0 0 0 0 0 0 0 0 0 
 INPUT ---       1 0 0 0 0 0 0;
 INPUT ---        0 0 0 0 0 0 0 0 0 0 0 0 0 0 0 0 0 0 0 0 0 0 0 0 0 0 0 0 0 
 INPUT ---       1 0 0 0 0 0 0;
 INPUT ---        0 0 0 0 0 0 0 0 0 0 0 0 0 0 0 0 0 0 0 0 0 0 0 0 0 0 0 0 0 
 INPUT ---       1 0 0 0 0 0 0;
 INPUT ---        0 0 0 0 0 0 0 0 0 0 0 0 0 0 0 0 0 0 0 0 0 0 0 0 0 0 0 0 0 
 INPUT ---       1 0 0 0 0 0 0;
 INPUT ---        0 0 0 0 0 0 0 0 0 0 0 0 0 0 0 0 0 0 0 0 0 0 0 0 0 0 0 0 0 
 INPUT ---       1 0 0 0 0 0 0;
 INPUT ---        0 0 0 0 0 0 0 0 0 0 0 0 0 0 0 0 0 0 0 0 0 0 0 0 0 0 0 0 0 
 INPUT ---       1 0 0 0 0 0 0;
 INPUT ---        0 0 0 0 0 0 0 0 0 0 0 0 0 0 0 0 0 0 0 0 0 0 0 0 0 0 0 0 0 
 INPUT ---       1 0 0 0 0 0 0;
 INPUT ---        0 0 0 0 0 0 0 0 0 0 0 0 0 0 0 0 0 0 0 0 0 0 0 0 0 0 0 0 0 
 INPUT ---       1 0 0 0 0 0 0;
 INPUT ---        0 0 0 0 0 0 0 0 0 0 0 0 0 0 0 0 0 0 0 0 0 0 0 0 0 0 0 0 0 
 INPUT ---       1 0 0 0 0 0 0;
 INPUT ---        0 0 0 0 0 0 0 0 0 0 0 0 0 0 0 0 0 0 0 0 0 0 0 0 0 0 0 0 0 
 INPUT ---       1 0 0 0 0 0 0;
 INPUT ---        0 0 0 0 0 0 0 0 0 0 0 0 0 0 0 0 0 0 0 0 0 0 0 0 0 0 0 0 0 
 INPUT ---       1 0 0 0 0 0 0;
 INPUT ---        0 0 0 0 0 0 0 0 0 0 0 0 0 0 0 0 0 0 0 0 0 0 0 0 0 0 0 0 0 
 INPUT ---       1 0 0 0 0 0 0;
 INPUT ---        0 0 0 0 0 0 0 0 0 0 0 0 0 0 0 0 0 0 0 0 0 0 0 0 0 0 0 0 0 
 INPUT ---       1 0 0 0 0 0 0;
 INPUT ---        0 0 0 0 0 0 0 0 0 0 0 0 0 0 0 0 0 0 0 0 0 0 0 0 0 0 0 0 0 
 INPUT ---       1 0 0 0 0 0 0;
 INPUT ---        0 0 0 0 0 0 0 0 0 0 0 0 0 0 0 0 0 0 0 0 0 0 0 0 0 0 0 0 0 
 INPUT ---       1 0 0 0 0 0 0;
 INPUT ---        0 0 0 0 0 0 0 0 0 0 0 0 0 0 0 0 0 0 0 0 0 0 0 0 0 0 0 0 0 
 INPUT ---       1 0 0 0 0 0 0;
 INPUT ---        0 0 0 0 0 0 0 0 0 0 0 0 0 0 0 0 0 0 0 0 0 0 0 0 0 0 0 0 0 
 INPUT ---       1 0 0 0 0 0 0;
 INPUT ---        0 0 0 0 0 0 0 0 0 0 0 0 0 0 0 0 0 0 0 0 0 0 0 0 0 0 0 0 0 
 INPUT ---       1 0 0 0 0 0 0;
 INPUT ---        0 0 0 0 0 0 0 0 0 0 0 0 0 0 0 0 0 0 0 0 0 0 0 0 0 0 0 0 0 
 INPUT ---       1 0 0 0 0 0 0;
 INPUT ---        0 0 0 0 0 0 0 0 0 0 0 0 0 0 0 0 0 0 0 0 0 0 0 0 0 0 0 0 0 
 INPUT ---       1 0 0 0 0 0 0;
 INPUT ---        0 0 0 0 0 0 0 0 0 0 0 0 0 0 0 0 0 0 0 0 0 0 0 0 0 0 0 0 0 

Program  MARK  - Survival Rate Estimation with Capture-Recapture Data
 gfortran(dble/PIM2) Vers. 11.1 Nov 2024  15-Feb-2026 11:48:05    Page  006
 - - - - - - - - - - - - - - - - - - - - - - - - - - - - - - - - - - - - - -
 
 INPUT ---       1 0 0 0 0 0 0;
 INPUT ---        0 0 0 0 0 0 0 0 0 0 0 0 0 0 0 0 0 0 0 0 0 0 0 0 0 0 0 0 0 
 INPUT ---       1 0 0 0 0 0 0;
 INPUT ---        0 0 0 0 0 0 0 0 0 0 0 0 0 0 0 0 0 0 0 0 0 0 0 0 0 0 0 0 0 
 INPUT ---       1 0 0 0 0 0 0;
 INPUT ---        0 0 0 0 0 0 0 0 0 0 0 0 0 0 0 0 0 0 0 0 0 0 0 0 0 0 0 0 0 
 INPUT ---       1 0 0 0 0 0 0;
 INPUT ---        0 0 0 0 0 0 0 0 0 0 0 0 0 0 0 0 0 0 0 0 0 0 0 0 0 0 0 0 0 
 INPUT ---       1 0 0 0 0 0 0;
 INPUT ---        0 0 0 0 0 0 0 0 0 0 0 0 0 0 0 0 0 0 0 0 0 0 0 0 0 0 0 0 0 
 INPUT ---       1 0 0 0 0 0 0;
 INPUT ---        0 0 0 0 0 0 0 0 0 0 0 0 0 0 0 0 0 0 0 0 0 0 0 0 0 0 0 0 0 
 INPUT ---       1 0 0 0 0 0 0;
 INPUT ---        0 0 0 0 0 0 0 0 0 0 0 0 0 0 0 0 0 0 0 0 0 0 0 0 0 0 0 0 0 
 INPUT ---       1 0 0 0 0 0 0;
 INPUT ---        0 0 0 0 0 0 0 0 0 0 0 0 0 0 0 0 0 0 0 0 0 0 0 0 0 0 0 0 0 
 INPUT ---       1 0 0 0 0 0 0;
 INPUT ---        0 0 0 0 0 0 0 0 0 0 0 0 0 0 0 0 0 0 0 0 0 0 0 0 0 0 0 0 0 
 INPUT ---       1 0 0 0 0 0 0;
 INPUT ---        0 0 0 0 0 0 0 0 0 0 0 0 0 0 0 0 0 0 0 0 0 0 0 0 0 0 0 0 0 
 INPUT ---       1 0 0 0 0 0 0;
 INPUT ---        0 0 0 0 0 0 0 0 0 0 0 0 0 0 0 0 0 0 0 0 0 0 0 0 0 0 0 0 0 
 INPUT ---       1 0 0 0 0 0 0;
 INPUT ---        0 0 0 0 0 0 0 0 0 0 0 0 0 0 0 0 0 0 0 0 0 0 0 0 0 0 0 0 0 
 INPUT ---       1 0 0 0 0 0 0;
 INPUT ---        0 0 0 0 0 0 0 0 0 0 0 0 0 0 0 0 0 0 0 0 0 0 0 0 0 0 0 0 0 
 INPUT ---       1 0 0 0 0 0 0;
 INPUT ---        0 0 0 0 0 0 0 0 0 0 0 0 0 0 0 0 0 0 0 0 0 0 0 0 0 0 0 0 0 
 INPUT ---       1 0 0 0 0 0 0;
 INPUT ---        0 0 0 0 0 0 0 0 0 0 0 0 0 0 0 0 0 0 0 0 0 0 0 0 0 0 0 0 0 
 INPUT ---       1 0 0 0 0 0 0;
 INPUT ---        0 0 0 0 0 0 0 0 0 0 0 0 0 0 0 0 0 0 0 0 0 0 0 0 0 0 0 0 0 
 INPUT ---       1 0 0 0 0 0 0;
 INPUT ---        0 0 0 0 0 0 0 0 0 0 0 0 0 0 0 0 0 0 0 0 0 0 0 0 0 0 0 0 0 
 INPUT ---       1 0 0 0 0 0 0;
 INPUT ---        0 0 0 0 0 0 0 0 0 0 0 0 0 0 0 0 0 0 0 0 0 0 0 0 0 0 0 0 0 
 INPUT ---       1 0 0 0 0 0 0;
 INPUT ---        0 0 0 0 0 0 0 0 0 0 0 0 0 0 0 0 0 0 0 0 0 0 0 0 0 0 0 0 0 
 INPUT ---       1 0 0 0 0 0 0;
 INPUT ---        0 0 0 0 0 0 0 0 0 0 0 0 0 0 0 0 0 0 0 0 0 0 0 0 0 0 0 0 0 
 INPUT ---       1 0 0 0 0 0 0;
 INPUT ---        0 0 0 0 0 0 0 0 0 0 0 0 0 0 0 0 0 0 0 0 0 0 0 0 0 0 0 0 0 
 INPUT ---       1 0 0 0 0 0 0;
 INPUT ---        0 0 0 0 0 0 0 0 0 0 0 0 0 0 0 0 0 0 0 0 0 0 0 0 0 0 0 0 0 
 INPUT ---       1 0 0 0 0 0 0;
 INPUT ---        0 0 0 0 0 0 0 0 0 0 0 0 0 0 0 0 0 0 0 0 0 0 0 0 0 0 0 0 0 

Program  MARK  - Survival Rate Estimation with Capture-Recapture Data
 gfortran(dble/PIM2) Vers. 11.1 Nov 2024  15-Feb-2026 11:48:05    Page  007
 - - - - - - - - - - - - - - - - - - - - - - - - - - - - - - - - - - - - - -
 
 INPUT ---       1 0 0 0 0 0 0;
 INPUT ---        0 0 0 0 0 0 0 0 0 0 0 0 0 0 0 0 0 0 0 0 0 0 0 0 0 0 0 0 0 
 INPUT ---       1 0 0 0 0 0 0;
 INPUT ---        0 0 0 0 0 0 0 0 0 0 0 0 0 0 0 0 0 0 0 0 0 0 0 0 0 0 0 0 0 
 INPUT ---       1 0 0 0 0 0 0;
 INPUT ---        0 0 0 0 0 0 0 0 0 0 0 0 0 0 0 0 0 0 0 0 0 0 0 0 0 0 0 0 0 
 INPUT ---       1 0 0 0 0 0 0;
 INPUT ---        0 0 0 0 0 0 0 0 0 0 0 0 0 0 0 0 0 0 0 0 0 0 0 0 0 0 0 0 0 
 INPUT ---       1 0 0 0 0 0 0;
 INPUT ---        0 0 0 0 0 0 0 0 0 0 0 0 0 0 0 0 0 0 0 0 0 0 0 0 0 0 0 0 0 
 INPUT ---       1 0 0 0 0 0 0;
 INPUT ---        0 0 0 0 0 0 0 0 0 0 0 0 0 0 0 0 0 0 0 0 0 0 0 0 0 0 0 0 0 
 INPUT ---       1 0 0 0 0 0 0;
 INPUT ---        0 0 0 0 0 0 0 0 0 0 0 0 0 0 0 0 0 0 0 0 0 0 0 0 0 0 0 0 0 
 INPUT ---       1 0 0 0 0 0 0;
 INPUT ---        0 0 0 0 0 0 0 0 0 0 0 0 0 0 0 0 0 0 0 0 0 0 0 0 0 0 0 0 0 
 INPUT ---       1 0 0 0 0 0 0;
 INPUT ---        0 0 0 0 0 0 0 0 0 0 0 0 0 0 0 0 0 0 0 0 0 0 0 0 0 0 0 0 0 
 INPUT ---       1 0 0 0 0 0 0;
 INPUT ---        0 0 0 0 0 0 0 0 0 0 0 0 0 0 0 0 0 0 0 0 0 0 0 0 0 0 0 0 0 
 INPUT ---       1 0 0 0 0 0 0;
 INPUT ---        0 0 0 0 0 0 0 0 0 0 0 0 0 0 0 0 0 0 0 0 0 0 0 0 0 0 0 0 0 
 INPUT ---       1 0 0 0 0 0 0;
 INPUT ---        0 0 0 0 0 0 0 0 0 0 0 0 0 0 0 0 0 0 0 0 0 0 0 0 0 0 0 0 0 
 INPUT ---       1 0 0 0 0 0 0;
 INPUT ---        0 0 0 0 0 0 0 0 0 0 0 0 0 0 0 0 0 0 0 0 0 0 0 0 0 0 0 0 0 
 INPUT ---       1 0 0 0 0 0 0;
 INPUT ---        0 0 0 0 0 0 0 0 0 0 0 0 0 0 0 0 0 0 0 0 0 0 0 0 0 0 0 0 0 
 INPUT ---       1 0 0 0 0 0 0;
 INPUT ---        0 0 0 0 0 0 0 0 0 0 0 0 0 0 0 0 0 0 0 0 0 0 0 0 0 0 0 0 0 
 INPUT ---       1 0 0 0 0 0 0;
 INPUT ---        0 0 0 0 0 0 0 0 0 0 0 0 0 0 0 0 0 0 0 0 0 0 0 0 0 0 0 0 0 
 INPUT ---       1 0 0 0 0 0 0;
 INPUT ---        0 0 0 0 0 0 0 0 0 0 0 0 0 0 0 0 0 0 0 0 0 0 0 0 0 0 0 0 0 
 INPUT ---       1 0 0 0 0 0 0;
 INPUT ---        0 0 0 0 0 0 0 0 0 0 0 0 0 0 0 0 0 0 0 0 0 0 0 0 0 0 0 0 0 
 INPUT ---       1 0 0 0 0 0 0;
 INPUT ---        0 0 0 0 0 0 0 0 0 0 0 0 0 0 0 0 0 0 0 0 0 0 0 0 0 0 0 0 0 
 INPUT ---       1 0 0 0 0 0 0;
 INPUT ---        0 0 0 0 0 0 0 0 0 0 0 0 0 0 0 0 0 0 0 0 0 0 0 0 0 0 0 0 0 
 INPUT ---       1 0 0 0 0 0 0;
 INPUT ---        0 0 0 0 0 0 0 0 0 0 0 0 0 0 0 0 0 0 0 0 0 0 0 0 0 0 0 0 0 
 INPUT ---       1 0 0 0 0 0 0;
 INPUT ---        0 0 0 0 0 0 0 0 0 0 0 0 0 0 0 0 0 0 0 0 0 0 0 0 0 0 0 0 0 
 INPUT ---       1 0 0 0 0 0 0;
 INPUT ---        0 0 0 0 0 0 0 0 0 0 0 0 0 0 0 0 0 0 0 0 0 0 0 0 0 0 0 0 0 

Program  MARK  - Survival Rate Estimation with Capture-Recapture Data
 gfortran(dble/PIM2) Vers. 11.1 Nov 2024  15-Feb-2026 11:48:05    Page  008
 - - - - - - - - - - - - - - - - - - - - - - - - - - - - - - - - - - - - - -
 
 INPUT ---       1 0 0 0 0 0 0;
 INPUT ---        0 0 0 0 0 0 0 0 0 0 0 0 0 0 0 0 0 0 0 0 0 0 0 0 0 0 0 0 0 
 INPUT ---       1 0 0 0 0 0 0;
 INPUT ---        0 0 0 0 0 0 0 0 0 0 0 0 0 0 0 0 0 0 0 0 0 0 0 0 0 0 0 0 0 
 INPUT ---       1 0 0 0 0 0 0;
 INPUT ---        0 0 0 0 0 0 0 0 0 0 0 0 0 0 0 0 0 0 0 0 0 0 0 0 0 0 0 0 0 
 INPUT ---       1 0 0 0 0 0 0;
 INPUT ---        0 0 0 0 0 0 0 0 0 0 0 0 0 0 0 0 0 0 0 0 0 0 0 0 0 0 0 0 0 
 INPUT ---       1 0 0 0 0 0 0;
 INPUT ---        0 0 0 0 0 0 0 0 0 0 0 0 0 0 0 0 0 0 0 0 0 0 0 0 0 0 0 0 0 
 INPUT ---       1 0 0 0 0 0 0;
 INPUT ---        0 0 0 0 0 0 0 0 0 0 0 0 0 0 0 0 0 0 0 0 0 0 0 0 0 0 0 0 0 
 INPUT ---       1 0 0 0 0 0 0;
 INPUT ---        0 0 0 0 0 0 0 0 0 0 0 0 0 0 0 0 0 0 0 0 0 0 0 0 0 0 0 0 0 
 INPUT ---       1 0 0 0 0 0 0;
 INPUT ---        0 0 0 0 0 0 0 0 0 0 0 0 0 0 0 0 0 0 0 0 0 0 0 0 0 0 0 0 0 
 INPUT ---       1 0 0 0 0 0 0;
 INPUT ---        0 0 0 0 0 0 0 0 0 0 0 0 0 0 0 0 0 0 0 0 0 0 0 0 0 0 0 0 0 
 INPUT ---       1 0 0 0 0 0 0;
 INPUT ---        0 0 0 0 0 0 0 0 0 0 0 0 0 0 0 0 0 0 0 0 0 0 0 0 0 0 0 0 0 
 INPUT ---       1 0 0 0 0 0 0;
 INPUT ---        0 0 0 0 0 0 0 0 0 0 0 0 0 0 0 0 0 0 0 0 0 0 0 0 0 0 0 0 0 
 INPUT ---       1 0 0 0 0 0 0;
 INPUT ---        0 0 0 0 0 0 0 0 0 0 0 0 0 0 0 0 0 0 0 0 0 0 0 0 0 0 0 0 0 
 INPUT ---       1 0 0 0 0 0 0;
 INPUT ---        0 0 0 0 0 0 0 0 0 0 0 0 0 0 0 0 0 0 0 0 0 0 0 0 0 0 0 0 0 
 INPUT ---       1 0 0 0 0 0 0;
 INPUT ---        0 0 0 0 0 0 0 0 0 0 0 0 0 0 0 0 0 0 0 0 0 0 0 0 0 0 0 0 0 
 INPUT ---       1 0 0 0 0 0 0;
 INPUT ---        0 0 0 0 0 0 0 0 0 0 0 0 0 0 0 0 0 0 0 0 0 0 0 0 0 0 0 0 0 
 INPUT ---       1 0 0 0 0 0 0;
 INPUT ---        0 0 0 0 0 0 0 0 0 0 0 0 0 0 0 0 0 0 0 0 0 0 0 0 0 0 0 0 0 
 INPUT ---       1 0 0 0 0 0 0;
 INPUT ---        0 0 0 0 0 0 0 0 0 0 0 0 0 0 0 0 0 0 0 0 0 0 0 0 0 0 0 0 0 
 INPUT ---       1 0 0 0 0 0 0;
 INPUT ---        0 0 0 0 0 0 0 0 0 0 0 0 0 0 0 0 0 0 0 0 0 0 0 0 0 0 0 0 0 
 INPUT ---       1 0 0 0 0 0 0;
 INPUT ---        0 0 0 0 0 0 0 0 0 0 0 0 0 0 0 0 0 0 0 0 0 0 0 0 0 0 0 0 0 
 INPUT ---       1 0 0 0 0 0 0;
 INPUT ---        0 0 0 0 0 0 0 0 0 0 0 0 0 0 0 0 0 0 0 0 0 0 0 0 0 0 0 0 0 
 INPUT ---       1 0 0 0 0 0 0;
 INPUT ---        0 0 0 0 0 0 0 0 0 0 0 0 0 0 0 0 0 0 0 0 0 0 0 0 0 0 0 0 0 
 INPUT ---       1 0 0 0 0 0 0;
 INPUT ---        0 0 0 0 0 0 0 0 0 0 0 0 0 0 0 0 0 0 0 0 0 0 0 0 0 0 0 0 0 
 INPUT ---       1 0 0 0 0 0 0;
 INPUT ---        0 0 0 0 0 0 0 0 0 0 0 0 0 0 0 0 0 0 0 0 0 0 0 0 0 0 0 0 0 

Program  MARK  - Survival Rate Estimation with Capture-Recapture Data
 gfortran(dble/PIM2) Vers. 11.1 Nov 2024  15-Feb-2026 11:48:05    Page  009
 - - - - - - - - - - - - - - - - - - - - - - - - - - - - - - - - - - - - - -
 
 INPUT ---       1 0 0 0 0 0 0;
 INPUT ---        0 0 0 0 0 0 0 0 0 0 0 0 0 0 0 0 0 0 0 0 0 0 0 0 0 0 0 0 0 
 INPUT ---       1 0 0 0 0 0 0;
 INPUT ---        0 0 0 0 0 0 0 0 0 0 0 0 0 0 0 0 0 0 0 0 0 0 0 0 0 0 0 0 0 
 INPUT ---       1 0 0 0 0 0 0;
 INPUT ---        0 0 0 0 0 0 0 0 0 0 0 0 0 0 0 0 0 0 0 0 0 0 0 0 0 0 0 0 0 
 INPUT ---       1 0 0 0 0 0 0;
 INPUT ---        0 0 0 0 0 0 0 0 0 0 0 0 0 0 0 0 0 0 0 0 0 0 0 0 0 0 0 0 0 
 INPUT ---       1 0 0 0 0 0 0;
 INPUT ---        0 0 0 0 0 0 0 0 0 0 0 0 0 0 0 0 0 0 0 0 0 0 0 0 0 0 0 0 0 
 INPUT ---       1 0 0 0 0 0 0;
 INPUT ---        0 0 0 0 0 0 0 0 0 0 0 0 0 0 0 0 0 0 0 0 0 0 0 0 0 0 0 0 0 
 INPUT ---       1 0 0 0 0 0 0;
 INPUT ---        0 0 0 0 0 0 0 0 0 0 0 0 0 0 0 0 0 0 0 0 0 0 0 0 0 0 0 0 0 
 INPUT ---       1 0 0 0 0 0 0;
 INPUT ---        0 0 0 0 0 0 0 0 0 0 0 0 0 0 0 0 0 0 0 0 0 0 0 0 0 0 0 0 0 
 INPUT ---       1 0 0 0 0 0 0;
 INPUT ---        0 0 0 0 0 0 0 0 0 0 0 0 0 0 0 0 0 0 0 0 0 0 0 0 0 0 0 0 0 
 INPUT ---       1 0 0 0 0 0 0;
 INPUT ---        0 0 0 0 0 0 0 0 0 0 0 0 0 0 0 0 0 0 0 0 0 0 0 0 0 0 0 0 0 
 INPUT ---       1 0 0 0 0 0 0;
 INPUT ---        0 0 0 0 0 0 0 0 0 0 0 0 0 0 0 0 0 0 0 0 0 0 0 0 0 0 0 0 0 
 INPUT ---       1 0 0 0 0 0 0;
 INPUT ---        0 0 0 0 0 0 0 0 0 0 0 0 0 0 0 0 0 0 0 0 0 0 0 0 0 0 0 0 0 
 INPUT ---       1 0 0 0 0 0 0;
 INPUT ---        0 0 0 0 0 0 0 0 0 0 0 0 0 0 0 0 0 0 0 0 0 0 0 0 0 0 0 0 0 
 INPUT ---       1 0 0 0 0 0 0;
 INPUT ---        0 0 0 0 0 0 0 0 0 0 0 0 0 0 0 0 0 0 0 0 0 0 0 0 0 0 0 0 0 
 INPUT ---       1 0 0 0 0 0 0;
 INPUT ---        0 0 0 0 0 0 0 0 0 0 0 0 0 0 0 0 0 0 0 0 0 0 0 0 0 0 0 0 0 
 INPUT ---       1 0 0 0 0 0 0;
 INPUT ---        0 0 0 0 0 0 0 0 0 0 0 0 0 0 0 0 0 0 0 0 0 0 0 0 0 0 0 0 0 
 INPUT ---       1 0 0 0 0 0 0;
 INPUT ---        0 0 0 0 0 0 0 0 0 0 0 0 0 0 0 0 0 0 0 0 0 0 0 0 0 0 0 0 0 
 INPUT ---       1 0 0 0 0 0 0;
 INPUT ---        0 0 0 0 0 0 0 0 0 0 0 0 0 0 0 0 0 0 0 0 0 0 0 0 0 0 0 0 0 
 INPUT ---       1 0 0 0 0 0 0;
 INPUT ---        0 0 0 0 0 0 0 0 0 0 0 0 0 0 0 0 0 0 0 0 0 0 0 0 0 0 0 0 0 
 INPUT ---       1 0 0 0 0 0 0;
 INPUT ---        0 0 0 0 0 0 0 0 0 0 0 0 0 0 0 0 0 0 0 0 0 0 0 0 0 0 0 0 0 
 INPUT ---       1 0 0 0 0 0 0;
 INPUT ---        0 0 0 0 0 0 0 0 0 0 0 0 0 0 0 0 0 0 0 0 0 0 0 0 0 0 0 0 0 
 INPUT ---       1 0 0 0 0 0 0;
 INPUT ---        0 0 0 0 0 0 0 0 0 0 0 0 0 0 0 0 0 0 0 0 0 0 0 0 0 0 0 0 0 
 INPUT ---       1 0 0 0 0 0 0;
 INPUT ---        0 0 0 0 0 0 0 0 0 0 0 0 0 0 0 0 0 0 0 0 0 0 0 0 0 0 0 0 0 

Program  MARK  - Survival Rate Estimation with Capture-Recapture Data
 gfortran(dble/PIM2) Vers. 11.1 Nov 2024  15-Feb-2026 11:48:05    Page  010
 - - - - - - - - - - - - - - - - - - - - - - - - - - - - - - - - - - - - - -
 
 INPUT ---       1 0 0 0 0 0 0;
 INPUT ---        0 0 0 0 0 0 0 0 0 0 0 0 0 0 0 0 0 0 0 0 0 0 0 0 0 0 0 0 0 
 INPUT ---       1 0 0 0 0 0 0;
 INPUT ---        0 0 0 0 0 0 0 0 0 0 0 0 0 0 0 0 0 0 0 0 0 0 0 0 0 0 0 0 0 
 INPUT ---       1 0 0 0 0 0 0;
 INPUT ---        0 0 0 0 0 0 0 0 0 0 0 0 0 0 0 0 0 0 0 0 0 0 0 0 0 0 0 0 0 
 INPUT ---       1 0 0 0 0 0 0;
 INPUT ---        0 0 0 0 0 0 0 0 0 0 0 0 0 0 0 0 0 0 0 0 0 0 0 0 0 0 0 0 0 
 INPUT ---       1 0 0 0 0 0 0;
 INPUT ---        0 0 0 0 0 0 0 0 0 0 0 0 0 0 0 0 0 0 0 0 0 0 0 0 0 0 0 0 0 
 INPUT ---       1 0 0 0 0 0 0;
 INPUT ---        0 0 0 0 0 0 0 0 0 0 0 0 0 0 0 0 0 0 0 0 0 0 0 0 0 0 0 0 0 
 INPUT ---       1 0 0 0 0 0 0;
 INPUT ---        0 0 0 0 0 0 0 0 0 0 0 0 0 0 0 0 0 0 0 0 0 0 0 0 0 0 0 0 0 
 INPUT ---       1 0 0 0 0 0 0;
 INPUT ---        0 0 0 0 0 0 0 0 0 0 0 0 0 0 0 0 0 0 0 0 0 0 0 0 0 0 0 0 0 
 INPUT ---       1 0 0 0 0 0 0;
 INPUT ---        0 0 0 0 0 0 0 0 0 0 0 0 0 0 0 0 0 0 0 0 0 0 0 0 0 0 0 0 0 
 INPUT ---       1 0 0 0 0 0 0;
 INPUT ---        0 0 0 0 0 0 0 0 0 0 0 0 0 0 0 0 0 0 0 0 0 0 0 0 0 0 0 0 0 
 INPUT ---       1 0 0 0 0 0 0;
 INPUT ---        0 0 0 0 0 0 0 0 0 0 0 0 0 0 0 0 0 0 0 0 0 0 0 0 0 0 0 0 0 
 INPUT ---       1 0 0 0 0 0 0;
 INPUT ---        0 0 0 0 0 0 0 0 0 0 0 0 0 0 0 0 0 0 0 0 0 0 0 0 0 0 0 0 0 
 INPUT ---       1 0 0 0 0 0 0;
 INPUT ---        0 0 0 0 0 0 0 0 0 0 0 0 0 0 0 0 0 0 0 0 0 0 0 0 0 0 0 0 0 
 INPUT ---       1 0 0 0 0 0 0;
 INPUT ---        0 0 0 0 0 0 0 0 0 0 0 0 0 0 0 0 0 0 0 0 0 0 0 0 0 0 0 0 0 
 INPUT ---       1 0 0 0 0 0 0;
 INPUT ---        0 0 0 0 0 0 0 0 0 0 0 0 0 0 0 0 0 0 0 0 0 0 0 0 0 0 0 0 0 
 INPUT ---       1 0 0 0 0 0 0;
 INPUT ---    links=167;
 INPUT ---       Logit;
 INPUT ---       Logit;
 INPUT ---       Logit;
 INPUT ---       Logit;
 INPUT ---       Logit;
 INPUT ---       Logit;
 INPUT ---       Logit;
 INPUT ---       Logit;
 INPUT ---       Logit;
 INPUT ---       Logit;
 INPUT ---       Logit;
 INPUT ---       Logit;
 INPUT ---       Logit;
 INPUT ---       Logit;

Program  MARK  - Survival Rate Estimation with Capture-Recapture Data
 gfortran(dble/PIM2) Vers. 11.1 Nov 2024  15-Feb-2026 11:48:05    Page  011
 - - - - - - - - - - - - - - - - - - - - - - - - - - - - - - - - - - - - - -
 
 INPUT ---       Logit;
 INPUT ---       Logit;
 INPUT ---       Logit;
 INPUT ---       Logit;
 INPUT ---       Logit;
 INPUT ---       Logit;
 INPUT ---       Logit;
 INPUT ---       Logit;
 INPUT ---       Logit;
 INPUT ---       Logit;
 INPUT ---       Logit;
 INPUT ---       Logit;
 INPUT ---       Logit;
 INPUT ---       Logit;
 INPUT ---       Logit;
 INPUT ---       Log;
 INPUT ---       Log;
 INPUT ---       Log;
 INPUT ---       Log;
 INPUT ---       Log;
 INPUT ---       Log;
 INPUT ---       mlogit(1);
 INPUT ---       mlogit(1);
 INPUT ---       mlogit(1);
 INPUT ---       mlogit(1);
 INPUT ---       mlogit(1);
 INPUT ---       mlogit(1);
 INPUT ---       mlogit(1);
 INPUT ---       mlogit(1);
 INPUT ---       mlogit(1);
 INPUT ---       mlogit(1);
 INPUT ---       mlogit(1);
 INPUT ---       mlogit(1);
 INPUT ---       mlogit(1);
 INPUT ---       mlogit(1);
 INPUT ---       mlogit(1);
 INPUT ---       mlogit(1);
 INPUT ---       mlogit(1);
 INPUT ---       mlogit(1);
 INPUT ---       mlogit(1);
 INPUT ---       mlogit(1);
 INPUT ---       mlogit(1);
 INPUT ---       mlogit(1);
 INPUT ---       mlogit(2);
 INPUT ---       mlogit(2);
 INPUT ---       mlogit(2);

Program  MARK  - Survival Rate Estimation with Capture-Recapture Data
 gfortran(dble/PIM2) Vers. 11.1 Nov 2024  15-Feb-2026 11:48:05    Page  012
 - - - - - - - - - - - - - - - - - - - - - - - - - - - - - - - - - - - - - -
 
 INPUT ---       mlogit(2);
 INPUT ---       mlogit(2);
 INPUT ---       mlogit(2);
 INPUT ---       mlogit(2);
 INPUT ---       mlogit(2);
 INPUT ---       mlogit(2);
 INPUT ---       mlogit(2);
 INPUT ---       mlogit(2);
 INPUT ---       mlogit(2);
 INPUT ---       mlogit(2);
 INPUT ---       mlogit(2);
 INPUT ---       mlogit(2);
 INPUT ---       mlogit(2);
 INPUT ---       mlogit(2);
 INPUT ---       mlogit(2);
 INPUT ---       mlogit(2);
 INPUT ---       mlogit(2);
 INPUT ---       mlogit(2);
 INPUT ---       mlogit(2);
 INPUT ---       mlogit(3);
 INPUT ---       mlogit(3);
 INPUT ---       mlogit(3);
 INPUT ---       mlogit(3);
 INPUT ---       mlogit(3);
 INPUT ---       mlogit(3);
 INPUT ---       mlogit(3);
 INPUT ---       mlogit(3);
 INPUT ---       mlogit(3);
 INPUT ---       mlogit(3);
 INPUT ---       mlogit(3);
 INPUT ---       mlogit(3);
 INPUT ---       mlogit(3);
 INPUT ---       mlogit(3);
 INPUT ---       mlogit(3);
 INPUT ---       mlogit(3);
 INPUT ---       mlogit(3);
 INPUT ---       mlogit(3);
 INPUT ---       mlogit(3);
 INPUT ---       mlogit(3);
 INPUT ---       mlogit(3);
 INPUT ---       mlogit(3);
 INPUT ---       mlogit(4);
 INPUT ---       mlogit(4);
 INPUT ---       mlogit(4);
 INPUT ---       mlogit(4);
 INPUT ---       mlogit(4);

Program  MARK  - Survival Rate Estimation with Capture-Recapture Data
 gfortran(dble/PIM2) Vers. 11.1 Nov 2024  15-Feb-2026 11:48:05    Page  013
 - - - - - - - - - - - - - - - - - - - - - - - - - - - - - - - - - - - - - -
 
 INPUT ---       mlogit(4);
 INPUT ---       mlogit(4);
 INPUT ---       mlogit(4);
 INPUT ---       mlogit(4);
 INPUT ---       mlogit(4);
 INPUT ---       mlogit(4);
 INPUT ---       mlogit(4);
 INPUT ---       mlogit(4);
 INPUT ---       mlogit(4);
 INPUT ---       mlogit(4);
 INPUT ---       mlogit(4);
 INPUT ---       mlogit(4);
 INPUT ---       mlogit(4);
 INPUT ---       mlogit(4);
 INPUT ---       mlogit(4);
 INPUT ---       mlogit(4);
 INPUT ---       mlogit(4);
 INPUT ---       mlogit(5);
 INPUT ---       mlogit(5);
 INPUT ---       mlogit(5);
 INPUT ---       mlogit(5);
 INPUT ---       mlogit(5);
 INPUT ---       mlogit(5);
 INPUT ---       mlogit(5);
 INPUT ---       mlogit(5);
 INPUT ---       mlogit(5);
 INPUT ---       mlogit(5);
 INPUT ---       mlogit(5);
 INPUT ---       mlogit(5);
 INPUT ---       mlogit(5);
 INPUT ---       mlogit(5);
 INPUT ---       mlogit(5);
 INPUT ---       mlogit(5);
 INPUT ---       mlogit(5);
 INPUT ---       mlogit(5);
 INPUT ---       mlogit(5);
 INPUT ---       mlogit(5);
 INPUT ---       mlogit(5);
 INPUT ---       mlogit(5);
 INPUT ---       mlogit(6);
 INPUT ---       mlogit(6);
 INPUT ---       mlogit(6);
 INPUT ---       mlogit(6);
 INPUT ---       mlogit(6);
 INPUT ---       mlogit(6);
 INPUT ---       mlogit(6);

Program  MARK  - Survival Rate Estimation with Capture-Recapture Data
 gfortran(dble/PIM2) Vers. 11.1 Nov 2024  15-Feb-2026 11:48:05    Page  014
 - - - - - - - - - - - - - - - - - - - - - - - - - - - - - - - - - - - - - -
 
 INPUT ---       mlogit(6);
 INPUT ---       mlogit(6);
 INPUT ---       mlogit(6);
 INPUT ---       mlogit(6);
 INPUT ---       mlogit(6);
 INPUT ---       mlogit(6);
 INPUT ---       mlogit(6);
 INPUT ---       mlogit(6);
 INPUT ---       mlogit(6);
 INPUT ---       mlogit(6);
 INPUT ---       mlogit(6);
 INPUT ---       mlogit(6);
 INPUT ---       mlogit(6);
 INPUT ---       mlogit(6);
 INPUT ---       mlogit(6);
 INPUT ---       blabel(1)=Phi:(Intercept);
 INPUT ---       blabel(2)=Phi:Seasonhibernation;
 INPUT ---       blabel(3)=Phi:altitude2;
 INPUT ---       blabel(4)=Phi:altitude3;
 INPUT ---       blabel(5)=Phi:Seasonhibernation:altitude2;
 INPUT ---       blabel(6)=Phi:Seasonhibernation:altitude3;
 INPUT ---       blabel(7)=p:(Intercept);
 INPUT ---       blabel(8)=p:time1.49277266754271;
 INPUT ---       blabel(9)=p:time2.01839684625493;
 INPUT ---       blabel(10)=p:time2.51116951379763;
 INPUT ---       blabel(11)=p:time3.00394218134034;
 INPUT ---       blabel(12)=p:time3.49671484888305;
 INPUT ---       blabel(13)=p:time4.02233902759527;
 INPUT ---       blabel(14)=p:time4.51511169513798;
 INPUT ---       blabel(15)=p:time5.0407358738502;
 INPUT ---       blabel(16)=p:time5.5335085413929;
 INPUT ---       blabel(17)=p:time6.35479632063075;
 INPUT ---       blabel(18)=p:time13.3193166885677;
 INPUT ---       blabel(19)=p:time14.3377135348226;
 INPUT ---       blabel(20)=p:time15.323258869908;
 INPUT ---       blabel(21)=p:time16.0131406044678;
 INPUT ---       blabel(22)=p:time16.5059132720105;
 INPUT ---       blabel(23)=p:time17.0315374507227;
 INPUT ---       blabel(24)=p:time17.5243101182654;
 INPUT ---       blabel(25)=p:time26.3613666228647;
 INPUT ---       blabel(26)=p:time27.3469119579501;
 INPUT ---       blabel(27)=p:time28.365308804205;
 INPUT ---       blabel(28)=p:time29.3837056504599;
 INPUT ---       blabel(29)=p:time30.3692509855453;
 INPUT ---       blabel(30)=pent:(Intercept);
 INPUT ---       blabel(31)=N:(Intercept);

Program  MARK  - Survival Rate Estimation with Capture-Recapture Data
 gfortran(dble/PIM2) Vers. 11.1 Nov 2024  15-Feb-2026 11:48:05    Page  015
 - - - - - - - - - - - - - - - - - - - - - - - - - - - - - - - - - - - - - -
 
 INPUT ---       blabel(32)=N:groupS1;
 INPUT ---       blabel(33)=N:groupR2;
 INPUT ---       blabel(34)=N:groupS2;
 INPUT ---       blabel(35)=N:groupR3;
 INPUT ---       blabel(36)=N:groupS3;
 INPUT ---       rlabel(1)=Phi gR1 a0 t1;
 INPUT ---       rlabel(2)=Phi gR1 a12.3193166885677 t13.3193166885677;
 INPUT ---       rlabel(3)=Phi gR2 a0 t1;
 INPUT ---       rlabel(4)=Phi gR2 a12.3193166885677 t13.3193166885677;
 INPUT ---       rlabel(5)=Phi gR3 a0 t1;
 INPUT ---       rlabel(6)=Phi gR3 a12.3193166885677 t13.3193166885677;
 INPUT ---       rlabel(7)=p gR1 a0 t1;
 INPUT ---       rlabel(8)=p gR1 a0.492772667542707 t1.49277266754271;
 INPUT ---       rlabel(9)=p gR1 a1.01839684625493 t2.01839684625493;
 INPUT ---       rlabel(10)=p gR1 a1.51116951379763 t2.51116951379763;
 INPUT ---       rlabel(11)=p gR1 a2.00394218134034 t3.00394218134034;
 INPUT ---       rlabel(12)=p gR1 a2.49671484888305 t3.49671484888305;
 INPUT ---       rlabel(13)=p gR1 a3.02233902759527 t4.02233902759527;
 INPUT ---       rlabel(14)=p gR1 a3.51511169513798 t4.51511169513798;
 INPUT ---       rlabel(15)=p gR1 a4.0407358738502 t5.0407358738502;
 INPUT ---       rlabel(16)=p gR1 a4.5335085413929 t5.5335085413929;
 INPUT ---       rlabel(17)=p gR1 a5.35479632063075 t6.35479632063075;
 INPUT ---       rlabel(18)=p gR1 a12.3193166885677 t13.3193166885677;
 INPUT ---       rlabel(19)=p gR1 a13.3377135348226 t14.3377135348226;
 INPUT ---       rlabel(20)=p gR1 a14.323258869908 t15.323258869908;
 INPUT ---       rlabel(21)=p gR1 a15.0131406044678 t16.0131406044678;
 INPUT ---       rlabel(22)=p gR1 a15.5059132720105 t16.5059132720105;
 INPUT ---       rlabel(23)=p gR1 a16.0315374507227 t17.0315374507227;
 INPUT ---       rlabel(24)=p gR1 a16.5243101182654 t17.5243101182654;
 INPUT ---       rlabel(25)=p gR1 a25.3613666228647 t26.3613666228647;
 INPUT ---       rlabel(26)=p gR1 a26.3469119579501 t27.3469119579501;
 INPUT ---       rlabel(27)=p gR1 a27.365308804205 t28.365308804205;
 INPUT ---       rlabel(28)=p gR1 a28.3837056504599 t29.3837056504599;
 INPUT ---       rlabel(29)=p gR1 a29.3692509855453 t30.3692509855453;
 INPUT ---       rlabel(30)=N gR1 a0 t1;
 INPUT ---       rlabel(31)=N gS1 a0 t1;
 INPUT ---       rlabel(32)=N gR2 a0 t1;
 INPUT ---       rlabel(33)=N gS2 a0 t1;
 INPUT ---       rlabel(34)=N gR3 a0 t1;
 INPUT ---       rlabel(35)=N gS3 a0 t1;
 INPUT ---       rlabel(36)=pent gR1 a0.492772667542707 t1.49277266754271;
 INPUT ---       rlabel(37)=pent gR1 a1.01839684625493 t2.01839684625493;
 INPUT ---       rlabel(38)=pent gR1 a1.51116951379763 t2.51116951379763;
 INPUT ---       rlabel(39)=pent gR1 a2.00394218134034 t3.00394218134034;
 INPUT ---       rlabel(40)=pent gR1 a2.49671484888305 t3.49671484888305;
 INPUT ---       rlabel(41)=pent gR1 a3.02233902759527 t4.02233902759527;

Program  MARK  - Survival Rate Estimation with Capture-Recapture Data
 gfortran(dble/PIM2) Vers. 11.1 Nov 2024  15-Feb-2026 11:48:05    Page  016
 - - - - - - - - - - - - - - - - - - - - - - - - - - - - - - - - - - - - - -
 
 INPUT ---       rlabel(42)=pent gR1 a3.51511169513798 t4.51511169513798;
 INPUT ---       rlabel(43)=pent gR1 a4.0407358738502 t5.0407358738502;
 INPUT ---       rlabel(44)=pent gR1 a4.5335085413929 t5.5335085413929;
 INPUT ---       rlabel(45)=pent gR1 a5.35479632063075 t6.35479632063075;
 INPUT ---       rlabel(46)=pent gR1 a12.3193166885677 t13.3193166885677;
 INPUT ---       rlabel(47)=pent gR1 a13.3377135348226 t14.3377135348226;
 INPUT ---       rlabel(48)=pent gR1 a14.323258869908 t15.323258869908;
 INPUT ---       rlabel(49)=pent gR1 a15.0131406044678 t16.0131406044678;
 INPUT ---       rlabel(50)=pent gR1 a15.5059132720105 t16.5059132720105;
 INPUT ---       rlabel(51)=pent gR1 a16.0315374507227 t17.0315374507227;
 INPUT ---       rlabel(52)=pent gR1 a16.5243101182654 t17.5243101182654;
 INPUT ---       rlabel(53)=pent gR1 a25.3613666228647 t26.3613666228647;
 INPUT ---       rlabel(54)=pent gR1 a26.3469119579501 t27.3469119579501;
 INPUT ---       rlabel(55)=pent gR1 a27.365308804205 t28.365308804205;
 INPUT ---       rlabel(56)=pent gR1 a28.3837056504599 t29.3837056504599;
 INPUT ---       rlabel(57)=pent gR1 a29.3692509855453 t30.3692509855453;
 INPUT ---       rlabel(58)=pent gS1 a0.492772667542707 t1.49277266754271;
 INPUT ---       rlabel(59)=pent gS1 a1.01839684625493 t2.01839684625493;
 INPUT ---       rlabel(60)=pent gS1 a1.51116951379763 t2.51116951379763;
 INPUT ---       rlabel(61)=pent gS1 a2.00394218134034 t3.00394218134034;
 INPUT ---       rlabel(62)=pent gS1 a2.49671484888305 t3.49671484888305;
 INPUT ---       rlabel(63)=pent gS1 a3.02233902759527 t4.02233902759527;
 INPUT ---       rlabel(64)=pent gS1 a3.51511169513798 t4.51511169513798;
 INPUT ---       rlabel(65)=pent gS1 a4.0407358738502 t5.0407358738502;
 INPUT ---       rlabel(66)=pent gS1 a4.5335085413929 t5.5335085413929;
 INPUT ---       rlabel(67)=pent gS1 a5.35479632063075 t6.35479632063075;
 INPUT ---       rlabel(68)=pent gS1 a12.3193166885677 t13.3193166885677;
 INPUT ---       rlabel(69)=pent gS1 a13.3377135348226 t14.3377135348226;
 INPUT ---       rlabel(70)=pent gS1 a14.323258869908 t15.323258869908;
 INPUT ---       rlabel(71)=pent gS1 a15.0131406044678 t16.0131406044678;
 INPUT ---       rlabel(72)=pent gS1 a15.5059132720105 t16.5059132720105;
 INPUT ---       rlabel(73)=pent gS1 a16.0315374507227 t17.0315374507227;
 INPUT ---       rlabel(74)=pent gS1 a16.5243101182654 t17.5243101182654;
 INPUT ---       rlabel(75)=pent gS1 a25.3613666228647 t26.3613666228647;
 INPUT ---       rlabel(76)=pent gS1 a26.3469119579501 t27.3469119579501;
 INPUT ---       rlabel(77)=pent gS1 a27.365308804205 t28.365308804205;
 INPUT ---       rlabel(78)=pent gS1 a28.3837056504599 t29.3837056504599;
 INPUT ---       rlabel(79)=pent gS1 a29.3692509855453 t30.3692509855453;
 INPUT ---       rlabel(80)=pent gR2 a0.492772667542707 t1.49277266754271;
 INPUT ---       rlabel(81)=pent gR2 a1.01839684625493 t2.01839684625493;
 INPUT ---       rlabel(82)=pent gR2 a1.51116951379763 t2.51116951379763;
 INPUT ---       rlabel(83)=pent gR2 a2.00394218134034 t3.00394218134034;
 INPUT ---       rlabel(84)=pent gR2 a2.49671484888305 t3.49671484888305;
 INPUT ---       rlabel(85)=pent gR2 a3.02233902759527 t4.02233902759527;
 INPUT ---       rlabel(86)=pent gR2 a3.51511169513798 t4.51511169513798;
 INPUT ---       rlabel(87)=pent gR2 a4.0407358738502 t5.0407358738502;

Program  MARK  - Survival Rate Estimation with Capture-Recapture Data
 gfortran(dble/PIM2) Vers. 11.1 Nov 2024  15-Feb-2026 11:48:05    Page  017
 - - - - - - - - - - - - - - - - - - - - - - - - - - - - - - - - - - - - - -
 
 INPUT ---       rlabel(88)=pent gR2 a4.5335085413929 t5.5335085413929;
 INPUT ---       rlabel(89)=pent gR2 a5.35479632063075 t6.35479632063075;
 INPUT ---       rlabel(90)=pent gR2 a12.3193166885677 t13.3193166885677;
 INPUT ---       rlabel(91)=pent gR2 a13.3377135348226 t14.3377135348226;
 INPUT ---       rlabel(92)=pent gR2 a14.323258869908 t15.323258869908;
 INPUT ---       rlabel(93)=pent gR2 a15.0131406044678 t16.0131406044678;
 INPUT ---       rlabel(94)=pent gR2 a15.5059132720105 t16.5059132720105;
 INPUT ---       rlabel(95)=pent gR2 a16.0315374507227 t17.0315374507227;
 INPUT ---       rlabel(96)=pent gR2 a16.5243101182654 t17.5243101182654;
 INPUT ---       rlabel(97)=pent gR2 a25.3613666228647 t26.3613666228647;
 INPUT ---       rlabel(98)=pent gR2 a26.3469119579501 t27.3469119579501;
 INPUT ---       rlabel(99)=pent gR2 a27.365308804205 t28.365308804205;
 INPUT ---       rlabel(100)=pent gR2 a28.3837056504599 t29.3837056504599;
 INPUT ---       rlabel(101)=pent gR2 a29.3692509855453 t30.3692509855453;
 INPUT ---       rlabel(102)=pent gS2 a0.492772667542707 t1.49277266754271;
 INPUT ---       rlabel(103)=pent gS2 a1.01839684625493 t2.01839684625493;
 INPUT ---       rlabel(104)=pent gS2 a1.51116951379763 t2.51116951379763;
 INPUT ---       rlabel(105)=pent gS2 a2.00394218134034 t3.00394218134034;
 INPUT ---       rlabel(106)=pent gS2 a2.49671484888305 t3.49671484888305;
 INPUT ---       rlabel(107)=pent gS2 a3.02233902759527 t4.02233902759527;
 INPUT ---       rlabel(108)=pent gS2 a3.51511169513798 t4.51511169513798;
 INPUT ---       rlabel(109)=pent gS2 a4.0407358738502 t5.0407358738502;
 INPUT ---       rlabel(110)=pent gS2 a4.5335085413929 t5.5335085413929;
 INPUT ---       rlabel(111)=pent gS2 a5.35479632063075 t6.35479632063075;
 INPUT ---       rlabel(112)=pent gS2 a12.3193166885677 t13.3193166885677;
 INPUT ---       rlabel(113)=pent gS2 a13.3377135348226 t14.3377135348226;
 INPUT ---       rlabel(114)=pent gS2 a14.323258869908 t15.323258869908;
 INPUT ---       rlabel(115)=pent gS2 a15.0131406044678 t16.0131406044678;
 INPUT ---       rlabel(116)=pent gS2 a15.5059132720105 t16.5059132720105;
 INPUT ---       rlabel(117)=pent gS2 a16.0315374507227 t17.0315374507227;
 INPUT ---       rlabel(118)=pent gS2 a16.5243101182654 t17.5243101182654;
 INPUT ---       rlabel(119)=pent gS2 a25.3613666228647 t26.3613666228647;
 INPUT ---       rlabel(120)=pent gS2 a26.3469119579501 t27.3469119579501;
 INPUT ---       rlabel(121)=pent gS2 a27.365308804205 t28.365308804205;
 INPUT ---       rlabel(122)=pent gS2 a28.3837056504599 t29.3837056504599;
 INPUT ---       rlabel(123)=pent gS2 a29.3692509855453 t30.3692509855453;
 INPUT ---       rlabel(124)=pent gR3 a0.492772667542707 t1.49277266754271;
 INPUT ---       rlabel(125)=pent gR3 a1.01839684625493 t2.01839684625493;
 INPUT ---       rlabel(126)=pent gR3 a1.51116951379763 t2.51116951379763;
 INPUT ---       rlabel(127)=pent gR3 a2.00394218134034 t3.00394218134034;
 INPUT ---       rlabel(128)=pent gR3 a2.49671484888305 t3.49671484888305;
 INPUT ---       rlabel(129)=pent gR3 a3.02233902759527 t4.02233902759527;
 INPUT ---       rlabel(130)=pent gR3 a3.51511169513798 t4.51511169513798;
 INPUT ---       rlabel(131)=pent gR3 a4.0407358738502 t5.0407358738502;
 INPUT ---       rlabel(132)=pent gR3 a4.5335085413929 t5.5335085413929;
 INPUT ---       rlabel(133)=pent gR3 a5.35479632063075 t6.35479632063075;

Program  MARK  - Survival Rate Estimation with Capture-Recapture Data
 gfortran(dble/PIM2) Vers. 11.1 Nov 2024  15-Feb-2026 11:48:05    Page  018
 - - - - - - - - - - - - - - - - - - - - - - - - - - - - - - - - - - - - - -
 
 INPUT ---       rlabel(134)=pent gR3 a12.3193166885677 t13.3193166885677;
 INPUT ---       rlabel(135)=pent gR3 a13.3377135348226 t14.3377135348226;
 INPUT ---       rlabel(136)=pent gR3 a14.323258869908 t15.323258869908;
 INPUT ---       rlabel(137)=pent gR3 a15.0131406044678 t16.0131406044678;
 INPUT ---       rlabel(138)=pent gR3 a15.5059132720105 t16.5059132720105;
 INPUT ---       rlabel(139)=pent gR3 a16.0315374507227 t17.0315374507227;
 INPUT ---       rlabel(140)=pent gR3 a16.5243101182654 t17.5243101182654;
 INPUT ---       rlabel(141)=pent gR3 a25.3613666228647 t26.3613666228647;
 INPUT ---       rlabel(142)=pent gR3 a26.3469119579501 t27.3469119579501;
 INPUT ---       rlabel(143)=pent gR3 a27.365308804205 t28.365308804205;
 INPUT ---       rlabel(144)=pent gR3 a28.3837056504599 t29.3837056504599;
 INPUT ---       rlabel(145)=pent gR3 a29.3692509855453 t30.3692509855453;
 INPUT ---       rlabel(146)=pent gS3 a0.492772667542707 t1.49277266754271;
 INPUT ---       rlabel(147)=pent gS3 a1.01839684625493 t2.01839684625493;
 INPUT ---       rlabel(148)=pent gS3 a1.51116951379763 t2.51116951379763;
 INPUT ---       rlabel(149)=pent gS3 a2.00394218134034 t3.00394218134034;
 INPUT ---       rlabel(150)=pent gS3 a2.49671484888305 t3.49671484888305;
 INPUT ---       rlabel(151)=pent gS3 a3.02233902759527 t4.02233902759527;
 INPUT ---       rlabel(152)=pent gS3 a3.51511169513798 t4.51511169513798;
 INPUT ---       rlabel(153)=pent gS3 a4.0407358738502 t5.0407358738502;
 INPUT ---       rlabel(154)=pent gS3 a4.5335085413929 t5.5335085413929;
 INPUT ---       rlabel(155)=pent gS3 a5.35479632063075 t6.35479632063075;
 INPUT ---       rlabel(156)=pent gS3 a12.3193166885677 t13.3193166885677;
 INPUT ---       rlabel(157)=pent gS3 a13.3377135348226 t14.3377135348226;
 INPUT ---       rlabel(158)=pent gS3 a14.323258869908 t15.323258869908;
 INPUT ---       rlabel(159)=pent gS3 a15.0131406044678 t16.0131406044678;
 INPUT ---       rlabel(160)=pent gS3 a15.5059132720105 t16.5059132720105;
 INPUT ---       rlabel(161)=pent gS3 a16.0315374507227 t17.0315374507227;
 INPUT ---       rlabel(162)=pent gS3 a16.5243101182654 t17.5243101182654;
 INPUT ---       rlabel(163)=pent gS3 a25.3613666228647 t26.3613666228647;
 INPUT ---       rlabel(164)=pent gS3 a26.3469119579501 t27.3469119579501;
 INPUT ---       rlabel(165)=pent gS3 a27.365308804205 t28.365308804205;
 INPUT ---       rlabel(166)=pent gS3 a28.3837056504599 t29.3837056504599;
 INPUT ---       rlabel(167)=pent gS3 a29.3692509855453 t30.3692509855453;
   Model is { Phi_season_altitude }

 Link Function Used is PARM-SPECIFIC

 Variance Estimation Procedure Used is 2ndPart 

 M(t+1):
      12      5     14      4     74     23

 Group 1 = valleyR.altitude1

 U(t)+UL(t):
       2    0    0    0    1    0    1    0    1    1    1    3    0    0    0
       0    2    0    0    0    0    0    0

 U(t):
       2    0    0    0    1    0    1    0    1    1    1    3    0    0    0
       0    2    0    0    0    0    0    0

 UL(t):
       0    0    0    0    0    0    0    0    0    0    0    0    0    0    0
       0    0    0    0    0    0    0    0

 Not Released(t):
       0    0    0    0    0    0    0    0    0    0    0    0    0    0    0
       0    0    0    0    0    0    0    0

 Group 2 = valleyS.altitude1

 U(t)+UL(t):
       0    0    0    1    1    0    2    0    0    0    0    0    0    0    1
       0    0    0    0    0    0    0    0

 U(t):
       0    0    0    1    1    0    2    0    0    0    0    0    0    0    1
       0    0    0    0    0    0    0    0

 UL(t):
       0    0    0    0    0    0    0    0    0    0    0    0    0    0    0
       0    0    0    0    0    0    0    0

 Not Released(t):
       0    0    0    0    0    0    0    0    0    0    0    0    0    0    0
       0    0    0    0    0    0    0    0

 Group 3 = valleyR.altitude2

 U(t)+UL(t):
       2    0    0    0    1    0    1    0    0    0    1    1    0    1    0
       0    0    2    3    0    0    0    2

 U(t):
       2    0    0    0    1    0    1    0    0    0    1    1    0    1    0
       0    0    2    3    0    0    0    2

 UL(t):
       0    0    0    0    0    0    0    0    0    0    0    0    0    0    0
       0    0    0    0    0    0    0    0

 Not Released(t):
       0    0    0    0    0    0    0    0    0    0    0    0    0    0    0
       0    0    0    0    0    0    0    0

 Group 4 = valleyS.altitude2

 U(t)+UL(t):
       0    0    0    1    0    1    0    0    0    0    0    2    0    0    0
       0    0    0    0    0    0    0    0

 U(t):
       0    0    0    1    0    1    0    0    0    0    0    2    0    0    0
       0    0    0    0    0    0    0    0

 UL(t):
       0    0    0    0    0    0    0    0    0    0    0    0    0    0    0
       0    0    0    0    0    0    0    0

 Not Released(t):
       0    0    0    0    0    0    0    0    0    0    0    0    0    0    0
       0    0    0    0    0    0    0    0

 Group 5 = valleyR.altitude3

 U(t)+UL(t):
       3    6    2    2    1    0    4    1    3    0    0    9    2    0    5
       6    2    2   10    1    9    6    0

 U(t):
       3    6    2    2    1    0    4    1    3    0    0    9    2    0    5
       6    2    2   10    1    9    6    0

 UL(t):
       0    0    0    0    0    0    0    0    0    0    0    0    0    0    0
       0    0    0    0    0    0    0    0

 Not Released(t):
       0    0    0    0    0    0    0    0    0    0    0    0    0    0    0
       0    0    0    0    0    0    0    0

 Group 6 = valleyS.altitude3

 U(t)+UL(t):
       0    1    1    0    0    1    1    2    3    4    0    1    3    0    1
       1    1    0    0    2    1    0    0

 U(t):
       0    1    1    0    0    1    1    2    3    4    0    1    3    0    1
       1    1    0    0    2    1    0    0

 UL(t):
       0    0    0    0    0    0    0    0    0    0    0    0    0    0    0
       0    0    0    0    0    0    0    0

 Not Released(t):
       0    0    0    0    0    0    0    0    0    0    0    0    0    0    0
       0    0    0    0    0    0    0    0


 -2logL(saturated) = 760.43885     
 Effective Sample Size = 224

 Number of function evaluations was 77 for 36 parameters.
 For numerical optimization, CPU Time was 0.484 secs and System Time was 0.282 secs.
 -2logL { Phi_season_altitude } = 869.31674     
 Penalty { Phi_season_altitude } = 0.0000000     

Program  MARK  - Survival Rate Estimation with Capture-Recapture Data
 gfortran(dble/PIM2) Vers. 11.1 Nov 2024  15-Feb-2026 11:48:05    Page  019
 - - - - - - - - - - - - - - - - - - - - - - - - - - - - - - - - - - - - - -
 
 Gradient { Phi_season_altitude }:
 -1.56380E-05  7.57252E-06   0.0000     -2.64711E-05   0.0000    
 -7.16493E-06 -1.27871E-05  8.47582E-06  1.07616E-05 -1.69117E-05
 -5.81908E-06 -5.18078E-06  6.74477E-06  4.67620E-06   0.0000    
  4.35412E-06  3.03145E-06   0.0000     -1.11370E-05   0.0000    
 -5.96833E-06   0.0000     -2.13579E-05 -3.60271E-06 -1.36814E-05
 -1.71895E-05  1.46335E-05  4.51154E-06 -7.19922E-06  1.26616E-05
 -1.08244E-05   0.0000       0.0000       0.0000       0.0000    
 -1.64082E-05
 Maximum ABS(G) { Phi_season_altitude } =  2.64711E-05
 To compute VC matrix, CPU Time was 0.359 secs and System Time was 0.281 secs.
 S Vector { Phi_season_altitude }:
   218.5797      51.62247      31.85834      15.17839      13.98006    
   13.00717      11.19971      10.65345      10.25230      9.973871    
   8.851802      8.526279      8.055240      7.173574      7.021758    
   6.992292      6.922744      6.605537      5.901730      5.565203    
   5.390222      5.229907      4.366852      4.304002      4.145704    
   3.798218      3.052038      2.556106      2.242996      1.936042    
   1.476177      1.292072     0.6359704     0.1576299     0.5636292E-01
  0.2405568E-01
 To invert VC matrix, CPU Time was 0.001 secs and System Time was 0.001 secs.
 Ratio Threshold = 50.00 Max Gap (1/2) = 4.234 Next Max Gap (1/2) = 4.234
 Gap Method for Num. of Estimated Parameters { Phi_season_altitude } = 36          
 Threshold { Phi_season_altitude } = 0.5294226E-04           
 Numerical Threshold Method for Num. of Estimated Parameters { Phi_season_altitude } = 36          
 Number of Estimated Parameters { Phi_season_altitude } = 36          
 DEVIANCE { Phi_season_altitude } = 108.87789               
 DEVIANCE Degrees of Freedom { Phi_season_altitude } = 48          
 c-hat { Phi_season_altitude } = 2.2682893               
 AIC { Phi_season_altitude } = 941.31674               
 AICc { Phi_season_altitude } = 955.56273               
 BIC { Phi_season_altitude } = 1064.1360               
 Pearson Chisquare { Phi_season_altitude } = 0.3783375E+08           
 Possible Encounter Histories { Phi_season_altitude } = 50331642          
 Pearson Chisquare df { Phi_season_altitude } = 50331600          
 Pearson chat { Phi_season_altitude } = 0.7516898               
 Sum(Observed/Expected) { Phi_season_altitude } = 0.3783380E+08           
 s-bar { Phi_season_altitude } = -0.2483098              
 Fletcher chat { Phi_season_altitude } = 0.9999994               

Program  MARK  - Survival Rate Estimation with Capture-Recapture Data
 gfortran(dble/PIM2) Vers. 11.1 Nov 2024  15-Feb-2026 11:48:06    Page  020
 - - - - - - - - - - - - - - - - - - - - - - - - - - - - - - - - - - - - - -
 
            PARM-SPECIFIC Link Function Parameters of { Phi_season_altitude }
                                                              95% Confidence Interval
    Parameter                  Beta         Standard Error     Lower           Upper
 -------------------------  --------------  --------------  --------------  --------------
    1:Phi:(Intercept)        1.9272503       0.4694153       1.0071962       2.8473044    
    2:Phi:Seasonhibernatio  -1.0150211       2.1897426      -5.3069167       3.2768745    
    3:Phi:altitude2          2.1242860       2.1129557      -2.0171071       6.2656792    
    4:Phi:altitude3          0.7292939       0.5711691      -0.3901976       1.8487854    
    5:Phi:Seasonhibernatio  -4.1367579       3.2038673      -10.416338       2.1428221    
    6:Phi:Seasonhibernatio  -1.1296498       2.2496462      -5.5389563       3.2796568    
    7:p:(Intercept)          0.1932945       1.3485526      -2.4498686       2.8364577    
    8:p:time1.492772667542  -0.8002734       1.1613064      -3.0764340       1.4758872    
    9:p:time2.018396846254  -1.8357879       1.3136196      -4.4104824       0.7389066    
   10:p:time2.511169513797  -1.7067888       1.3296689      -4.3129400       0.8993624    
   11:p:time3.003942181340  -1.6221988       1.3410416      -4.2506404       1.0062428    
   12:p:time3.496714848883  -1.9452709       1.3640133      -4.6187371       0.7281952    
   13:p:time4.022339027595  -1.2623131       1.3526648      -3.9135362       1.3889100    
   14:p:time4.515111695137  -2.2630762       1.3861360      -4.9799029       0.4537505    
   15:p:time5.040735873850  -2.0317620       1.3810458      -4.7386118       0.6750877    
   16:p:time5.533508541392  -2.5044455       1.3983208      -5.2451543       0.2362633    
   17:p:time6.354796320630  -4.0335020       1.5296879      -7.0316903      -1.0353136    
   18:p:time13.31931668856  -1.1902846       1.3949794      -3.9244443       1.5438752    
   19:p:time14.33771353482  -1.7402015       1.4242108      -4.5316548       1.0512518    
   20:p:time15.32325886990  -1.9942018       1.4280302      -4.7931412       0.8047375    
   21:p:time16.01314060446  -1.5566280       1.4142964      -4.3286491       1.2153931    
   22:p:time16.50591327201  -1.7967715       1.4149405      -4.5700549       0.9765118    
   23:p:time17.03153745072  -1.1432959       1.4103312      -3.9075451       1.6209534    
   24:p:time17.52431011826  -3.2353636       1.4688205      -6.1142519      -0.3564754    
   25:p:time26.36136662286  -1.2305931       1.4534070      -4.0792710       1.6180848    
   26:p:time27.34691195795  -1.6630371       1.4722524      -4.5486518       1.2225777    
   27:p:time28.36530880420  -1.0854599       1.4538697      -3.9350445       1.7641247    
   28:p:time29.38370565045  -2.3821718       1.4620931      -5.2478742       0.4835307    
   29:p:time30.36925098554  -3.2390123       1.5142217      -6.2068868      -0.2711378    
   30:pent:(Intercept)      -0.2051227       0.6717049      -1.5216644       1.1114189    
   31:N:(Intercept)          2.5241493       0.4722533       1.5985328       3.4497659    
   32:N:groupS1             -0.9351550       0.8025475      -2.5081481       0.6378381    
   33:N:groupR2             -0.1834332       0.6511308      -1.4596496       1.0927831    
   34:N:groupS2             -1.5711049       1.0415072      -3.6124591       0.4702493    
   35:N:groupR3              1.5820786       0.4942960       0.6132584       2.5508988    
   36:N:groupS3              0.3949237       0.5617593      -0.7061245       1.4959719    

Program  MARK  - Survival Rate Estimation with Capture-Recapture Data
 gfortran(dble/PIM2) Vers. 11.1 Nov 2024  15-Feb-2026 11:48:06    Page  021
 - - - - - - - - - - - - - - - - - - - - - - - - - - - - - - - - - - - - - -
 
                   Real Function Parameters of { Phi_season_altitude }
                                                               95% Confidence Interval
     Parameter                Estimate       Standard Error     Lower           Upper
 --------------------------  --------------  --------------  --------------  --------------
     1:Phi gR1 a0 t1          0.8729448       0.0520639       0.7324711       0.9451792       
     2:Phi gR1 a12.31931668   0.7134561       0.3853437       0.0582943       0.9901135       
     3:Phi gR2 a0 t1          0.9829018       0.0354696       0.4787262       0.9997222       
     4:Phi gR2 a12.31931668   0.2496944       0.1493884       0.0651847       0.6136400       
     5:Phi gR3 a0 t1          0.9344132       0.0254480       0.8632650       0.9698341       
     6:Phi gR3 a12.31931668   0.6252455       0.1673363       0.2915493       0.8712008       
     7:p gR1 a0 t1            0.5481737       0.3340086       0.0794482       0.9446144       
     8:p gR1 a0.49277266754   0.3527487       0.1338700       0.1472678       0.6323322       
     9:p gR1 a1.01839684625   0.1621261       0.0730049       0.0632185       0.3568336       
    10:p gR1 a1.51116951379   0.1804215       0.0680131       0.0820358       0.3516063       
    11:p gR1 a2.00394218134   0.1932695       0.0641709       0.0966000       0.3492762       
    12:p gR1 a2.49671484888   0.1477981       0.0522914       0.0713790       0.2812527       
    13:p gR1 a3.02233902759   0.2555898       0.0640549       0.1507309       0.3991143       
    14:p gR1 a3.51511169513   0.1120688       0.0397453       0.0545455       0.2163724       
    15:p gR1 a4.04073587385   0.1372326       0.0416625       0.0739081       0.2407112       
    16:p gR1 a4.53350854139   0.0902036       0.0321397       0.0439927       0.1760182       
    17:p gR1 a5.35479632063   0.0210371       0.0149229       0.0051662       0.0816620       
    18:p gR1 a12.3193166885   0.2695336       0.0712954       0.1535873       0.4286792       
    19:p gR1 a13.3377135348   0.1755334       0.0607985       0.0854644       0.3266232       
    20:p gR1 a14.3232588699   0.1417407       0.0516631       0.0670264       0.2751748       
    21:p gR1 a15.0131406044   0.2036991       0.0588376       0.1116207       0.3424546       
    22:p gR1 a15.5059132720   0.1674962       0.0502062       0.0903655       0.2895083       
    23:p gR1 a16.0315374507   0.2788846       0.0641872       0.1714238       0.4195959       
    24:p gR1 a16.5243101182   0.0455611       0.0231318       0.0165500       0.1192601       
    25:p gR1 a25.3613666228   0.2616716       0.0922408       0.1220588       0.4746416       
    26:p gR1 a26.3469119579   0.1869818       0.0771666       0.0783733       0.3834742       
    27:p gR1 a27.3653088042   0.2906632       0.0902221       0.1480665       0.4913800       
    28:p gR1 a28.3837056504   0.1007538       0.0439048       0.0415401       0.2245951       
    29:p gR1 a29.3692509855   0.0454027       0.0270791       0.0137849       0.1392977       
    30:N gR1 a0 t1            24.480274       5.8938512       17.179508       42.071822       
    31:N gS1 a0 t1            9.8988199       3.5531240       6.3698565       22.518942       
    32:N gR2 a0 t1            24.388673       5.0818345       18.190754       39.753013       
    33:N gS2 a0 t1            6.5935937       2.4684015       4.5374375       16.516298       
    34:N gR3 a0 t1            134.71726       13.883785       113.00722       168.51033       
    35:N gS3 a0 t1            41.524109       6.5260748       32.475006       59.215555       
    36:pent gR1 a0.49277266   0.0430521       0.0015284       0.0401539       0.0461494       
    37:pent gR1 a1.01839684   0.0430521       0.0015284       0.0401539       0.0461494       
    38:pent gR1 a1.51116951   0.0430521       0.0015284       0.0401539       0.0461494       
    39:pent gR1 a2.00394218   0.0430521       0.0015284       0.0401539       0.0461494       
    40:pent gR1 a2.49671484   0.0430521       0.0015284       0.0401539       0.0461494       
    41:pent gR1 a3.02233902   0.0430521       0.0015284       0.0401539       0.0461494       

Program  MARK  - Survival Rate Estimation with Capture-Recapture Data
 gfortran(dble/PIM2) Vers. 11.1 Nov 2024  15-Feb-2026 11:48:06    Page  022
 - - - - - - - - - - - - - - - - - - - - - - - - - - - - - - - - - - - - - -
 
    42:pent gR1 a3.51511169   0.0430521       0.0015284       0.0401539       0.0461494       
    43:pent gR1 a4.04073587   0.0430521       0.0015284       0.0401539       0.0461494       
    44:pent gR1 a4.53350854   0.0430521       0.0015284       0.0401539       0.0461494       
    45:pent gR1 a5.35479632   0.0430521       0.0015284       0.0401539       0.0461494       
    46:pent gR1 a12.3193166   0.0430521       0.0015284       0.0401539       0.0461494       
    47:pent gR1 a13.3377135   0.0430521       0.0015284       0.0401539       0.0461494       
    48:pent gR1 a14.3232588   0.0430521       0.0015284       0.0401539       0.0461494       
    49:pent gR1 a15.0131406   0.0430521       0.0015284       0.0401539       0.0461494       
    50:pent gR1 a15.5059132   0.0430521       0.0015284       0.0401539       0.0461494       
    51:pent gR1 a16.0315374   0.0430521       0.0015284       0.0401539       0.0461494       
    52:pent gR1 a16.5243101   0.0430521       0.0015284       0.0401539       0.0461494       
    53:pent gR1 a25.3613666   0.0430521       0.0015284       0.0401539       0.0461494       
    54:pent gR1 a26.3469119   0.0430521       0.0015284       0.0401539       0.0461494       
    55:pent gR1 a27.3653088   0.0430521       0.0015284       0.0401539       0.0461494       
    56:pent gR1 a28.3837056   0.0430521       0.0015284       0.0401539       0.0461494       
    57:pent gR1 a29.3692509   0.0430521       0.0015284       0.0401539       0.0461494       
    58:pent gS1 a0.49277266   0.0430521       0.0015284       0.0401539       0.0461494       
    59:pent gS1 a1.01839684   0.0430521       0.0015284       0.0401539       0.0461494       
    60:pent gS1 a1.51116951   0.0430521       0.0015284       0.0401539       0.0461494       
    61:pent gS1 a2.00394218   0.0430521       0.0015284       0.0401539       0.0461494       
    62:pent gS1 a2.49671484   0.0430521       0.0015284       0.0401539       0.0461494       
    63:pent gS1 a3.02233902   0.0430521       0.0015284       0.0401539       0.0461494       
    64:pent gS1 a3.51511169   0.0430521       0.0015284       0.0401539       0.0461494       
    65:pent gS1 a4.04073587   0.0430521       0.0015284       0.0401539       0.0461494       
    66:pent gS1 a4.53350854   0.0430521       0.0015284       0.0401539       0.0461494       
    67:pent gS1 a5.35479632   0.0430521       0.0015284       0.0401539       0.0461494       
    68:pent gS1 a12.3193166   0.0430521       0.0015284       0.0401539       0.0461494       
    69:pent gS1 a13.3377135   0.0430521       0.0015284       0.0401539       0.0461494       
    70:pent gS1 a14.3232588   0.0430521       0.0015284       0.0401539       0.0461494       
    71:pent gS1 a15.0131406   0.0430521       0.0015284       0.0401539       0.0461494       
    72:pent gS1 a15.5059132   0.0430521       0.0015284       0.0401539       0.0461494       
    73:pent gS1 a16.0315374   0.0430521       0.0015284       0.0401539       0.0461494       
    74:pent gS1 a16.5243101   0.0430521       0.0015284       0.0401539       0.0461494       
    75:pent gS1 a25.3613666   0.0430521       0.0015284       0.0401539       0.0461494       
    76:pent gS1 a26.3469119   0.0430521       0.0015284       0.0401539       0.0461494       
    77:pent gS1 a27.3653088   0.0430521       0.0015284       0.0401539       0.0461494       
    78:pent gS1 a28.3837056   0.0430521       0.0015284       0.0401539       0.0461494       
    79:pent gS1 a29.3692509   0.0430521       0.0015284       0.0401539       0.0461494       
    80:pent gR2 a0.49277266   0.0430521       0.0015284       0.0401539       0.0461494       
    81:pent gR2 a1.01839684   0.0430521       0.0015284       0.0401539       0.0461494       
    82:pent gR2 a1.51116951   0.0430521       0.0015284       0.0401539       0.0461494       
    83:pent gR2 a2.00394218   0.0430521       0.0015284       0.0401539       0.0461494       
    84:pent gR2 a2.49671484   0.0430521       0.0015284       0.0401539       0.0461494       
    85:pent gR2 a3.02233902   0.0430521       0.0015284       0.0401539       0.0461494       
    86:pent gR2 a3.51511169   0.0430521       0.0015284       0.0401539       0.0461494       
    87:pent gR2 a4.04073587   0.0430521       0.0015284       0.0401539       0.0461494       

Program  MARK  - Survival Rate Estimation with Capture-Recapture Data
 gfortran(dble/PIM2) Vers. 11.1 Nov 2024  15-Feb-2026 11:48:06    Page  023
 - - - - - - - - - - - - - - - - - - - - - - - - - - - - - - - - - - - - - -
 
    88:pent gR2 a4.53350854   0.0430521       0.0015284       0.0401539       0.0461494       
    89:pent gR2 a5.35479632   0.0430521       0.0015284       0.0401539       0.0461494       
    90:pent gR2 a12.3193166   0.0430521       0.0015284       0.0401539       0.0461494       
    91:pent gR2 a13.3377135   0.0430521       0.0015284       0.0401539       0.0461494       
    92:pent gR2 a14.3232588   0.0430521       0.0015284       0.0401539       0.0461494       
    93:pent gR2 a15.0131406   0.0430521       0.0015284       0.0401539       0.0461494       
    94:pent gR2 a15.5059132   0.0430521       0.0015284       0.0401539       0.0461494       
    95:pent gR2 a16.0315374   0.0430521       0.0015284       0.0401539       0.0461494       
    96:pent gR2 a16.5243101   0.0430521       0.0015284       0.0401539       0.0461494       
    97:pent gR2 a25.3613666   0.0430521       0.0015284       0.0401539       0.0461494       
    98:pent gR2 a26.3469119   0.0430521       0.0015284       0.0401539       0.0461494       
    99:pent gR2 a27.3653088   0.0430521       0.0015284       0.0401539       0.0461494       
   100:pent gR2 a28.3837056   0.0430521       0.0015284       0.0401539       0.0461494       
   101:pent gR2 a29.3692509   0.0430521       0.0015284       0.0401539       0.0461494       
   102:pent gS2 a0.49277266   0.0430521       0.0015284       0.0401539       0.0461494       
   103:pent gS2 a1.01839684   0.0430521       0.0015284       0.0401539       0.0461494       
   104:pent gS2 a1.51116951   0.0430521       0.0015284       0.0401539       0.0461494       
   105:pent gS2 a2.00394218   0.0430521       0.0015284       0.0401539       0.0461494       
   106:pent gS2 a2.49671484   0.0430521       0.0015284       0.0401539       0.0461494       
   107:pent gS2 a3.02233902   0.0430521       0.0015284       0.0401539       0.0461494       
   108:pent gS2 a3.51511169   0.0430521       0.0015284       0.0401539       0.0461494       
   109:pent gS2 a4.04073587   0.0430521       0.0015284       0.0401539       0.0461494       
   110:pent gS2 a4.53350854   0.0430521       0.0015284       0.0401539       0.0461494       
   111:pent gS2 a5.35479632   0.0430521       0.0015284       0.0401539       0.0461494       
   112:pent gS2 a12.3193166   0.0430521       0.0015284       0.0401539       0.0461494       
   113:pent gS2 a13.3377135   0.0430521       0.0015284       0.0401539       0.0461494       
   114:pent gS2 a14.3232588   0.0430521       0.0015284       0.0401539       0.0461494       
   115:pent gS2 a15.0131406   0.0430521       0.0015284       0.0401539       0.0461494       
   116:pent gS2 a15.5059132   0.0430521       0.0015284       0.0401539       0.0461494       
   117:pent gS2 a16.0315374   0.0430521       0.0015284       0.0401539       0.0461494       
   118:pent gS2 a16.5243101   0.0430521       0.0015284       0.0401539       0.0461494       
   119:pent gS2 a25.3613666   0.0430521       0.0015284       0.0401539       0.0461494       
   120:pent gS2 a26.3469119   0.0430521       0.0015284       0.0401539       0.0461494       
   121:pent gS2 a27.3653088   0.0430521       0.0015284       0.0401539       0.0461494       
   122:pent gS2 a28.3837056   0.0430521       0.0015284       0.0401539       0.0461494       
   123:pent gS2 a29.3692509   0.0430521       0.0015284       0.0401539       0.0461494       
   124:pent gR3 a0.49277266   0.0430521       0.0015284       0.0401539       0.0461494       
   125:pent gR3 a1.01839684   0.0430521       0.0015284       0.0401539       0.0461494       
   126:pent gR3 a1.51116951   0.0430521       0.0015284       0.0401539       0.0461494       
   127:pent gR3 a2.00394218   0.0430521       0.0015284       0.0401539       0.0461494       
   128:pent gR3 a2.49671484   0.0430521       0.0015284       0.0401539       0.0461494       
   129:pent gR3 a3.02233902   0.0430521       0.0015284       0.0401539       0.0461494       
   130:pent gR3 a3.51511169   0.0430521       0.0015284       0.0401539       0.0461494       
   131:pent gR3 a4.04073587   0.0430521       0.0015284       0.0401539       0.0461494       
   132:pent gR3 a4.53350854   0.0430521       0.0015284       0.0401539       0.0461494       
   133:pent gR3 a5.35479632   0.0430521       0.0015284       0.0401539       0.0461494       

Program  MARK  - Survival Rate Estimation with Capture-Recapture Data
 gfortran(dble/PIM2) Vers. 11.1 Nov 2024  15-Feb-2026 11:48:06    Page  024
 - - - - - - - - - - - - - - - - - - - - - - - - - - - - - - - - - - - - - -
 
   134:pent gR3 a12.3193166   0.0430521       0.0015284       0.0401539       0.0461494       
   135:pent gR3 a13.3377135   0.0430521       0.0015284       0.0401539       0.0461494       
   136:pent gR3 a14.3232588   0.0430521       0.0015284       0.0401539       0.0461494       
   137:pent gR3 a15.0131406   0.0430521       0.0015284       0.0401539       0.0461494       
   138:pent gR3 a15.5059132   0.0430521       0.0015284       0.0401539       0.0461494       
   139:pent gR3 a16.0315374   0.0430521       0.0015284       0.0401539       0.0461494       
   140:pent gR3 a16.5243101   0.0430521       0.0015284       0.0401539       0.0461494       
   141:pent gR3 a25.3613666   0.0430521       0.0015284       0.0401539       0.0461494       
   142:pent gR3 a26.3469119   0.0430521       0.0015284       0.0401539       0.0461494       
   143:pent gR3 a27.3653088   0.0430521       0.0015284       0.0401539       0.0461494       
   144:pent gR3 a28.3837056   0.0430521       0.0015284       0.0401539       0.0461494       
   145:pent gR3 a29.3692509   0.0430521       0.0015284       0.0401539       0.0461494       
   146:pent gS3 a0.49277266   0.0430521       0.0015284       0.0401539       0.0461494       
   147:pent gS3 a1.01839684   0.0430521       0.0015284       0.0401539       0.0461494       
   148:pent gS3 a1.51116951   0.0430521       0.0015284       0.0401539       0.0461494       
   149:pent gS3 a2.00394218   0.0430521       0.0015284       0.0401539       0.0461494       
   150:pent gS3 a2.49671484   0.0430521       0.0015284       0.0401539       0.0461494       
   151:pent gS3 a3.02233902   0.0430521       0.0015284       0.0401539       0.0461494       
   152:pent gS3 a3.51511169   0.0430521       0.0015284       0.0401539       0.0461494       
   153:pent gS3 a4.04073587   0.0430521       0.0015284       0.0401539       0.0461494       
   154:pent gS3 a4.53350854   0.0430521       0.0015284       0.0401539       0.0461494       
   155:pent gS3 a5.35479632   0.0430521       0.0015284       0.0401539       0.0461494       
   156:pent gS3 a12.3193166   0.0430521       0.0015284       0.0401539       0.0461494       
   157:pent gS3 a13.3377135   0.0430521       0.0015284       0.0401539       0.0461494       
   158:pent gS3 a14.3232588   0.0430521       0.0015284       0.0401539       0.0461494       
   159:pent gS3 a15.0131406   0.0430521       0.0015284       0.0401539       0.0461494       
   160:pent gS3 a15.5059132   0.0430521       0.0015284       0.0401539       0.0461494       
   161:pent gS3 a16.0315374   0.0430521       0.0015284       0.0401539       0.0461494       
   162:pent gS3 a16.5243101   0.0430521       0.0015284       0.0401539       0.0461494       
   163:pent gS3 a25.3613666   0.0430521       0.0015284       0.0401539       0.0461494       
   164:pent gS3 a26.3469119   0.0430521       0.0015284       0.0401539       0.0461494       
   165:pent gS3 a27.3653088   0.0430521       0.0015284       0.0401539       0.0461494       
   166:pent gS3 a28.3837056   0.0430521       0.0015284       0.0401539       0.0461494       
   167:pent gS3 a29.3692509   0.0430521       0.0015284       0.0401539       0.0461494       


                     Estimates of Derived Parameters

       Gross Birth+Immigration Estimates of { Phi_season_altitude }
                                                95% Confidence Interval
 Grp. Occ.     B*-hat        Standard Error      Lower           Upper
 ---- ----   --------------  --------------  --------------  --------------

Program  MARK  - Survival Rate Estimation with Capture-Recapture Data
 gfortran(dble/PIM2) Vers. 11.1 Nov 2024  15-Feb-2026 11:48:06    Page  025
 - - - - - - - - - - - - - - - - - - - - - - - - - - - - - - - - - - - - - -
 
   1     1    1.0896059       0.2737179       0.6709647       1.7694539    
   1     2    1.0920125       0.2746436       0.6720764       1.7743390    
   1     3    1.0896059       0.2737179       0.6709647       1.7694539    
   1     4    1.0896059       0.2737179       0.6709647       1.7694539    
   1     5    1.0896059       0.2737179       0.6709647       1.7694539    
   1     6    1.0920125       0.2746436       0.6720764       1.7743390    
   1     7    1.0896059       0.2737179       0.6709647       1.7694539    
   1     8    1.0920125       0.2746436       0.6720764       1.7743390    
   1     9    1.0896059       0.2737179       0.6709647       1.7694539    
   1    10    1.1138292       0.2832182       0.6819571       1.8191989    
   1    11    1.6301324       0.5496493       0.8568397       3.1013171    
   1    12    1.2454846       0.4482523       0.6284395       2.4683869    
   1    13    1.1260720       0.2881693       0.6873520       1.8448163    
   1    14    1.1040979       0.2793535       0.6775931       1.7990624    
   1    15    1.0896059       0.2737179       0.6709647       1.7694539    
   1    16    1.0920125       0.2746436       0.6720764       1.7743390    
   1    17    1.0896059       0.2737179       0.6709647       1.7694539    
   1    18    1.8104063       0.6588216       0.9069654       3.6137774    
   1    19    1.2389830       0.4388706       0.6315580       2.4306221    
   1    20    1.1285310       0.2891755       0.6884231       1.8499993    
   1    21    1.1285310       0.2891755       0.6884231       1.8499993    
   1    22    1.1260720       0.2881693       0.6873520       1.8448163    
   2     1    0.4405920       0.1613418       0.2198264       0.8830664    
   2     2    0.4415651       0.1617895       0.2202306       0.8853436    
   2     3    0.4405920       0.1613418       0.2198264       0.8830664    
   2     4    0.4405920       0.1613418       0.2198264       0.8830664    
   2     5    0.4405920       0.1613418       0.2198264       0.8830664    
   2     6    0.4415651       0.1617895       0.2202306       0.8853436    
   2     7    0.4405920       0.1613418       0.2198264       0.8830664    
   2     8    0.4415651       0.1617895       0.2202306       0.8853436    
   2     9    0.4405920       0.1613418       0.2198264       0.8830664    
   2    10    0.4503869       0.1659016       0.2238494       0.9061822    
   2    11    0.6591587       0.2837511       0.2937792       1.4789686    
   2    12    0.5036229       0.2255158       0.2178799       1.1641094    
   2    13    0.4553374       0.1682503       0.2258453       0.9180272    
   2    14    0.4464520       0.1640557       0.2222453       0.8968441    
   2    15    0.4405920       0.1613418       0.2198264       0.8830664    
   2    16    0.4415651       0.1617895       0.2202306       0.8853436    
   2    17    0.4405920       0.1613418       0.2198264       0.8830664    
   2    18    0.7320541       0.3307953       0.3145023       1.7039723    
   2    19    0.5009939       0.2220557       0.2184403       1.1490322    
   2    20    0.4563317       0.1687256       0.2262432       0.9204193    
   2    21    0.4563317       0.1687256       0.2262432       0.9204193    
   2    22    0.4553374       0.1682503       0.2258453       0.9180272    
   3     1    1.0544513       0.2307708       0.6900950       1.6111802    
   3     2    1.0547496       0.2310107       0.6900741       1.6121409    

Program  MARK  - Survival Rate Estimation with Capture-Recapture Data
 gfortran(dble/PIM2) Vers. 11.1 Nov 2024  15-Feb-2026 11:48:06    Page  026
 - - - - - - - - - - - - - - - - - - - - - - - - - - - - - - - - - - - - - -
 
   3     3    1.0544513       0.2307708       0.6900950       1.6111802    
   3     4    1.0544513       0.2307708       0.6900950       1.6111802    
   3     5    1.0544513       0.2307708       0.6900950       1.6111802    
   3     6    1.0547496       0.2310107       0.6900741       1.6121409    
   3     7    1.0544513       0.2307708       0.6900950       1.6111802    
   3     8    1.0547496       0.2310107       0.6900741       1.6121409    
   3     9    1.0544513       0.2307708       0.6900950       1.6111802    
   3    10    1.0574369       0.2332421       0.6898017       1.6210060    
   3    11    1.1143024       0.3049565       0.6580211       1.8869756    
   3    12    1.9609764       0.6463378       1.0449919       3.6798644    
   3    13    1.0589318       0.2345379       0.6895862       1.6261008    
   3    14    1.0562420       0.2322342       0.6899413       1.6170173    
   3    15    1.0544513       0.2307708       0.6900950       1.6111802    
   3    16    1.0547496       0.2310107       0.6900741       1.6121409    
   3    17    1.0544513       0.2307708       0.6900950       1.6111802    
   3    18    1.1320259       0.3343692       0.6421986       1.9954617    
   3    19    1.9266249       0.6269848       1.0344881       3.5881354    
   3    20    1.0592310       0.2348018       0.6895376       1.6271342    
   3    21    1.0592310       0.2348018       0.6895376       1.6271342    
   3    22    1.0589318       0.2345379       0.6895862       1.6261008    
   4     1    0.2850759       0.1084859       0.1386493       0.5861425    
   4     2    0.2851566       0.1085451       0.1386640       0.5864122    
   4     3    0.2850759       0.1084859       0.1386493       0.5861425    
   4     4    0.2850759       0.1084859       0.1386493       0.5861425    
   4     5    0.2850759       0.1084859       0.1386493       0.5861425    
   4     6    0.2851566       0.1085451       0.1386640       0.5864122    
   4     7    0.2850759       0.1084859       0.1386493       0.5861425    
   4     8    0.2851566       0.1085451       0.1386640       0.5864122    
   4     9    0.2850759       0.1084859       0.1386493       0.5861425    
   4    10    0.2858831       0.1090902       0.1387863       0.5888849    
   4    11    0.3012569       0.1251308       0.1378303       0.6584598    
   4    12    0.5301593       0.2405801       0.2270222       1.2380680    
   4    13    0.2862872       0.1094024       0.1388467       0.5902939    
   4    14    0.2855600       0.1088452       0.1387341       0.5877759    
   4    15    0.2850759       0.1084859       0.1386493       0.5861425    
   4    16    0.2851566       0.1085451       0.1386640       0.5864122    
   4    17    0.2850759       0.1084859       0.1386493       0.5861425    
   4    18    0.3060486       0.1316621       0.1364669       0.6863623    
   4    19    0.5208722       0.2347878       0.2242009       1.2101101    
   4    20    0.2863681       0.1094656       0.1388582       0.5905787    
   4    21    0.2863681       0.1094656       0.1388582       0.5905787    
   4    22    0.2862872       0.1094024       0.1388467       0.5902939    
   5     1    5.8973385       0.6927427       4.6882255       7.4182868    
   5     2    5.9038755       0.6940107       4.6926510       7.4277303    
   5     3    5.8973385       0.6927427       4.6882255       7.4182868    
   5     4    5.8973385       0.6927427       4.6882255       7.4182868    

Program  MARK  - Survival Rate Estimation with Capture-Recapture Data
 gfortran(dble/PIM2) Vers. 11.1 Nov 2024  15-Feb-2026 11:48:06    Page  027
 - - - - - - - - - - - - - - - - - - - - - - - - - - - - - - - - - - - - - -
 
   5     5    5.8973385       0.6927427       4.6882255       7.4182868    
   5     6    5.9038755       0.6940107       4.6926510       7.4277303    
   5     7    5.8973385       0.6927427       4.6882255       7.4182868    
   5     8    5.9038755       0.6940107       4.6926510       7.4277303    
   5     9    5.8973385       0.6927427       4.6882255       7.4182868    
   5    10    5.9629245       0.7059051       4.7319549       7.5141182    
   5    11    7.2774106       1.1253800       5.3842029       9.8363129    
   5    12    7.2968795       1.2263757       5.2610142       10.120568    
   5    13    5.9958974       0.7128861       4.7533864       7.5631944    
   5    14    5.9366325       0.7005118       4.7146028       7.4754135    
   5    15    5.8973385       0.6927427       4.6882255       7.4182868    
   5    16    5.9038755       0.6940107       4.6926510       7.4277303    
   5    17    5.8973385       0.6927427       4.6882255       7.4182868    
   5    18    7.7109561       1.3058163       5.5459519       10.721125    
   5    19    7.2451754       1.1984189       5.2504773       9.9976752    
   5    20    6.0025064       0.7143141       4.7576386       7.5731022    
   5    21    6.0025064       0.7143141       4.7576386       7.5731022    
   5    22    5.9958974       0.7128861       4.7533864       7.5631944    
   6     1    1.8177458       0.3035887       1.3132421       2.5160630    
   6     2    1.8197607       0.3040342       1.3145465       2.5191418    
   6     3    1.8177458       0.3035887       1.3132421       2.5160630    
   6     4    1.8177458       0.3035887       1.3132421       2.5160630    
   6     5    1.8177458       0.3035887       1.3132421       2.5160630    
   6     6    1.8197607       0.3040342       1.3145465       2.5191418    
   6     7    1.8177458       0.3035887       1.3132421       2.5160630    
   6     8    1.8197607       0.3040342       1.3145465       2.5191418    
   6     9    1.8177458       0.3035887       1.3132421       2.5160630    
   6    10    1.8379614       0.3081567       1.3261950       2.5472138    
   6    11    2.2431275       0.4374345       1.5360444       3.2757004    
   6    12    2.2491285       0.4627598       1.5089955       3.3522823    
   6    13    1.8481247       0.3105343       1.3325958       2.5630917    
   6    14    1.8298574       0.3062995       1.3210381       2.5346567    
   6    15    1.8177458       0.3035887       1.3132421       2.5160630    
   6    16    1.8197607       0.3040342       1.3145465       2.5191418    
   6    17    1.8177458       0.3035887       1.3132421       2.5160630    
   6    18    2.3767599       0.4917020       1.5912119       3.5501167    
   6    19    2.2331916       0.4546438       1.5044839       3.3148542    
   6    20    1.8501618       0.3110173       1.3338699       2.5662914    
   6    21    1.8501618       0.3110173       1.3338699       2.5662914    
   6    22    1.8481247       0.3105343       1.3325958       2.5630917    

        Net Birth+Immigration Estimates of { Phi_season_altitude }
                                                95% Confidence Interval
 Grp. Occ.     B-hat         Standard Error      Lower           Upper
 ---- ----   --------------  --------------  --------------  --------------
   1     1    1.0539270       0.2604829       0.6539417       1.6985645    
   1     2    1.0539270       0.2604829       0.6539417       1.6985645    
   1     3    1.0539270       0.2604829       0.6539417       1.6985645    
   1     4    1.0539270       0.2604829       0.6539417       1.6985645    
   1     5    1.0539270       0.2604829       0.6539417       1.6985645    
   1     6    1.0539270       0.2604829       0.6539417       1.6985645    
   1     7    1.0539270       0.2604829       0.6539417       1.6985645    
   1     8    1.0539270       0.2604829       0.6539417       1.6985645    
   1     9    1.0539270       0.2604829       0.6539417       1.6985645    
   1    10    1.0539270       0.2604829       0.6539417       1.6985645    
   1    11    1.0539270       0.2604829       0.6539417       1.6985645    
   1    12    1.0539270       0.2604829       0.6539417       1.6985645    
   1    13    1.0539270       0.2604829       0.6539417       1.6985645    
   1    14    1.0539270       0.2604829       0.6539417       1.6985645    
   1    15    1.0539270       0.2604829       0.6539417       1.6985645    
   1    16    1.0539270       0.2604829       0.6539417       1.6985645    
   1    17    1.0539270       0.2604829       0.6539417       1.6985645    
   1    18    1.0539270       0.2604829       0.6539417       1.6985645    
   1    19    1.0539270       0.2604829       0.6539417       1.6985645    
   1    20    1.0539270       0.2604829       0.6539417       1.6985645    
   1    21    1.0539270       0.2604829       0.6539417       1.6985645    
   1    22    1.0539270       0.2604829       0.6539417       1.6985645    
   2     1    0.4261649       0.1548456       0.2137115       0.8498209    
   2     2    0.4261649       0.1548456       0.2137115       0.8498209    
   2     3    0.4261649       0.1548456       0.2137115       0.8498209    
   2     4    0.4261649       0.1548456       0.2137115       0.8498209    
   2     5    0.4261649       0.1548456       0.2137115       0.8498209    
   2     6    0.4261649       0.1548456       0.2137115       0.8498209    
   2     7    0.4261649       0.1548456       0.2137115       0.8498209    
   2     8    0.4261649       0.1548456       0.2137115       0.8498209    
   2     9    0.4261649       0.1548456       0.2137115       0.8498209    
   2    10    0.4261649       0.1548456       0.2137115       0.8498209    
   2    11    0.4261649       0.1548456       0.2137115       0.8498209    
   2    12    0.4261649       0.1548456       0.2137115       0.8498209    
   2    13    0.4261649       0.1548456       0.2137115       0.8498209    
   2    14    0.4261649       0.1548456       0.2137115       0.8498209    
   2    15    0.4261649       0.1548456       0.2137115       0.8498209    
   2    16    0.4261649       0.1548456       0.2137115       0.8498209    
   2    17    0.4261649       0.1548456       0.2137115       0.8498209    
   2    18    0.4261649       0.1548456       0.2137115       0.8498209    
   2    19    0.4261649       0.1548456       0.2137115       0.8498209    
   2    20    0.4261649       0.1548456       0.2137115       0.8498209    
   2    21    0.4261649       0.1548456       0.2137115       0.8498209    
   2    22    0.4261649       0.1548456       0.2137115       0.8498209    
   3     1    1.0499834       0.2273705       0.6901791       1.5973609    
   3     2    1.0499834       0.2273705       0.6901791       1.5973609    
   3     3    1.0499834       0.2273705       0.6901791       1.5973609    
   3     4    1.0499834       0.2273705       0.6901791       1.5973609    
   3     5    1.0499834       0.2273705       0.6901791       1.5973609    
   3     6    1.0499834       0.2273705       0.6901791       1.5973609    
   3     7    1.0499834       0.2273705       0.6901791       1.5973609    
   3     8    1.0499834       0.2273705       0.6901791       1.5973609    
   3     9    1.0499834       0.2273705       0.6901791       1.5973609    
   3    10    1.0499834       0.2273705       0.6901791       1.5973609    
   3    11    1.0499834       0.2273705       0.6901791       1.5973609    
   3    12    1.0499834       0.2273705       0.6901791       1.5973609    
   3    13    1.0499834       0.2273705       0.6901791       1.5973609    
   3    14    1.0499834       0.2273705       0.6901791       1.5973609    
   3    15    1.0499834       0.2273705       0.6901791       1.5973609    
   3    16    1.0499834       0.2273705       0.6901791       1.5973609    
   3    17    1.0499834       0.2273705       0.6901791       1.5973609    
   3    18    1.0499834       0.2273705       0.6901791       1.5973609    
   3    19    1.0499834       0.2273705       0.6901791       1.5973609    
   3    20    1.0499834       0.2273705       0.6901791       1.5973609    
   3    21    1.0499834       0.2273705       0.6901791       1.5973609    
   3    22    1.0499834       0.2273705       0.6901791       1.5973609    
   4     1    0.2838680       0.1076304       0.1384035       0.5822183    
   4     2    0.2838680       0.1076304       0.1384035       0.5822183    
   4     3    0.2838680       0.1076304       0.1384035       0.5822183    
   4     4    0.2838680       0.1076304       0.1384035       0.5822183    
   4     5    0.2838680       0.1076304       0.1384035       0.5822183    
   4     6    0.2838680       0.1076304       0.1384035       0.5822183    
   4     7    0.2838680       0.1076304       0.1384035       0.5822183    
   4     8    0.2838680       0.1076304       0.1384035       0.5822183    
   4     9    0.2838680       0.1076304       0.1384035       0.5822183    
   4    10    0.2838680       0.1076304       0.1384035       0.5822183    
   4    11    0.2838680       0.1076304       0.1384035       0.5822183    
   4    12    0.2838680       0.1076304       0.1384035       0.5822183    
   4    13    0.2838680       0.1076304       0.1384035       0.5822183    
   4    14    0.2838680       0.1076304       0.1384035       0.5822183    
   4    15    0.2838680       0.1076304       0.1384035       0.5822183    
   4    16    0.2838680       0.1076304       0.1384035       0.5822183    
   4    17    0.2838680       0.1076304       0.1384035       0.5822183    
   4    18    0.2838680       0.1076304       0.1384035       0.5822183    
   4    19    0.2838680       0.1076304       0.1384035       0.5822183    
   4    20    0.2838680       0.1076304       0.1384035       0.5822183    
   4    21    0.2838680       0.1076304       0.1384035       0.5822183    
   4    22    0.2838680       0.1076304       0.1384035       0.5822183    
   5     1    5.7998596       0.6750186       4.6204187       7.2803730    
   5     2    5.7998596       0.6750186       4.6204187       7.2803730    
   5     3    5.7998596       0.6750186       4.6204187       7.2803730    
   5     4    5.7998596       0.6750186       4.6204187       7.2803730    
   5     5    5.7998596       0.6750186       4.6204187       7.2803730    
   5     6    5.7998596       0.6750186       4.6204187       7.2803730    
   5     7    5.7998596       0.6750186       4.6204187       7.2803730    
   5     8    5.7998596       0.6750186       4.6204187       7.2803730    
   5     9    5.7998596       0.6750186       4.6204187       7.2803730    
   5    10    5.7998596       0.6750186       4.6204187       7.2803730    
   5    11    5.7998596       0.6750186       4.6204187       7.2803730    
   5    12    5.7998596       0.6750186       4.6204187       7.2803730    
   5    13    5.7998596       0.6750186       4.6204187       7.2803730    
   5    14    5.7998596       0.6750186       4.6204187       7.2803730    
   5    15    5.7998596       0.6750186       4.6204187       7.2803730    
   5    16    5.7998596       0.6750186       4.6204187       7.2803730    
   5    17    5.7998596       0.6750186       4.6204187       7.2803730    
   5    18    5.7998596       0.6750186       4.6204187       7.2803730    
   5    19    5.7998596       0.6750186       4.6204187       7.2803730    
   5    20    5.7998596       0.6750186       4.6204187       7.2803730    
   5    21    5.7998596       0.6750186       4.6204187       7.2803730    
   5    22    5.7998596       0.6750186       4.6204187       7.2803730    
   6     1    1.7876997       0.2972045       1.2934315       2.4708462    
   6     2    1.7876997       0.2972045       1.2934315       2.4708462    
   6     3    1.7876997       0.2972045       1.2934315       2.4708462    
   6     4    1.7876997       0.2972045       1.2934315       2.4708462    
   6     5    1.7876997       0.2972045       1.2934315       2.4708462    
   6     6    1.7876997       0.2972045       1.2934315       2.4708462    
   6     7    1.7876997       0.2972045       1.2934315       2.4708462    
   6     8    1.7876997       0.2972045       1.2934315       2.4708462    
   6     9    1.7876997       0.2972045       1.2934315       2.4708462    
   6    10    1.7876997       0.2972045       1.2934315       2.4708462    
   6    11    1.7876997       0.2972045       1.2934315       2.4708462    
   6    12    1.7876997       0.2972045       1.2934315       2.4708462    
   6    13    1.7876997       0.2972045       1.2934315       2.4708462    
   6    14    1.7876997       0.2972045       1.2934315       2.4708462    
   6    15    1.7876997       0.2972045       1.2934315       2.4708462    
   6    16    1.7876997       0.2972045       1.2934315       2.4708462    
   6    17    1.7876997       0.2972045       1.2934315       2.4708462    
   6    18    1.7876997       0.2972045       1.2934315       2.4708462    
   6    19    1.7876997       0.2972045       1.2934315       2.4708462    
   6    20    1.7876997       0.2972045       1.2934315       2.4708462    
   6    21    1.7876997       0.2972045       1.2934315       2.4708462    
   6    22    1.7876997       0.2972045       1.2934315       2.4708462    

             Population Estimates of { Phi_season_altitude }
                                                95% Confidence Interval
 Grp. Occ.     N-hat         Standard Error      Lower           Upper
 ---- ----   --------------  --------------  --------------  --------------
   1     1    1.2938806       0.8478529       0.4009771       4.1751187    
   1     2    2.2640070       0.8603537       1.1021699       4.6505787    
   1     3    3.1618706       0.9299561       1.7978856       5.5606571    
   1     4    4.0110131       1.0420620       2.4305737       6.6191065    
   1     5    4.8051594       1.1753582       2.9958117       7.7072790    
   1     6    5.5478713       1.3196597       3.5029083       8.7866634    

Program  MARK  - Survival Rate Estimation with Capture-Recapture Data
 gfortran(dble/PIM2) Vers. 11.1 Nov 2024  15-Feb-2026 11:48:06    Page  028
 - - - - - - - - - - - - - - - - - - - - - - - - - - - - - - - - - - - - - -
 
   1     7    6.2193703       1.4649853       3.9440384       9.8073503    
   1     8    6.8704882       1.6180084       4.3573642       10.833065    
   1     9    7.4508160       1.7676567       4.7099502       11.786676    
   1    10    8.0221770       1.9222637       5.0485283       12.747343    
   1    11    8.2289846       2.0406595       5.0979921       13.282913    
   1    12    4.2480184       1.8315993       1.8910347       9.5427443    
   1    13    4.0659346       1.4915967       2.0262505       8.1588255    
   1    14    4.6102416       1.4503087       2.5248539       8.4180425    
   1    15    5.2516282       1.4990680       3.0342956       9.0892920    
   1    16    5.9654238       1.6001973       3.5584510       10.000498    
   1    17    6.6081398       1.7128162       4.0088719       10.892718    
   1    18    7.2340784       1.8404786       4.4279742       11.818472    
   1    19    3.2310347       1.4549250       1.3918438       7.5005436    
   1    20    3.3704062       1.3072834       1.6181457       7.0201575    
   1    21    3.9887597       1.2818635       2.1576278       7.3739336    
   1    22    4.5272004       1.3082010       2.5987994       7.8865431    
   1    23    5.0136928       1.3763943       2.9560198       8.5037033    
   2     1    0.5231923       0.3696570       0.1503126       1.8210723    
   2     2    0.9154717       0.4241739       0.3857056       2.1728707    
   2     3    1.2785309       0.5064604       0.6049660       2.7020382    
   2     4    1.6218894       0.6024215       0.8016975       3.2811942    
   2     5    1.9430096       0.7013974       0.9784948       3.8582588    
   2     6    2.2433318       0.7996291       1.1389528       4.4185656    
   2     7    2.5148585       0.8924568       1.2804159       4.9394210    
   2     8    2.7781439       0.9857086       1.4146307       5.4559000    
   2     9    3.0128047       1.0723199       1.5310624       5.9285580    
   2    10    3.2438397       1.1595719       1.6439036       6.4009202    
   2    11    3.3274642       1.2078736       1.6696739       6.6312457    
   2    12    1.7177246       0.8676245       0.6748134       4.3724351    
   2    13    1.6440974       0.7428909       0.7063543       3.8267713    
   2    14    1.8641928       0.7656482       0.8598388       4.0417052    
   2    15    2.1235433       0.8260510       1.0174991       4.4318822    
   2    16    2.4121729       0.9086341       1.1812493       4.9257833    
   2    17    2.6720610       0.9896650       1.3232826       5.3956048    
   2    18    2.9251649       1.0738269       1.4571069       5.8723143    
   2    19    1.3064980       0.6810279       0.4997831       3.4153556    
   2    20    1.3628542       0.6391544       0.5687380       3.2657772    
   2    21    1.6128910       0.6708225       0.7372190       3.5286898    
   2    22    1.8306144       0.7167770       0.8732020       3.8377707    
   2    23    2.0273319       0.7726017       0.9850660       4.1723853    
   3     1    1.2890391       0.8238624       0.4093481       4.0591899    
   3     2    2.3281141       0.8495948       1.1642006       4.6556544    
   3     3    3.3570887       0.9267351       1.9737060       5.7100928    
   3     4    4.3786631       1.0432383       2.7626612       6.9399353    
   3     5    5.3915926       1.1863506       3.5206849       8.2567088    
   3     6    6.3959502       1.3476700       4.2510098       9.6231676    

Program  MARK  - Survival Rate Estimation with Capture-Recapture Data
 gfortran(dble/PIM2) Vers. 11.1 Nov 2024  15-Feb-2026 11:48:06    Page  029
 - - - - - - - - - - - - - - - - - - - - - - - - - - - - - - - - - - - - - -
 
   3     7    7.3882167       1.5216486       4.9550014       11.016293    
   3     8    8.3756782       1.7064934       5.6409225       12.436261    
   3     9    9.3500796       1.9002376       6.3032997       13.869559    
   3    10    10.320939       2.1019128       6.9522058       15.322012    
   3    11    11.225767       2.3272919       7.5092675       16.781644    
   3    12    11.005246       3.7049587       5.7901566       20.917471    
   3    13    3.7286755       1.5020143       1.7436829       7.9733654    
   3    14    4.7158190       1.5557927       2.5116199       8.8544243    
   3    15    5.7100272       1.6450506       3.2830360       9.9311766    
   3    16    6.7116902       1.7608519       4.0477706       11.128789    
   3    17    7.7011074       1.8951444       4.7879640       12.386696    
   3    18    8.6859211       2.0458507       5.5083734       13.696462    
   3    19    8.5080714       3.1958845       4.1742597       17.341345    
   3    20    3.2174390       1.4692125       1.3710799       7.5501899    
   3    21    4.2114068       1.5185765       2.1223663       8.3566852    
   3    22    5.1880696       1.6002495       2.8733723       9.3674133    
   3    23    6.1506177       1.7136614       3.5989388       10.511459    
   4     1    0.3484978       0.2471074       0.0997574       1.2174611    
   4     2    0.6294167       0.3009129       0.2586663       1.5315692    
   4     3    0.9076049       0.3763845       0.4157236       1.9814768    
   4     4    1.1837924       0.4626131       0.5654259       2.4784227    
   4     5    1.4576427       0.5540136       0.7095363       2.9945221    
   4     6    1.7291755       0.6481108       0.8496116       3.5193116    
   4     7    1.9974395       0.7433942       0.9860293       4.0462939    
   4     8    2.2644044       0.8399918       1.1202424       4.5771585    
   4     9    2.5278384       0.9369448       1.2512456       5.1068847    
   4    10    2.7903149       1.0348101       1.3806585       5.6392345    
   4    11    3.0349395       1.1313037       1.4966263       6.1544141    
   4    12    2.9753204       1.3569111       1.2691663       6.9750762    
   4    13    1.0080651       0.5108040       0.3949644       2.5728785    
   4    14    1.2749441       0.5754085       0.5482530       2.9648400    
   4    15    1.5437330       0.6514778       0.6981693       3.4133717    
   4    16    1.8145373       0.7350795       0.8451754       3.8956952    
   4    17    2.0820310       0.8222155       0.9872700       4.3907473    
   4    18    2.3482800       0.9123725       1.1261127       4.8968625    
   4    19    2.3001975       1.1151070       0.9347184       5.6604304    
   4    20    0.8698499       0.4785698       0.3174842       2.3832331    
   4    21    1.1385738       0.5397085       0.4711194       2.7516386    
   4    22    1.4026193       0.6115110       0.6192283       3.1770846    
   4    23    1.6628487       0.6910550       0.7604877       3.6359113    
   5     1    7.1203469       4.4212460       2.3249372       21.806757    
   5     2    12.686122       4.0798667       6.8593694       23.462461    
   5     3    18.041608       3.8472429       11.933655       27.275769    
   5     4    23.248341       3.7527620       16.977378       31.835622    
   5     5    28.283901       3.7914065       21.774231       36.739717    
   5     6    33.153915       3.9571449       26.260038       41.857597    

Program  MARK  - Survival Rate Estimation with Capture-Recapture Data
 gfortran(dble/PIM2) Vers. 11.1 Nov 2024  15-Feb-2026 11:48:06    Page  030
 - - - - - - - - - - - - - - - - - - - - - - - - - - - - - - - - - - - - - -
 
   5     7    37.792448       4.2335335       30.363251       47.039401    
   5     8    42.349864       4.6075926       34.238393       52.383037    
   5     9    46.666279       5.0604335       37.754426       57.681756    
   5    10    50.931964       5.5726331       41.127556       63.073647    
   5    11    53.971832       6.2151611       43.099015       67.587592    
   5    12    39.449867       9.1377996       25.202753       61.750873    
   5    13    30.253533       6.2321597       20.288313       45.113473    
   5    14    34.096893       6.2960703       23.815034       48.817824    
   5    15    38.337809       6.5234341       27.530828       53.386974    
   5    16    42.877296       6.8451284       31.418776       58.514771    
   5    17    47.175236       7.2251662       35.002582       63.581106    
   5    18    51.424188       7.6570218       38.469458       68.741471    
   5    19    34.036863       9.6023010       19.787510       58.547438    
   5    20    27.226207       7.0407437       16.535356       44.829173    
   5    21    31.208657       7.0522146       20.151875       48.331991    
   5    22    34.925270       7.1879097       23.429658       52.061131    
   5    23    38.466508       7.4417382       26.419006       56.007869    
   6     1    2.1947156       1.3869864       0.7046015       6.8361706    
   6     2    3.9102630       1.3396483       2.0353233       7.5123969    
   6     3    5.5609927       1.3560572       3.4719364       8.9070295    
   6     4    7.1658723       1.4344405       4.8589911       10.567981    
   6     5    8.7179907       1.5594376       6.1567502       12.344721    
   6     6    10.219082       1.7185799       7.3664221       14.176441    
   6     7    11.648825       1.8995304       8.4798266       16.002110    
   6     8    13.053564       2.1000887       9.5423904       17.856693    
   6     9    14.384019       2.3107618       10.519721       19.667824    
   6    10    15.698838       2.5324365       11.466622       21.493123    
   6    11    16.635821       2.7492491       12.059185       22.949359    
   6    12    12.159694       3.1631142       7.3639216       20.078724    
   6    13    9.3250933       2.2161152       5.8902383       14.762962    
   6    14    10.509738       2.3059766       6.8709151       16.075675    
   6    15    11.816922       2.4504710       7.9039184       17.667142    
   6    16    13.216135       2.6279293       8.9843044       19.441263    
   6    17    14.540896       2.8162294       9.9826487       21.180516    
   6    18    15.850557       3.0168673       10.951406       22.941361    
   6    19    10.491235       3.2096939       5.8372442       18.855817    
   6    20    8.3919758       2.3871450       4.8576373       14.497842    
   6    21    9.6194926       2.4545106       5.8799181       15.737402    
   6    22    10.765070       2.5566445       6.8018053       17.037643    
   6    23    11.856591       2.6900270       7.6428214       18.393569    

          Gross Population Estimates of { Phi_season_altitude }
                                                95% Confidence Interval
 Grp. Occ.     N*-hat        Standard Error      Lower           Upper
 ---- ----   --------------  --------------  --------------  --------------
   1     0    27.030917       6.8383034       16.590140       44.042453    
   2     0    10.930195       4.0165387       5.4410252       21.957107    
   3     0    26.427582       5.7644307       17.319752       40.324888    
   4     0    7.1448222       2.7160116       3.4775010       14.679646    
   5     0    143.34134       15.267288       116.40292       176.51396    
   6     0    44.182324       7.0453930       32.386433       60.274552    

Program  MARK  - Survival Rate Estimation with Capture-Recapture Data
 gfortran(dble/PIM2) Vers. 11.1 Nov 2024  15-Feb-2026 11:48:06    Page  031
 - - - - - - - - - - - - - - - - - - - - - - - - - - - - - - - - - - - - - -
 

 To compute parameter estimates, CPU Time was 0.016 secs and System Time was 0.016 secs.

 For procedure estimate CPU Time was 0.906 secs and System Time was 0.766 secs.
 INPUT --- proc stop;

 For this job, CPU Time in mins was 0.015 and System Time in mins was 0.013.

     Time Start = 11:48:05.248   Time End = 11:48:06.038

 Wall Clock Time in mins for this job was 0.013.

 Maximum of 36 words used.


          E X E C U T I O N   S U C C E S S F U L
