
 Program  MARK  - Survival Rate Estimation with Capture-Recapture Data
 gfortran(dble/PIM2) Vers. 11.1 Nov 2024  15-Feb-2026 11:48:00    Page  001
  
 - - - - - - - - - - - - - - - - - - - - - - - - - - - - - - - - - - - - - -
 
 Welcome to MARK valen on machine LAPTOP-R12S8TST in subdirectory 
 "C:\Users\valen\git\OpenPop-Abundance-Analysis-Muscardinus" running file "POPAN_full_pent_seasonal.inp".
 This version was compiled by GCC version 14.2.0 using the options: 
  -cpp -iprefix C:/tdm-gcc-64/mingw64-14-2/bin/../lib/gcc/
  x86_64-w64-mingw32/14.2.0/ -D_MT -D_REENTRANT -U_REENTRANT -D
  dbleprecision -m64 -march=x86-64 -mtune=generic -mthreads -O3 -std=f2023
  -fimplicit-none -ftree-vectorize
  -ffpe-summary=invalid,zero,overflow,underflow -funroll-loops
  -fno-unsafe-math-optimizations -frounding-math -fsignaling-nans
  -fall-intrinsics -fopenmp

 This problem will use 7 of 8 possible threads.
 Static thread allocation is used.
 INPUT --- proc title ;

 For procedure title CPU Time was 0.001 secs and System Time was 0.001 secs.
 INPUT --- proc chmatrix occasions= 23 groups= 6 etype= POPAN Nodes= 
 INPUT --- 101 ICMeans NoHist hist= 84  ;
 INPUT ---    time interval 0.492772667542707 0.525624178712221 
 INPUT ---    0.492772667542707 0.492772667542707  0.492772667542707 
 INPUT ---    0.525624178712221 0.492772667542707 0.525624178712221 
 INPUT ---    0.492772667542707  0.821287779237845 6.96452036793692 
 INPUT ---    1.01839684625493 0.985545335085414 0.68988173455979  
 INPUT ---    0.492772667542707 0.525624178712221 0.492772667542707 
 INPUT ---    8.83705650459921 0.985545335085414  1.01839684625493 
 INPUT ---    1.01839684625493 0.985545335085414 ;
 INPUT ---    glabel(1)=valleyR.altitude1;
 INPUT ---    glabel(2)=valleyS.altitude1;
 INPUT ---    glabel(3)=valleyR.altitude2;
 INPUT ---    glabel(4)=valleyS.altitude2;
 INPUT ---    glabel(5)=valleyR.altitude3;
 INPUT ---    glabel(6)=valleyS.altitude3;

   * *  WARNING  * *   At least a pair of the encounter histories are duplicates. 

      Number of unique encounter histories read was 62.

      Number of individual covariates read was 0.
      Time interval lengths vary and/or not equal to 1.

      Data type number is 19
      Data type is POPAN

 For procedure chmatrix CPU Time was 0.001 secs and System Time was 0.001 secs.

Program  MARK  - Survival Rate Estimation with Capture-Recapture Data
 gfortran(dble/PIM2) Vers. 11.1 Nov 2024  15-Feb-2026 11:48:01    Page  002
 - - - - - - - - - - - - - - - - - - - - - - - - - - - - - - - - - - - - - -
 


 INPUT --- proc estimate link=Parm-Specific NOLOOP varest=2ndPart    ;
 INPUT --- model={ full_pent_seasonal };
 INPUT ---    group=1 Phi    rows=1 cols=22 Square ;
 INPUT ---        1 1 1 1 1 1 1 1 1 1 1 2 1 1 1 1 1 1 2 1 1 1 ;
 INPUT ---    group=2 Phi    rows=1 cols=22 Square ;
 INPUT ---        3 3 3 3 3 3 3 3 3 3 3 4 3 3 3 3 3 3 4 3 3 3 ;
 INPUT ---    group=3 Phi    rows=1 cols=22 Square ;
 INPUT ---        5 5 5 5 5 5 5 5 5 5 5 6 5 5 5 5 5 5 6 5 5 5 ;
 INPUT ---    group=4 Phi    rows=1 cols=22 Square ;
 INPUT ---        7 7 7 7 7 7 7 7 7 7 7 8 7 7 7 7 7 7 8 7 7 7 ;
 INPUT ---    group=5 Phi    rows=1 cols=22 Square ;
 INPUT ---        9 9 9 9 9 9 9 9 9 9 9 10 9 9 9 9 9 9 10 9 9 9 ;
 INPUT ---    group=6 Phi    rows=1 cols=22 Square ;
 INPUT ---        11 11 11 11 11 11 11 11 11 11 11 12 11 11 11 11 11 11 12 
 INPUT ---       11 11 11 ;
 INPUT ---    group=1 p    rows=1 cols=23 Square ;
 INPUT ---        13 14 15 16 17 18 19 20 21 22 23 24 25 26 27 28 29 30 31 
 INPUT ---       32 33 34 35 ;
 INPUT ---    group=2 p    rows=1 cols=23 Square ;
 INPUT ---        13 14 15 16 17 18 19 20 21 22 23 24 25 26 27 28 29 30 31 
 INPUT ---       32 33 34 35 ;
 INPUT ---    group=3 p    rows=1 cols=23 Square ;
 INPUT ---        13 14 15 16 17 18 19 20 21 22 23 24 25 26 27 28 29 30 31 
 INPUT ---       32 33 34 35 ;
 INPUT ---    group=4 p    rows=1 cols=23 Square ;
 INPUT ---        13 14 15 16 17 18 19 20 21 22 23 24 25 26 27 28 29 30 31 
 INPUT ---       32 33 34 35 ;
 INPUT ---    group=5 p    rows=1 cols=23 Square ;
 INPUT ---        13 14 15 16 17 18 19 20 21 22 23 24 25 26 27 28 29 30 31 
 INPUT ---       32 33 34 35 ;
 INPUT ---    group=6 p    rows=1 cols=23 Square ;
 INPUT ---        13 14 15 16 17 18 19 20 21 22 23 24 25 26 27 28 29 30 31 
 INPUT ---       32 33 34 35 ;
 INPUT ---    group=1 pent    rows=1 cols=22 Square ;
 INPUT ---        42 43 44 45 46 47 48 49 50 51 52 53 54 55 56 57 58 59 60 
 INPUT ---       61 62 63 ;
 INPUT ---    group=2 pent    rows=1 cols=22 Square ;
 INPUT ---        64 65 66 67 68 69 70 71 72 73 74 75 76 77 78 79 80 81 82 
 INPUT ---       83 84 85 ;
 INPUT ---    group=3 pent    rows=1 cols=22 Square ;
 INPUT ---        86 87 88 89 90 91 92 93 94 95 96 97 98 99 100 101 102 103 
 INPUT ---       104 105 106 107 ;
 INPUT ---    group=4 pent    rows=1 cols=22 Square ;
 INPUT ---        108 109 110 111 112 113 114 115 116 117 118 119 120 121 

Program  MARK  - Survival Rate Estimation with Capture-Recapture Data
 gfortran(dble/PIM2) Vers. 11.1 Nov 2024  15-Feb-2026 11:48:01    Page  003
 - - - - - - - - - - - - - - - - - - - - - - - - - - - - - - - - - - - - - -
 
 INPUT ---       122 123 124 125 126 127 128 129 ;
 INPUT ---    group=5 pent    rows=1 cols=22 Square ;
 INPUT ---        130 131 132 133 134 135 136 137 138 139 140 141 142 143 
 INPUT ---       144 145 146 147 148 149 150 151 ;
 INPUT ---    group=6 pent    rows=1 cols=22 Square ;
 INPUT ---        152 153 154 155 156 157 158 159 160 161 162 163 164 165 
 INPUT ---       166 167 168 169 170 171 172 173 ;
 INPUT ---    group=1 N    rows=1 cols=1 Square ;
 INPUT ---        36 ;
 INPUT ---    group=2 N    rows=1 cols=1 Square ;
 INPUT ---        37 ;
 INPUT ---    group=3 N    rows=1 cols=1 Square ;
 INPUT ---        38 ;
 INPUT ---    group=4 N    rows=1 cols=1 Square ;
 INPUT ---        39 ;
 INPUT ---    group=5 N    rows=1 cols=1 Square ;
 INPUT ---        40 ;
 INPUT ---    group=6 N    rows=1 cols=1 Square ;
 INPUT ---        41 ;
 INPUT ---    design matrix constraints=173 covariates=37;
 INPUT ---        1 0 0 0 0 0 0 0 0 0 0 0 0 0 0 0 0 0 0 0 0 0 0 0 0 0 0 0 0 
 INPUT ---       0 0 0 0 0 0 0 0;
 INPUT ---        1 1 0 0 0 0 0 0 0 0 0 0 0 0 0 0 0 0 0 0 0 0 0 0 0 0 0 0 0 
 INPUT ---       0 0 0 0 0 0 0 0;
 INPUT ---        1 0 1 0 0 0 0 0 0 0 0 0 0 0 0 0 0 0 0 0 0 0 0 0 0 0 0 0 0 
 INPUT ---       0 0 0 0 0 0 0 0;
 INPUT ---        1 1 1 0 0 1 0 0 0 0 0 0 0 0 0 0 0 0 0 0 0 0 0 0 0 0 0 0 0 
 INPUT ---       0 0 0 0 0 0 0 0;
 INPUT ---        1 0 0 1 0 0 0 0 0 0 0 0 0 0 0 0 0 0 0 0 0 0 0 0 0 0 0 0 0 
 INPUT ---       0 0 0 0 0 0 0 0;
 INPUT ---        1 1 0 1 0 0 0 0 0 0 0 0 0 0 0 0 0 0 0 0 0 0 0 0 0 0 0 0 0 
 INPUT ---       0 0 0 0 0 0 0 0;
 INPUT ---        1 0 1 1 0 0 0 0 0 0 0 0 0 0 0 0 0 0 0 0 0 0 0 0 0 0 0 0 0 
 INPUT ---       0 0 0 0 0 0 0 0;
 INPUT ---        1 1 1 1 0 1 0 0 0 0 0 0 0 0 0 0 0 0 0 0 0 0 0 0 0 0 0 0 0 
 INPUT ---       0 0 0 0 0 0 0 0;
 INPUT ---        1 0 0 0 1 0 0 0 0 0 0 0 0 0 0 0 0 0 0 0 0 0 0 0 0 0 0 0 0 
 INPUT ---       0 0 0 0 0 0 0 0;
 INPUT ---        1 1 0 0 1 0 0 0 0 0 0 0 0 0 0 0 0 0 0 0 0 0 0 0 0 0 0 0 0 
 INPUT ---       0 0 0 0 0 0 0 0;
 INPUT ---        1 0 1 0 1 0 0 0 0 0 0 0 0 0 0 0 0 0 0 0 0 0 0 0 0 0 0 0 0 
 INPUT ---       0 0 0 0 0 0 0 0;
 INPUT ---        1 1 1 0 1 1 0 0 0 0 0 0 0 0 0 0 0 0 0 0 0 0 0 0 0 0 0 0 0 
 INPUT ---       0 0 0 0 0 0 0 0;
 INPUT ---        0 0 0 0 0 0 1 0 0 0 0 0 0 0 0 0 0 0 0 0 0 0 0 0 0 0 0 0 0 
 INPUT ---       0 0 0 0 0 0 0 0;

Program  MARK  - Survival Rate Estimation with Capture-Recapture Data
 gfortran(dble/PIM2) Vers. 11.1 Nov 2024  15-Feb-2026 11:48:01    Page  004
 - - - - - - - - - - - - - - - - - - - - - - - - - - - - - - - - - - - - - -
 
 INPUT ---        0 0 0 0 0 0 1 1 0 0 0 0 0 0 0 0 0 0 0 0 0 0 0 0 0 0 0 0 0 
 INPUT ---       0 0 0 0 0 0 0 0;
 INPUT ---        0 0 0 0 0 0 1 0 1 0 0 0 0 0 0 0 0 0 0 0 0 0 0 0 0 0 0 0 0 
 INPUT ---       0 0 0 0 0 0 0 0;
 INPUT ---        0 0 0 0 0 0 1 0 0 1 0 0 0 0 0 0 0 0 0 0 0 0 0 0 0 0 0 0 0 
 INPUT ---       0 0 0 0 0 0 0 0;
 INPUT ---        0 0 0 0 0 0 1 0 0 0 1 0 0 0 0 0 0 0 0 0 0 0 0 0 0 0 0 0 0 
 INPUT ---       0 0 0 0 0 0 0 0;
 INPUT ---        0 0 0 0 0 0 1 0 0 0 0 1 0 0 0 0 0 0 0 0 0 0 0 0 0 0 0 0 0 
 INPUT ---       0 0 0 0 0 0 0 0;
 INPUT ---        0 0 0 0 0 0 1 0 0 0 0 0 1 0 0 0 0 0 0 0 0 0 0 0 0 0 0 0 0 
 INPUT ---       0 0 0 0 0 0 0 0;
 INPUT ---        0 0 0 0 0 0 1 0 0 0 0 0 0 1 0 0 0 0 0 0 0 0 0 0 0 0 0 0 0 
 INPUT ---       0 0 0 0 0 0 0 0;
 INPUT ---        0 0 0 0 0 0 1 0 0 0 0 0 0 0 1 0 0 0 0 0 0 0 0 0 0 0 0 0 0 
 INPUT ---       0 0 0 0 0 0 0 0;
 INPUT ---        0 0 0 0 0 0 1 0 0 0 0 0 0 0 0 1 0 0 0 0 0 0 0 0 0 0 0 0 0 
 INPUT ---       0 0 0 0 0 0 0 0;
 INPUT ---        0 0 0 0 0 0 1 0 0 0 0 0 0 0 0 0 1 0 0 0 0 0 0 0 0 0 0 0 0 
 INPUT ---       0 0 0 0 0 0 0 0;
 INPUT ---        0 0 0 0 0 0 1 0 0 0 0 0 0 0 0 0 0 1 0 0 0 0 0 0 0 0 0 0 0 
 INPUT ---       0 0 0 0 0 0 0 0;
 INPUT ---        0 0 0 0 0 0 1 0 0 0 0 0 0 0 0 0 0 0 1 0 0 0 0 0 0 0 0 0 0 
 INPUT ---       0 0 0 0 0 0 0 0;
 INPUT ---        0 0 0 0 0 0 1 0 0 0 0 0 0 0 0 0 0 0 0 1 0 0 0 0 0 0 0 0 0 
 INPUT ---       0 0 0 0 0 0 0 0;
 INPUT ---        0 0 0 0 0 0 1 0 0 0 0 0 0 0 0 0 0 0 0 0 1 0 0 0 0 0 0 0 0 
 INPUT ---       0 0 0 0 0 0 0 0;
 INPUT ---        0 0 0 0 0 0 1 0 0 0 0 0 0 0 0 0 0 0 0 0 0 1 0 0 0 0 0 0 0 
 INPUT ---       0 0 0 0 0 0 0 0;
 INPUT ---        0 0 0 0 0 0 1 0 0 0 0 0 0 0 0 0 0 0 0 0 0 0 1 0 0 0 0 0 0 
 INPUT ---       0 0 0 0 0 0 0 0;
 INPUT ---        0 0 0 0 0 0 1 0 0 0 0 0 0 0 0 0 0 0 0 0 0 0 0 1 0 0 0 0 0 
 INPUT ---       0 0 0 0 0 0 0 0;
 INPUT ---        0 0 0 0 0 0 1 0 0 0 0 0 0 0 0 0 0 0 0 0 0 0 0 0 1 0 0 0 0 
 INPUT ---       0 0 0 0 0 0 0 0;
 INPUT ---        0 0 0 0 0 0 1 0 0 0 0 0 0 0 0 0 0 0 0 0 0 0 0 0 0 1 0 0 0 
 INPUT ---       0 0 0 0 0 0 0 0;
 INPUT ---        0 0 0 0 0 0 1 0 0 0 0 0 0 0 0 0 0 0 0 0 0 0 0 0 0 0 1 0 0 
 INPUT ---       0 0 0 0 0 0 0 0;
 INPUT ---        0 0 0 0 0 0 1 0 0 0 0 0 0 0 0 0 0 0 0 0 0 0 0 0 0 0 0 1 0 
 INPUT ---       0 0 0 0 0 0 0 0;
 INPUT ---        0 0 0 0 0 0 1 0 0 0 0 0 0 0 0 0 0 0 0 0 0 0 0 0 0 0 0 0 1 
 INPUT ---       0 0 0 0 0 0 0 0;
 INPUT ---        0 0 0 0 0 0 0 0 0 0 0 0 0 0 0 0 0 0 0 0 0 0 0 0 0 0 0 0 0 
 INPUT ---       0 0 1 0 0 0 0 0;

Program  MARK  - Survival Rate Estimation with Capture-Recapture Data
 gfortran(dble/PIM2) Vers. 11.1 Nov 2024  15-Feb-2026 11:48:01    Page  005
 - - - - - - - - - - - - - - - - - - - - - - - - - - - - - - - - - - - - - -
 
 INPUT ---        0 0 0 0 0 0 0 0 0 0 0 0 0 0 0 0 0 0 0 0 0 0 0 0 0 0 0 0 0 
 INPUT ---       0 0 1 1 0 0 0 0;
 INPUT ---        0 0 0 0 0 0 0 0 0 0 0 0 0 0 0 0 0 0 0 0 0 0 0 0 0 0 0 0 0 
 INPUT ---       0 0 1 0 1 0 0 0;
 INPUT ---        0 0 0 0 0 0 0 0 0 0 0 0 0 0 0 0 0 0 0 0 0 0 0 0 0 0 0 0 0 
 INPUT ---       0 0 1 0 0 1 0 0;
 INPUT ---        0 0 0 0 0 0 0 0 0 0 0 0 0 0 0 0 0 0 0 0 0 0 0 0 0 0 0 0 0 
 INPUT ---       0 0 1 0 0 0 1 0;
 INPUT ---        0 0 0 0 0 0 0 0 0 0 0 0 0 0 0 0 0 0 0 0 0 0 0 0 0 0 0 0 0 
 INPUT ---       0 0 1 0 0 0 0 1;
 INPUT ---        0 0 0 0 0 0 0 0 0 0 0 0 0 0 0 0 0 0 0 0 0 0 0 0 0 0 0 0 0 
 INPUT ---       1 0 0 0 0 0 0 0;
 INPUT ---        0 0 0 0 0 0 0 0 0 0 0 0 0 0 0 0 0 0 0 0 0 0 0 0 0 0 0 0 0 
 INPUT ---       1 0 0 0 0 0 0 0;
 INPUT ---        0 0 0 0 0 0 0 0 0 0 0 0 0 0 0 0 0 0 0 0 0 0 0 0 0 0 0 0 0 
 INPUT ---       1 0 0 0 0 0 0 0;
 INPUT ---        0 0 0 0 0 0 0 0 0 0 0 0 0 0 0 0 0 0 0 0 0 0 0 0 0 0 0 0 0 
 INPUT ---       1 0 0 0 0 0 0 0;
 INPUT ---        0 0 0 0 0 0 0 0 0 0 0 0 0 0 0 0 0 0 0 0 0 0 0 0 0 0 0 0 0 
 INPUT ---       1 0 0 0 0 0 0 0;
 INPUT ---        0 0 0 0 0 0 0 0 0 0 0 0 0 0 0 0 0 0 0 0 0 0 0 0 0 0 0 0 0 
 INPUT ---       1 0 0 0 0 0 0 0;
 INPUT ---        0 0 0 0 0 0 0 0 0 0 0 0 0 0 0 0 0 0 0 0 0 0 0 0 0 0 0 0 0 
 INPUT ---       1 0 0 0 0 0 0 0;
 INPUT ---        0 0 0 0 0 0 0 0 0 0 0 0 0 0 0 0 0 0 0 0 0 0 0 0 0 0 0 0 0 
 INPUT ---       1 0 0 0 0 0 0 0;
 INPUT ---        0 0 0 0 0 0 0 0 0 0 0 0 0 0 0 0 0 0 0 0 0 0 0 0 0 0 0 0 0 
 INPUT ---       1 0 0 0 0 0 0 0;
 INPUT ---        0 0 0 0 0 0 0 0 0 0 0 0 0 0 0 0 0 0 0 0 0 0 0 0 0 0 0 0 0 
 INPUT ---       1 0 0 0 0 0 0 0;
 INPUT ---        0 0 0 0 0 0 0 0 0 0 0 0 0 0 0 0 0 0 0 0 0 0 0 0 0 0 0 0 0 
 INPUT ---       1 0 0 0 0 0 0 0;
 INPUT ---        0 0 0 0 0 0 0 0 0 0 0 0 0 0 0 0 0 0 0 0 0 0 0 0 0 0 0 0 0 
 INPUT ---       1 1 0 0 0 0 0 0;
 INPUT ---        0 0 0 0 0 0 0 0 0 0 0 0 0 0 0 0 0 0 0 0 0 0 0 0 0 0 0 0 0 
 INPUT ---       1 0 0 0 0 0 0 0;
 INPUT ---        0 0 0 0 0 0 0 0 0 0 0 0 0 0 0 0 0 0 0 0 0 0 0 0 0 0 0 0 0 
 INPUT ---       1 0 0 0 0 0 0 0;
 INPUT ---        0 0 0 0 0 0 0 0 0 0 0 0 0 0 0 0 0 0 0 0 0 0 0 0 0 0 0 0 0 
 INPUT ---       1 0 0 0 0 0 0 0;
 INPUT ---        0 0 0 0 0 0 0 0 0 0 0 0 0 0 0 0 0 0 0 0 0 0 0 0 0 0 0 0 0 
 INPUT ---       1 0 0 0 0 0 0 0;
 INPUT ---        0 0 0 0 0 0 0 0 0 0 0 0 0 0 0 0 0 0 0 0 0 0 0 0 0 0 0 0 0 
 INPUT ---       1 0 0 0 0 0 0 0;
 INPUT ---        0 0 0 0 0 0 0 0 0 0 0 0 0 0 0 0 0 0 0 0 0 0 0 0 0 0 0 0 0 
 INPUT ---       1 0 0 0 0 0 0 0;

Program  MARK  - Survival Rate Estimation with Capture-Recapture Data
 gfortran(dble/PIM2) Vers. 11.1 Nov 2024  15-Feb-2026 11:48:01    Page  006
 - - - - - - - - - - - - - - - - - - - - - - - - - - - - - - - - - - - - - -
 
 INPUT ---        0 0 0 0 0 0 0 0 0 0 0 0 0 0 0 0 0 0 0 0 0 0 0 0 0 0 0 0 0 
 INPUT ---       1 1 0 0 0 0 0 0;
 INPUT ---        0 0 0 0 0 0 0 0 0 0 0 0 0 0 0 0 0 0 0 0 0 0 0 0 0 0 0 0 0 
 INPUT ---       1 0 0 0 0 0 0 0;
 INPUT ---        0 0 0 0 0 0 0 0 0 0 0 0 0 0 0 0 0 0 0 0 0 0 0 0 0 0 0 0 0 
 INPUT ---       1 0 0 0 0 0 0 0;
 INPUT ---        0 0 0 0 0 0 0 0 0 0 0 0 0 0 0 0 0 0 0 0 0 0 0 0 0 0 0 0 0 
 INPUT ---       1 0 0 0 0 0 0 0;
 INPUT ---        0 0 0 0 0 0 0 0 0 0 0 0 0 0 0 0 0 0 0 0 0 0 0 0 0 0 0 0 0 
 INPUT ---       1 0 0 0 0 0 0 0;
 INPUT ---        0 0 0 0 0 0 0 0 0 0 0 0 0 0 0 0 0 0 0 0 0 0 0 0 0 0 0 0 0 
 INPUT ---       1 0 0 0 0 0 0 0;
 INPUT ---        0 0 0 0 0 0 0 0 0 0 0 0 0 0 0 0 0 0 0 0 0 0 0 0 0 0 0 0 0 
 INPUT ---       1 0 0 0 0 0 0 0;
 INPUT ---        0 0 0 0 0 0 0 0 0 0 0 0 0 0 0 0 0 0 0 0 0 0 0 0 0 0 0 0 0 
 INPUT ---       1 0 0 0 0 0 0 0;
 INPUT ---        0 0 0 0 0 0 0 0 0 0 0 0 0 0 0 0 0 0 0 0 0 0 0 0 0 0 0 0 0 
 INPUT ---       1 0 0 0 0 0 0 0;
 INPUT ---        0 0 0 0 0 0 0 0 0 0 0 0 0 0 0 0 0 0 0 0 0 0 0 0 0 0 0 0 0 
 INPUT ---       1 0 0 0 0 0 0 0;
 INPUT ---        0 0 0 0 0 0 0 0 0 0 0 0 0 0 0 0 0 0 0 0 0 0 0 0 0 0 0 0 0 
 INPUT ---       1 0 0 0 0 0 0 0;
 INPUT ---        0 0 0 0 0 0 0 0 0 0 0 0 0 0 0 0 0 0 0 0 0 0 0 0 0 0 0 0 0 
 INPUT ---       1 0 0 0 0 0 0 0;
 INPUT ---        0 0 0 0 0 0 0 0 0 0 0 0 0 0 0 0 0 0 0 0 0 0 0 0 0 0 0 0 0 
 INPUT ---       1 0 0 0 0 0 0 0;
 INPUT ---        0 0 0 0 0 0 0 0 0 0 0 0 0 0 0 0 0 0 0 0 0 0 0 0 0 0 0 0 0 
 INPUT ---       1 0 0 0 0 0 0 0;
 INPUT ---        0 0 0 0 0 0 0 0 0 0 0 0 0 0 0 0 0 0 0 0 0 0 0 0 0 0 0 0 0 
 INPUT ---       1 0 0 0 0 0 0 0;
 INPUT ---        0 0 0 0 0 0 0 0 0 0 0 0 0 0 0 0 0 0 0 0 0 0 0 0 0 0 0 0 0 
 INPUT ---       1 1 0 0 0 0 0 0;
 INPUT ---        0 0 0 0 0 0 0 0 0 0 0 0 0 0 0 0 0 0 0 0 0 0 0 0 0 0 0 0 0 
 INPUT ---       1 0 0 0 0 0 0 0;
 INPUT ---        0 0 0 0 0 0 0 0 0 0 0 0 0 0 0 0 0 0 0 0 0 0 0 0 0 0 0 0 0 
 INPUT ---       1 0 0 0 0 0 0 0;
 INPUT ---        0 0 0 0 0 0 0 0 0 0 0 0 0 0 0 0 0 0 0 0 0 0 0 0 0 0 0 0 0 
 INPUT ---       1 0 0 0 0 0 0 0;
 INPUT ---        0 0 0 0 0 0 0 0 0 0 0 0 0 0 0 0 0 0 0 0 0 0 0 0 0 0 0 0 0 
 INPUT ---       1 0 0 0 0 0 0 0;
 INPUT ---        0 0 0 0 0 0 0 0 0 0 0 0 0 0 0 0 0 0 0 0 0 0 0 0 0 0 0 0 0 
 INPUT ---       1 0 0 0 0 0 0 0;
 INPUT ---        0 0 0 0 0 0 0 0 0 0 0 0 0 0 0 0 0 0 0 0 0 0 0 0 0 0 0 0 0 
 INPUT ---       1 0 0 0 0 0 0 0;
 INPUT ---        0 0 0 0 0 0 0 0 0 0 0 0 0 0 0 0 0 0 0 0 0 0 0 0 0 0 0 0 0 
 INPUT ---       1 1 0 0 0 0 0 0;

Program  MARK  - Survival Rate Estimation with Capture-Recapture Data
 gfortran(dble/PIM2) Vers. 11.1 Nov 2024  15-Feb-2026 11:48:01    Page  007
 - - - - - - - - - - - - - - - - - - - - - - - - - - - - - - - - - - - - - -
 
 INPUT ---        0 0 0 0 0 0 0 0 0 0 0 0 0 0 0 0 0 0 0 0 0 0 0 0 0 0 0 0 0 
 INPUT ---       1 0 0 0 0 0 0 0;
 INPUT ---        0 0 0 0 0 0 0 0 0 0 0 0 0 0 0 0 0 0 0 0 0 0 0 0 0 0 0 0 0 
 INPUT ---       1 0 0 0 0 0 0 0;
 INPUT ---        0 0 0 0 0 0 0 0 0 0 0 0 0 0 0 0 0 0 0 0 0 0 0 0 0 0 0 0 0 
 INPUT ---       1 0 0 0 0 0 0 0;
 INPUT ---        0 0 0 0 0 0 0 0 0 0 0 0 0 0 0 0 0 0 0 0 0 0 0 0 0 0 0 0 0 
 INPUT ---       1 0 0 0 0 0 0 0;
 INPUT ---        0 0 0 0 0 0 0 0 0 0 0 0 0 0 0 0 0 0 0 0 0 0 0 0 0 0 0 0 0 
 INPUT ---       1 0 0 0 0 0 0 0;
 INPUT ---        0 0 0 0 0 0 0 0 0 0 0 0 0 0 0 0 0 0 0 0 0 0 0 0 0 0 0 0 0 
 INPUT ---       1 0 0 0 0 0 0 0;
 INPUT ---        0 0 0 0 0 0 0 0 0 0 0 0 0 0 0 0 0 0 0 0 0 0 0 0 0 0 0 0 0 
 INPUT ---       1 0 0 0 0 0 0 0;
 INPUT ---        0 0 0 0 0 0 0 0 0 0 0 0 0 0 0 0 0 0 0 0 0 0 0 0 0 0 0 0 0 
 INPUT ---       1 0 0 0 0 0 0 0;
 INPUT ---        0 0 0 0 0 0 0 0 0 0 0 0 0 0 0 0 0 0 0 0 0 0 0 0 0 0 0 0 0 
 INPUT ---       1 0 0 0 0 0 0 0;
 INPUT ---        0 0 0 0 0 0 0 0 0 0 0 0 0 0 0 0 0 0 0 0 0 0 0 0 0 0 0 0 0 
 INPUT ---       1 0 0 0 0 0 0 0;
 INPUT ---        0 0 0 0 0 0 0 0 0 0 0 0 0 0 0 0 0 0 0 0 0 0 0 0 0 0 0 0 0 
 INPUT ---       1 0 0 0 0 0 0 0;
 INPUT ---        0 0 0 0 0 0 0 0 0 0 0 0 0 0 0 0 0 0 0 0 0 0 0 0 0 0 0 0 0 
 INPUT ---       1 0 0 0 0 0 0 0;
 INPUT ---        0 0 0 0 0 0 0 0 0 0 0 0 0 0 0 0 0 0 0 0 0 0 0 0 0 0 0 0 0 
 INPUT ---       1 0 0 0 0 0 0 0;
 INPUT ---        0 0 0 0 0 0 0 0 0 0 0 0 0 0 0 0 0 0 0 0 0 0 0 0 0 0 0 0 0 
 INPUT ---       1 0 0 0 0 0 0 0;
 INPUT ---        0 0 0 0 0 0 0 0 0 0 0 0 0 0 0 0 0 0 0 0 0 0 0 0 0 0 0 0 0 
 INPUT ---       1 1 0 0 0 0 0 0;
 INPUT ---        0 0 0 0 0 0 0 0 0 0 0 0 0 0 0 0 0 0 0 0 0 0 0 0 0 0 0 0 0 
 INPUT ---       1 0 0 0 0 0 0 0;
 INPUT ---        0 0 0 0 0 0 0 0 0 0 0 0 0 0 0 0 0 0 0 0 0 0 0 0 0 0 0 0 0 
 INPUT ---       1 0 0 0 0 0 0 0;
 INPUT ---        0 0 0 0 0 0 0 0 0 0 0 0 0 0 0 0 0 0 0 0 0 0 0 0 0 0 0 0 0 
 INPUT ---       1 0 0 0 0 0 0 0;
 INPUT ---        0 0 0 0 0 0 0 0 0 0 0 0 0 0 0 0 0 0 0 0 0 0 0 0 0 0 0 0 0 
 INPUT ---       1 0 0 0 0 0 0 0;
 INPUT ---        0 0 0 0 0 0 0 0 0 0 0 0 0 0 0 0 0 0 0 0 0 0 0 0 0 0 0 0 0 
 INPUT ---       1 0 0 0 0 0 0 0;
 INPUT ---        0 0 0 0 0 0 0 0 0 0 0 0 0 0 0 0 0 0 0 0 0 0 0 0 0 0 0 0 0 
 INPUT ---       1 0 0 0 0 0 0 0;
 INPUT ---        0 0 0 0 0 0 0 0 0 0 0 0 0 0 0 0 0 0 0 0 0 0 0 0 0 0 0 0 0 
 INPUT ---       1 1 0 0 0 0 0 0;
 INPUT ---        0 0 0 0 0 0 0 0 0 0 0 0 0 0 0 0 0 0 0 0 0 0 0 0 0 0 0 0 0 
 INPUT ---       1 0 0 0 0 0 0 0;

Program  MARK  - Survival Rate Estimation with Capture-Recapture Data
 gfortran(dble/PIM2) Vers. 11.1 Nov 2024  15-Feb-2026 11:48:01    Page  008
 - - - - - - - - - - - - - - - - - - - - - - - - - - - - - - - - - - - - - -
 
 INPUT ---        0 0 0 0 0 0 0 0 0 0 0 0 0 0 0 0 0 0 0 0 0 0 0 0 0 0 0 0 0 
 INPUT ---       1 0 0 0 0 0 0 0;
 INPUT ---        0 0 0 0 0 0 0 0 0 0 0 0 0 0 0 0 0 0 0 0 0 0 0 0 0 0 0 0 0 
 INPUT ---       1 0 0 0 0 0 0 0;
 INPUT ---        0 0 0 0 0 0 0 0 0 0 0 0 0 0 0 0 0 0 0 0 0 0 0 0 0 0 0 0 0 
 INPUT ---       1 0 0 0 0 0 0 0;
 INPUT ---        0 0 0 0 0 0 0 0 0 0 0 0 0 0 0 0 0 0 0 0 0 0 0 0 0 0 0 0 0 
 INPUT ---       1 0 0 0 0 0 0 0;
 INPUT ---        0 0 0 0 0 0 0 0 0 0 0 0 0 0 0 0 0 0 0 0 0 0 0 0 0 0 0 0 0 
 INPUT ---       1 0 0 0 0 0 0 0;
 INPUT ---        0 0 0 0 0 0 0 0 0 0 0 0 0 0 0 0 0 0 0 0 0 0 0 0 0 0 0 0 0 
 INPUT ---       1 0 0 0 0 0 0 0;
 INPUT ---        0 0 0 0 0 0 0 0 0 0 0 0 0 0 0 0 0 0 0 0 0 0 0 0 0 0 0 0 0 
 INPUT ---       1 0 0 0 0 0 0 0;
 INPUT ---        0 0 0 0 0 0 0 0 0 0 0 0 0 0 0 0 0 0 0 0 0 0 0 0 0 0 0 0 0 
 INPUT ---       1 0 0 0 0 0 0 0;
 INPUT ---        0 0 0 0 0 0 0 0 0 0 0 0 0 0 0 0 0 0 0 0 0 0 0 0 0 0 0 0 0 
 INPUT ---       1 0 0 0 0 0 0 0;
 INPUT ---        0 0 0 0 0 0 0 0 0 0 0 0 0 0 0 0 0 0 0 0 0 0 0 0 0 0 0 0 0 
 INPUT ---       1 0 0 0 0 0 0 0;
 INPUT ---        0 0 0 0 0 0 0 0 0 0 0 0 0 0 0 0 0 0 0 0 0 0 0 0 0 0 0 0 0 
 INPUT ---       1 0 0 0 0 0 0 0;
 INPUT ---        0 0 0 0 0 0 0 0 0 0 0 0 0 0 0 0 0 0 0 0 0 0 0 0 0 0 0 0 0 
 INPUT ---       1 0 0 0 0 0 0 0;
 INPUT ---        0 0 0 0 0 0 0 0 0 0 0 0 0 0 0 0 0 0 0 0 0 0 0 0 0 0 0 0 0 
 INPUT ---       1 0 0 0 0 0 0 0;
 INPUT ---        0 0 0 0 0 0 0 0 0 0 0 0 0 0 0 0 0 0 0 0 0 0 0 0 0 0 0 0 0 
 INPUT ---       1 1 0 0 0 0 0 0;
 INPUT ---        0 0 0 0 0 0 0 0 0 0 0 0 0 0 0 0 0 0 0 0 0 0 0 0 0 0 0 0 0 
 INPUT ---       1 0 0 0 0 0 0 0;
 INPUT ---        0 0 0 0 0 0 0 0 0 0 0 0 0 0 0 0 0 0 0 0 0 0 0 0 0 0 0 0 0 
 INPUT ---       1 0 0 0 0 0 0 0;
 INPUT ---        0 0 0 0 0 0 0 0 0 0 0 0 0 0 0 0 0 0 0 0 0 0 0 0 0 0 0 0 0 
 INPUT ---       1 0 0 0 0 0 0 0;
 INPUT ---        0 0 0 0 0 0 0 0 0 0 0 0 0 0 0 0 0 0 0 0 0 0 0 0 0 0 0 0 0 
 INPUT ---       1 0 0 0 0 0 0 0;
 INPUT ---        0 0 0 0 0 0 0 0 0 0 0 0 0 0 0 0 0 0 0 0 0 0 0 0 0 0 0 0 0 
 INPUT ---       1 0 0 0 0 0 0 0;
 INPUT ---        0 0 0 0 0 0 0 0 0 0 0 0 0 0 0 0 0 0 0 0 0 0 0 0 0 0 0 0 0 
 INPUT ---       1 0 0 0 0 0 0 0;
 INPUT ---        0 0 0 0 0 0 0 0 0 0 0 0 0 0 0 0 0 0 0 0 0 0 0 0 0 0 0 0 0 
 INPUT ---       1 1 0 0 0 0 0 0;
 INPUT ---        0 0 0 0 0 0 0 0 0 0 0 0 0 0 0 0 0 0 0 0 0 0 0 0 0 0 0 0 0 
 INPUT ---       1 0 0 0 0 0 0 0;
 INPUT ---        0 0 0 0 0 0 0 0 0 0 0 0 0 0 0 0 0 0 0 0 0 0 0 0 0 0 0 0 0 
 INPUT ---       1 0 0 0 0 0 0 0;

Program  MARK  - Survival Rate Estimation with Capture-Recapture Data
 gfortran(dble/PIM2) Vers. 11.1 Nov 2024  15-Feb-2026 11:48:01    Page  009
 - - - - - - - - - - - - - - - - - - - - - - - - - - - - - - - - - - - - - -
 
 INPUT ---        0 0 0 0 0 0 0 0 0 0 0 0 0 0 0 0 0 0 0 0 0 0 0 0 0 0 0 0 0 
 INPUT ---       1 0 0 0 0 0 0 0;
 INPUT ---        0 0 0 0 0 0 0 0 0 0 0 0 0 0 0 0 0 0 0 0 0 0 0 0 0 0 0 0 0 
 INPUT ---       1 0 0 0 0 0 0 0;
 INPUT ---        0 0 0 0 0 0 0 0 0 0 0 0 0 0 0 0 0 0 0 0 0 0 0 0 0 0 0 0 0 
 INPUT ---       1 0 0 0 0 0 0 0;
 INPUT ---        0 0 0 0 0 0 0 0 0 0 0 0 0 0 0 0 0 0 0 0 0 0 0 0 0 0 0 0 0 
 INPUT ---       1 0 0 0 0 0 0 0;
 INPUT ---        0 0 0 0 0 0 0 0 0 0 0 0 0 0 0 0 0 0 0 0 0 0 0 0 0 0 0 0 0 
 INPUT ---       1 0 0 0 0 0 0 0;
 INPUT ---        0 0 0 0 0 0 0 0 0 0 0 0 0 0 0 0 0 0 0 0 0 0 0 0 0 0 0 0 0 
 INPUT ---       1 0 0 0 0 0 0 0;
 INPUT ---        0 0 0 0 0 0 0 0 0 0 0 0 0 0 0 0 0 0 0 0 0 0 0 0 0 0 0 0 0 
 INPUT ---       1 0 0 0 0 0 0 0;
 INPUT ---        0 0 0 0 0 0 0 0 0 0 0 0 0 0 0 0 0 0 0 0 0 0 0 0 0 0 0 0 0 
 INPUT ---       1 0 0 0 0 0 0 0;
 INPUT ---        0 0 0 0 0 0 0 0 0 0 0 0 0 0 0 0 0 0 0 0 0 0 0 0 0 0 0 0 0 
 INPUT ---       1 0 0 0 0 0 0 0;
 INPUT ---        0 0 0 0 0 0 0 0 0 0 0 0 0 0 0 0 0 0 0 0 0 0 0 0 0 0 0 0 0 
 INPUT ---       1 0 0 0 0 0 0 0;
 INPUT ---        0 0 0 0 0 0 0 0 0 0 0 0 0 0 0 0 0 0 0 0 0 0 0 0 0 0 0 0 0 
 INPUT ---       1 0 0 0 0 0 0 0;
 INPUT ---        0 0 0 0 0 0 0 0 0 0 0 0 0 0 0 0 0 0 0 0 0 0 0 0 0 0 0 0 0 
 INPUT ---       1 0 0 0 0 0 0 0;
 INPUT ---        0 0 0 0 0 0 0 0 0 0 0 0 0 0 0 0 0 0 0 0 0 0 0 0 0 0 0 0 0 
 INPUT ---       1 1 0 0 0 0 0 0;
 INPUT ---        0 0 0 0 0 0 0 0 0 0 0 0 0 0 0 0 0 0 0 0 0 0 0 0 0 0 0 0 0 
 INPUT ---       1 0 0 0 0 0 0 0;
 INPUT ---        0 0 0 0 0 0 0 0 0 0 0 0 0 0 0 0 0 0 0 0 0 0 0 0 0 0 0 0 0 
 INPUT ---       1 0 0 0 0 0 0 0;
 INPUT ---        0 0 0 0 0 0 0 0 0 0 0 0 0 0 0 0 0 0 0 0 0 0 0 0 0 0 0 0 0 
 INPUT ---       1 0 0 0 0 0 0 0;
 INPUT ---        0 0 0 0 0 0 0 0 0 0 0 0 0 0 0 0 0 0 0 0 0 0 0 0 0 0 0 0 0 
 INPUT ---       1 0 0 0 0 0 0 0;
 INPUT ---        0 0 0 0 0 0 0 0 0 0 0 0 0 0 0 0 0 0 0 0 0 0 0 0 0 0 0 0 0 
 INPUT ---       1 0 0 0 0 0 0 0;
 INPUT ---        0 0 0 0 0 0 0 0 0 0 0 0 0 0 0 0 0 0 0 0 0 0 0 0 0 0 0 0 0 
 INPUT ---       1 0 0 0 0 0 0 0;
 INPUT ---        0 0 0 0 0 0 0 0 0 0 0 0 0 0 0 0 0 0 0 0 0 0 0 0 0 0 0 0 0 
 INPUT ---       1 1 0 0 0 0 0 0;
 INPUT ---        0 0 0 0 0 0 0 0 0 0 0 0 0 0 0 0 0 0 0 0 0 0 0 0 0 0 0 0 0 
 INPUT ---       1 0 0 0 0 0 0 0;
 INPUT ---        0 0 0 0 0 0 0 0 0 0 0 0 0 0 0 0 0 0 0 0 0 0 0 0 0 0 0 0 0 
 INPUT ---       1 0 0 0 0 0 0 0;
 INPUT ---        0 0 0 0 0 0 0 0 0 0 0 0 0 0 0 0 0 0 0 0 0 0 0 0 0 0 0 0 0 
 INPUT ---       1 0 0 0 0 0 0 0;

Program  MARK  - Survival Rate Estimation with Capture-Recapture Data
 gfortran(dble/PIM2) Vers. 11.1 Nov 2024  15-Feb-2026 11:48:01    Page  010
 - - - - - - - - - - - - - - - - - - - - - - - - - - - - - - - - - - - - - -
 
 INPUT ---        0 0 0 0 0 0 0 0 0 0 0 0 0 0 0 0 0 0 0 0 0 0 0 0 0 0 0 0 0 
 INPUT ---       1 0 0 0 0 0 0 0;
 INPUT ---        0 0 0 0 0 0 0 0 0 0 0 0 0 0 0 0 0 0 0 0 0 0 0 0 0 0 0 0 0 
 INPUT ---       1 0 0 0 0 0 0 0;
 INPUT ---        0 0 0 0 0 0 0 0 0 0 0 0 0 0 0 0 0 0 0 0 0 0 0 0 0 0 0 0 0 
 INPUT ---       1 0 0 0 0 0 0 0;
 INPUT ---        0 0 0 0 0 0 0 0 0 0 0 0 0 0 0 0 0 0 0 0 0 0 0 0 0 0 0 0 0 
 INPUT ---       1 0 0 0 0 0 0 0;
 INPUT ---        0 0 0 0 0 0 0 0 0 0 0 0 0 0 0 0 0 0 0 0 0 0 0 0 0 0 0 0 0 
 INPUT ---       1 0 0 0 0 0 0 0;
 INPUT ---        0 0 0 0 0 0 0 0 0 0 0 0 0 0 0 0 0 0 0 0 0 0 0 0 0 0 0 0 0 
 INPUT ---       1 0 0 0 0 0 0 0;
 INPUT ---        0 0 0 0 0 0 0 0 0 0 0 0 0 0 0 0 0 0 0 0 0 0 0 0 0 0 0 0 0 
 INPUT ---       1 0 0 0 0 0 0 0;
 INPUT ---        0 0 0 0 0 0 0 0 0 0 0 0 0 0 0 0 0 0 0 0 0 0 0 0 0 0 0 0 0 
 INPUT ---       1 0 0 0 0 0 0 0;
 INPUT ---        0 0 0 0 0 0 0 0 0 0 0 0 0 0 0 0 0 0 0 0 0 0 0 0 0 0 0 0 0 
 INPUT ---       1 0 0 0 0 0 0 0;
 INPUT ---        0 0 0 0 0 0 0 0 0 0 0 0 0 0 0 0 0 0 0 0 0 0 0 0 0 0 0 0 0 
 INPUT ---       1 0 0 0 0 0 0 0;
 INPUT ---        0 0 0 0 0 0 0 0 0 0 0 0 0 0 0 0 0 0 0 0 0 0 0 0 0 0 0 0 0 
 INPUT ---       1 0 0 0 0 0 0 0;
 INPUT ---        0 0 0 0 0 0 0 0 0 0 0 0 0 0 0 0 0 0 0 0 0 0 0 0 0 0 0 0 0 
 INPUT ---       1 1 0 0 0 0 0 0;
 INPUT ---        0 0 0 0 0 0 0 0 0 0 0 0 0 0 0 0 0 0 0 0 0 0 0 0 0 0 0 0 0 
 INPUT ---       1 0 0 0 0 0 0 0;
 INPUT ---        0 0 0 0 0 0 0 0 0 0 0 0 0 0 0 0 0 0 0 0 0 0 0 0 0 0 0 0 0 
 INPUT ---       1 0 0 0 0 0 0 0;
 INPUT ---        0 0 0 0 0 0 0 0 0 0 0 0 0 0 0 0 0 0 0 0 0 0 0 0 0 0 0 0 0 
 INPUT ---       1 0 0 0 0 0 0 0;
 INPUT ---        0 0 0 0 0 0 0 0 0 0 0 0 0 0 0 0 0 0 0 0 0 0 0 0 0 0 0 0 0 
 INPUT ---       1 0 0 0 0 0 0 0;
 INPUT ---        0 0 0 0 0 0 0 0 0 0 0 0 0 0 0 0 0 0 0 0 0 0 0 0 0 0 0 0 0 
 INPUT ---       1 0 0 0 0 0 0 0;
 INPUT ---        0 0 0 0 0 0 0 0 0 0 0 0 0 0 0 0 0 0 0 0 0 0 0 0 0 0 0 0 0 
 INPUT ---       1 0 0 0 0 0 0 0;
 INPUT ---        0 0 0 0 0 0 0 0 0 0 0 0 0 0 0 0 0 0 0 0 0 0 0 0 0 0 0 0 0 
 INPUT ---       1 1 0 0 0 0 0 0;
 INPUT ---        0 0 0 0 0 0 0 0 0 0 0 0 0 0 0 0 0 0 0 0 0 0 0 0 0 0 0 0 0 
 INPUT ---       1 0 0 0 0 0 0 0;
 INPUT ---        0 0 0 0 0 0 0 0 0 0 0 0 0 0 0 0 0 0 0 0 0 0 0 0 0 0 0 0 0 
 INPUT ---       1 0 0 0 0 0 0 0;
 INPUT ---        0 0 0 0 0 0 0 0 0 0 0 0 0 0 0 0 0 0 0 0 0 0 0 0 0 0 0 0 0 
 INPUT ---       1 0 0 0 0 0 0 0;
 INPUT ---    links=173;
 INPUT ---       Logit;

Program  MARK  - Survival Rate Estimation with Capture-Recapture Data
 gfortran(dble/PIM2) Vers. 11.1 Nov 2024  15-Feb-2026 11:48:01    Page  011
 - - - - - - - - - - - - - - - - - - - - - - - - - - - - - - - - - - - - - -
 
 INPUT ---       Logit;
 INPUT ---       Logit;
 INPUT ---       Logit;
 INPUT ---       Logit;
 INPUT ---       Logit;
 INPUT ---       Logit;
 INPUT ---       Logit;
 INPUT ---       Logit;
 INPUT ---       Logit;
 INPUT ---       Logit;
 INPUT ---       Logit;
 INPUT ---       Logit;
 INPUT ---       Logit;
 INPUT ---       Logit;
 INPUT ---       Logit;
 INPUT ---       Logit;
 INPUT ---       Logit;
 INPUT ---       Logit;
 INPUT ---       Logit;
 INPUT ---       Logit;
 INPUT ---       Logit;
 INPUT ---       Logit;
 INPUT ---       Logit;
 INPUT ---       Logit;
 INPUT ---       Logit;
 INPUT ---       Logit;
 INPUT ---       Logit;
 INPUT ---       Logit;
 INPUT ---       Logit;
 INPUT ---       Logit;
 INPUT ---       Logit;
 INPUT ---       Logit;
 INPUT ---       Logit;
 INPUT ---       Logit;
 INPUT ---       Log;
 INPUT ---       Log;
 INPUT ---       Log;
 INPUT ---       Log;
 INPUT ---       Log;
 INPUT ---       Log;
 INPUT ---       mlogit(1);
 INPUT ---       mlogit(1);
 INPUT ---       mlogit(1);
 INPUT ---       mlogit(1);
 INPUT ---       mlogit(1);
 INPUT ---       mlogit(1);

Program  MARK  - Survival Rate Estimation with Capture-Recapture Data
 gfortran(dble/PIM2) Vers. 11.1 Nov 2024  15-Feb-2026 11:48:01    Page  012
 - - - - - - - - - - - - - - - - - - - - - - - - - - - - - - - - - - - - - -
 
 INPUT ---       mlogit(1);
 INPUT ---       mlogit(1);
 INPUT ---       mlogit(1);
 INPUT ---       mlogit(1);
 INPUT ---       mlogit(1);
 INPUT ---       mlogit(1);
 INPUT ---       mlogit(1);
 INPUT ---       mlogit(1);
 INPUT ---       mlogit(1);
 INPUT ---       mlogit(1);
 INPUT ---       mlogit(1);
 INPUT ---       mlogit(1);
 INPUT ---       mlogit(1);
 INPUT ---       mlogit(1);
 INPUT ---       mlogit(1);
 INPUT ---       mlogit(1);
 INPUT ---       mlogit(2);
 INPUT ---       mlogit(2);
 INPUT ---       mlogit(2);
 INPUT ---       mlogit(2);
 INPUT ---       mlogit(2);
 INPUT ---       mlogit(2);
 INPUT ---       mlogit(2);
 INPUT ---       mlogit(2);
 INPUT ---       mlogit(2);
 INPUT ---       mlogit(2);
 INPUT ---       mlogit(2);
 INPUT ---       mlogit(2);
 INPUT ---       mlogit(2);
 INPUT ---       mlogit(2);
 INPUT ---       mlogit(2);
 INPUT ---       mlogit(2);
 INPUT ---       mlogit(2);
 INPUT ---       mlogit(2);
 INPUT ---       mlogit(2);
 INPUT ---       mlogit(2);
 INPUT ---       mlogit(2);
 INPUT ---       mlogit(2);
 INPUT ---       mlogit(3);
 INPUT ---       mlogit(3);
 INPUT ---       mlogit(3);
 INPUT ---       mlogit(3);
 INPUT ---       mlogit(3);
 INPUT ---       mlogit(3);
 INPUT ---       mlogit(3);
 INPUT ---       mlogit(3);

Program  MARK  - Survival Rate Estimation with Capture-Recapture Data
 gfortran(dble/PIM2) Vers. 11.1 Nov 2024  15-Feb-2026 11:48:01    Page  013
 - - - - - - - - - - - - - - - - - - - - - - - - - - - - - - - - - - - - - -
 
 INPUT ---       mlogit(3);
 INPUT ---       mlogit(3);
 INPUT ---       mlogit(3);
 INPUT ---       mlogit(3);
 INPUT ---       mlogit(3);
 INPUT ---       mlogit(3);
 INPUT ---       mlogit(3);
 INPUT ---       mlogit(3);
 INPUT ---       mlogit(3);
 INPUT ---       mlogit(3);
 INPUT ---       mlogit(3);
 INPUT ---       mlogit(3);
 INPUT ---       mlogit(3);
 INPUT ---       mlogit(3);
 INPUT ---       mlogit(4);
 INPUT ---       mlogit(4);
 INPUT ---       mlogit(4);
 INPUT ---       mlogit(4);
 INPUT ---       mlogit(4);
 INPUT ---       mlogit(4);
 INPUT ---       mlogit(4);
 INPUT ---       mlogit(4);
 INPUT ---       mlogit(4);
 INPUT ---       mlogit(4);
 INPUT ---       mlogit(4);
 INPUT ---       mlogit(4);
 INPUT ---       mlogit(4);
 INPUT ---       mlogit(4);
 INPUT ---       mlogit(4);
 INPUT ---       mlogit(4);
 INPUT ---       mlogit(4);
 INPUT ---       mlogit(4);
 INPUT ---       mlogit(4);
 INPUT ---       mlogit(4);
 INPUT ---       mlogit(4);
 INPUT ---       mlogit(4);
 INPUT ---       mlogit(5);
 INPUT ---       mlogit(5);
 INPUT ---       mlogit(5);
 INPUT ---       mlogit(5);
 INPUT ---       mlogit(5);
 INPUT ---       mlogit(5);
 INPUT ---       mlogit(5);
 INPUT ---       mlogit(5);
 INPUT ---       mlogit(5);
 INPUT ---       mlogit(5);

Program  MARK  - Survival Rate Estimation with Capture-Recapture Data
 gfortran(dble/PIM2) Vers. 11.1 Nov 2024  15-Feb-2026 11:48:01    Page  014
 - - - - - - - - - - - - - - - - - - - - - - - - - - - - - - - - - - - - - -
 
 INPUT ---       mlogit(5);
 INPUT ---       mlogit(5);
 INPUT ---       mlogit(5);
 INPUT ---       mlogit(5);
 INPUT ---       mlogit(5);
 INPUT ---       mlogit(5);
 INPUT ---       mlogit(5);
 INPUT ---       mlogit(5);
 INPUT ---       mlogit(5);
 INPUT ---       mlogit(5);
 INPUT ---       mlogit(5);
 INPUT ---       mlogit(5);
 INPUT ---       mlogit(6);
 INPUT ---       mlogit(6);
 INPUT ---       mlogit(6);
 INPUT ---       mlogit(6);
 INPUT ---       mlogit(6);
 INPUT ---       mlogit(6);
 INPUT ---       mlogit(6);
 INPUT ---       mlogit(6);
 INPUT ---       mlogit(6);
 INPUT ---       mlogit(6);
 INPUT ---       mlogit(6);
 INPUT ---       mlogit(6);
 INPUT ---       mlogit(6);
 INPUT ---       mlogit(6);
 INPUT ---       mlogit(6);
 INPUT ---       mlogit(6);
 INPUT ---       mlogit(6);
 INPUT ---       mlogit(6);
 INPUT ---       mlogit(6);
 INPUT ---       mlogit(6);
 INPUT ---       mlogit(6);
 INPUT ---       mlogit(6);
 INPUT ---       blabel(1)=Phi:(Intercept);
 INPUT ---       blabel(2)=Phi:Seasonhibernation;
 INPUT ---       blabel(3)=Phi:valleyS;
 INPUT ---       blabel(4)=Phi:altitude2;
 INPUT ---       blabel(5)=Phi:altitude3;
 INPUT ---       blabel(6)=Phi:Seasonhibernation:valleyS;
 INPUT ---       blabel(7)=p:(Intercept);
 INPUT ---       blabel(8)=p:time1.49277266754271;
 INPUT ---       blabel(9)=p:time2.01839684625493;
 INPUT ---       blabel(10)=p:time2.51116951379763;
 INPUT ---       blabel(11)=p:time3.00394218134034;
 INPUT ---       blabel(12)=p:time3.49671484888305;

Program  MARK  - Survival Rate Estimation with Capture-Recapture Data
 gfortran(dble/PIM2) Vers. 11.1 Nov 2024  15-Feb-2026 11:48:01    Page  015
 - - - - - - - - - - - - - - - - - - - - - - - - - - - - - - - - - - - - - -
 
 INPUT ---       blabel(13)=p:time4.02233902759527;
 INPUT ---       blabel(14)=p:time4.51511169513798;
 INPUT ---       blabel(15)=p:time5.0407358738502;
 INPUT ---       blabel(16)=p:time5.5335085413929;
 INPUT ---       blabel(17)=p:time6.35479632063075;
 INPUT ---       blabel(18)=p:time13.3193166885677;
 INPUT ---       blabel(19)=p:time14.3377135348226;
 INPUT ---       blabel(20)=p:time15.323258869908;
 INPUT ---       blabel(21)=p:time16.0131406044678;
 INPUT ---       blabel(22)=p:time16.5059132720105;
 INPUT ---       blabel(23)=p:time17.0315374507227;
 INPUT ---       blabel(24)=p:time17.5243101182654;
 INPUT ---       blabel(25)=p:time26.3613666228647;
 INPUT ---       blabel(26)=p:time27.3469119579501;
 INPUT ---       blabel(27)=p:time28.365308804205;
 INPUT ---       blabel(28)=p:time29.3837056504599;
 INPUT ---       blabel(29)=p:time30.3692509855453;
 INPUT ---       blabel(30)=pent:(Intercept);
 INPUT ---       blabel(31)=pent:Seasonhibernation;
 INPUT ---       blabel(32)=N:(Intercept);
 INPUT ---       blabel(33)=N:groupS1;
 INPUT ---       blabel(34)=N:groupR2;
 INPUT ---       blabel(35)=N:groupS2;
 INPUT ---       blabel(36)=N:groupR3;
 INPUT ---       blabel(37)=N:groupS3;
 INPUT ---       rlabel(1)=Phi gR1 a0 t1;
 INPUT ---       rlabel(2)=Phi gR1 a12.3193166885677 t13.3193166885677;
 INPUT ---       rlabel(3)=Phi gS1 a0 t1;
 INPUT ---       rlabel(4)=Phi gS1 a12.3193166885677 t13.3193166885677;
 INPUT ---       rlabel(5)=Phi gR2 a0 t1;
 INPUT ---       rlabel(6)=Phi gR2 a12.3193166885677 t13.3193166885677;
 INPUT ---       rlabel(7)=Phi gS2 a0 t1;
 INPUT ---       rlabel(8)=Phi gS2 a12.3193166885677 t13.3193166885677;
 INPUT ---       rlabel(9)=Phi gR3 a0 t1;
 INPUT ---       rlabel(10)=Phi gR3 a12.3193166885677 t13.3193166885677;
 INPUT ---       rlabel(11)=Phi gS3 a0 t1;
 INPUT ---       rlabel(12)=Phi gS3 a12.3193166885677 t13.3193166885677;
 INPUT ---       rlabel(13)=p gR1 a0 t1;
 INPUT ---       rlabel(14)=p gR1 a0.492772667542707 t1.49277266754271;
 INPUT ---       rlabel(15)=p gR1 a1.01839684625493 t2.01839684625493;
 INPUT ---       rlabel(16)=p gR1 a1.51116951379763 t2.51116951379763;
 INPUT ---       rlabel(17)=p gR1 a2.00394218134034 t3.00394218134034;
 INPUT ---       rlabel(18)=p gR1 a2.49671484888305 t3.49671484888305;
 INPUT ---       rlabel(19)=p gR1 a3.02233902759527 t4.02233902759527;
 INPUT ---       rlabel(20)=p gR1 a3.51511169513798 t4.51511169513798;
 INPUT ---       rlabel(21)=p gR1 a4.0407358738502 t5.0407358738502;

Program  MARK  - Survival Rate Estimation with Capture-Recapture Data
 gfortran(dble/PIM2) Vers. 11.1 Nov 2024  15-Feb-2026 11:48:01    Page  016
 - - - - - - - - - - - - - - - - - - - - - - - - - - - - - - - - - - - - - -
 
 INPUT ---       rlabel(22)=p gR1 a4.5335085413929 t5.5335085413929;
 INPUT ---       rlabel(23)=p gR1 a5.35479632063075 t6.35479632063075;
 INPUT ---       rlabel(24)=p gR1 a12.3193166885677 t13.3193166885677;
 INPUT ---       rlabel(25)=p gR1 a13.3377135348226 t14.3377135348226;
 INPUT ---       rlabel(26)=p gR1 a14.323258869908 t15.323258869908;
 INPUT ---       rlabel(27)=p gR1 a15.0131406044678 t16.0131406044678;
 INPUT ---       rlabel(28)=p gR1 a15.5059132720105 t16.5059132720105;
 INPUT ---       rlabel(29)=p gR1 a16.0315374507227 t17.0315374507227;
 INPUT ---       rlabel(30)=p gR1 a16.5243101182654 t17.5243101182654;
 INPUT ---       rlabel(31)=p gR1 a25.3613666228647 t26.3613666228647;
 INPUT ---       rlabel(32)=p gR1 a26.3469119579501 t27.3469119579501;
 INPUT ---       rlabel(33)=p gR1 a27.365308804205 t28.365308804205;
 INPUT ---       rlabel(34)=p gR1 a28.3837056504599 t29.3837056504599;
 INPUT ---       rlabel(35)=p gR1 a29.3692509855453 t30.3692509855453;
 INPUT ---       rlabel(36)=N gR1 a0 t1;
 INPUT ---       rlabel(37)=N gS1 a0 t1;
 INPUT ---       rlabel(38)=N gR2 a0 t1;
 INPUT ---       rlabel(39)=N gS2 a0 t1;
 INPUT ---       rlabel(40)=N gR3 a0 t1;
 INPUT ---       rlabel(41)=N gS3 a0 t1;
 INPUT ---       rlabel(42)=pent gR1 a0.492772667542707 t1.49277266754271;
 INPUT ---       rlabel(43)=pent gR1 a1.01839684625493 t2.01839684625493;
 INPUT ---       rlabel(44)=pent gR1 a1.51116951379763 t2.51116951379763;
 INPUT ---       rlabel(45)=pent gR1 a2.00394218134034 t3.00394218134034;
 INPUT ---       rlabel(46)=pent gR1 a2.49671484888305 t3.49671484888305;
 INPUT ---       rlabel(47)=pent gR1 a3.02233902759527 t4.02233902759527;
 INPUT ---       rlabel(48)=pent gR1 a3.51511169513798 t4.51511169513798;
 INPUT ---       rlabel(49)=pent gR1 a4.0407358738502 t5.0407358738502;
 INPUT ---       rlabel(50)=pent gR1 a4.5335085413929 t5.5335085413929;
 INPUT ---       rlabel(51)=pent gR1 a5.35479632063075 t6.35479632063075;
 INPUT ---       rlabel(52)=pent gR1 a12.3193166885677 t13.3193166885677;
 INPUT ---       rlabel(53)=pent gR1 a13.3377135348226 t14.3377135348226;
 INPUT ---       rlabel(54)=pent gR1 a14.323258869908 t15.323258869908;
 INPUT ---       rlabel(55)=pent gR1 a15.0131406044678 t16.0131406044678;
 INPUT ---       rlabel(56)=pent gR1 a15.5059132720105 t16.5059132720105;
 INPUT ---       rlabel(57)=pent gR1 a16.0315374507227 t17.0315374507227;
 INPUT ---       rlabel(58)=pent gR1 a16.5243101182654 t17.5243101182654;
 INPUT ---       rlabel(59)=pent gR1 a25.3613666228647 t26.3613666228647;
 INPUT ---       rlabel(60)=pent gR1 a26.3469119579501 t27.3469119579501;
 INPUT ---       rlabel(61)=pent gR1 a27.365308804205 t28.365308804205;
 INPUT ---       rlabel(62)=pent gR1 a28.3837056504599 t29.3837056504599;
 INPUT ---       rlabel(63)=pent gR1 a29.3692509855453 t30.3692509855453;
 INPUT ---       rlabel(64)=pent gS1 a0.492772667542707 t1.49277266754271;
 INPUT ---       rlabel(65)=pent gS1 a1.01839684625493 t2.01839684625493;
 INPUT ---       rlabel(66)=pent gS1 a1.51116951379763 t2.51116951379763;
 INPUT ---       rlabel(67)=pent gS1 a2.00394218134034 t3.00394218134034;

Program  MARK  - Survival Rate Estimation with Capture-Recapture Data
 gfortran(dble/PIM2) Vers. 11.1 Nov 2024  15-Feb-2026 11:48:01    Page  017
 - - - - - - - - - - - - - - - - - - - - - - - - - - - - - - - - - - - - - -
 
 INPUT ---       rlabel(68)=pent gS1 a2.49671484888305 t3.49671484888305;
 INPUT ---       rlabel(69)=pent gS1 a3.02233902759527 t4.02233902759527;
 INPUT ---       rlabel(70)=pent gS1 a3.51511169513798 t4.51511169513798;
 INPUT ---       rlabel(71)=pent gS1 a4.0407358738502 t5.0407358738502;
 INPUT ---       rlabel(72)=pent gS1 a4.5335085413929 t5.5335085413929;
 INPUT ---       rlabel(73)=pent gS1 a5.35479632063075 t6.35479632063075;
 INPUT ---       rlabel(74)=pent gS1 a12.3193166885677 t13.3193166885677;
 INPUT ---       rlabel(75)=pent gS1 a13.3377135348226 t14.3377135348226;
 INPUT ---       rlabel(76)=pent gS1 a14.323258869908 t15.323258869908;
 INPUT ---       rlabel(77)=pent gS1 a15.0131406044678 t16.0131406044678;
 INPUT ---       rlabel(78)=pent gS1 a15.5059132720105 t16.5059132720105;
 INPUT ---       rlabel(79)=pent gS1 a16.0315374507227 t17.0315374507227;
 INPUT ---       rlabel(80)=pent gS1 a16.5243101182654 t17.5243101182654;
 INPUT ---       rlabel(81)=pent gS1 a25.3613666228647 t26.3613666228647;
 INPUT ---       rlabel(82)=pent gS1 a26.3469119579501 t27.3469119579501;
 INPUT ---       rlabel(83)=pent gS1 a27.365308804205 t28.365308804205;
 INPUT ---       rlabel(84)=pent gS1 a28.3837056504599 t29.3837056504599;
 INPUT ---       rlabel(85)=pent gS1 a29.3692509855453 t30.3692509855453;
 INPUT ---       rlabel(86)=pent gR2 a0.492772667542707 t1.49277266754271;
 INPUT ---       rlabel(87)=pent gR2 a1.01839684625493 t2.01839684625493;
 INPUT ---       rlabel(88)=pent gR2 a1.51116951379763 t2.51116951379763;
 INPUT ---       rlabel(89)=pent gR2 a2.00394218134034 t3.00394218134034;
 INPUT ---       rlabel(90)=pent gR2 a2.49671484888305 t3.49671484888305;
 INPUT ---       rlabel(91)=pent gR2 a3.02233902759527 t4.02233902759527;
 INPUT ---       rlabel(92)=pent gR2 a3.51511169513798 t4.51511169513798;
 INPUT ---       rlabel(93)=pent gR2 a4.0407358738502 t5.0407358738502;
 INPUT ---       rlabel(94)=pent gR2 a4.5335085413929 t5.5335085413929;
 INPUT ---       rlabel(95)=pent gR2 a5.35479632063075 t6.35479632063075;
 INPUT ---       rlabel(96)=pent gR2 a12.3193166885677 t13.3193166885677;
 INPUT ---       rlabel(97)=pent gR2 a13.3377135348226 t14.3377135348226;
 INPUT ---       rlabel(98)=pent gR2 a14.323258869908 t15.323258869908;
 INPUT ---       rlabel(99)=pent gR2 a15.0131406044678 t16.0131406044678;
 INPUT ---       rlabel(100)=pent gR2 a15.5059132720105 t16.5059132720105;
 INPUT ---       rlabel(101)=pent gR2 a16.0315374507227 t17.0315374507227;
 INPUT ---       rlabel(102)=pent gR2 a16.5243101182654 t17.5243101182654;
 INPUT ---       rlabel(103)=pent gR2 a25.3613666228647 t26.3613666228647;
 INPUT ---       rlabel(104)=pent gR2 a26.3469119579501 t27.3469119579501;
 INPUT ---       rlabel(105)=pent gR2 a27.365308804205 t28.365308804205;
 INPUT ---       rlabel(106)=pent gR2 a28.3837056504599 t29.3837056504599;
 INPUT ---       rlabel(107)=pent gR2 a29.3692509855453 t30.3692509855453;
 INPUT ---       rlabel(108)=pent gS2 a0.492772667542707 t1.49277266754271;
 INPUT ---       rlabel(109)=pent gS2 a1.01839684625493 t2.01839684625493;
 INPUT ---       rlabel(110)=pent gS2 a1.51116951379763 t2.51116951379763;
 INPUT ---       rlabel(111)=pent gS2 a2.00394218134034 t3.00394218134034;
 INPUT ---       rlabel(112)=pent gS2 a2.49671484888305 t3.49671484888305;
 INPUT ---       rlabel(113)=pent gS2 a3.02233902759527 t4.02233902759527;

Program  MARK  - Survival Rate Estimation with Capture-Recapture Data
 gfortran(dble/PIM2) Vers. 11.1 Nov 2024  15-Feb-2026 11:48:01    Page  018
 - - - - - - - - - - - - - - - - - - - - - - - - - - - - - - - - - - - - - -
 
 INPUT ---       rlabel(114)=pent gS2 a3.51511169513798 t4.51511169513798;
 INPUT ---       rlabel(115)=pent gS2 a4.0407358738502 t5.0407358738502;
 INPUT ---       rlabel(116)=pent gS2 a4.5335085413929 t5.5335085413929;
 INPUT ---       rlabel(117)=pent gS2 a5.35479632063075 t6.35479632063075;
 INPUT ---       rlabel(118)=pent gS2 a12.3193166885677 t13.3193166885677;
 INPUT ---       rlabel(119)=pent gS2 a13.3377135348226 t14.3377135348226;
 INPUT ---       rlabel(120)=pent gS2 a14.323258869908 t15.323258869908;
 INPUT ---       rlabel(121)=pent gS2 a15.0131406044678 t16.0131406044678;
 INPUT ---       rlabel(122)=pent gS2 a15.5059132720105 t16.5059132720105;
 INPUT ---       rlabel(123)=pent gS2 a16.0315374507227 t17.0315374507227;
 INPUT ---       rlabel(124)=pent gS2 a16.5243101182654 t17.5243101182654;
 INPUT ---       rlabel(125)=pent gS2 a25.3613666228647 t26.3613666228647;
 INPUT ---       rlabel(126)=pent gS2 a26.3469119579501 t27.3469119579501;
 INPUT ---       rlabel(127)=pent gS2 a27.365308804205 t28.365308804205;
 INPUT ---       rlabel(128)=pent gS2 a28.3837056504599 t29.3837056504599;
 INPUT ---       rlabel(129)=pent gS2 a29.3692509855453 t30.3692509855453;
 INPUT ---       rlabel(130)=pent gR3 a0.492772667542707 t1.49277266754271;
 INPUT ---       rlabel(131)=pent gR3 a1.01839684625493 t2.01839684625493;
 INPUT ---       rlabel(132)=pent gR3 a1.51116951379763 t2.51116951379763;
 INPUT ---       rlabel(133)=pent gR3 a2.00394218134034 t3.00394218134034;
 INPUT ---       rlabel(134)=pent gR3 a2.49671484888305 t3.49671484888305;
 INPUT ---       rlabel(135)=pent gR3 a3.02233902759527 t4.02233902759527;
 INPUT ---       rlabel(136)=pent gR3 a3.51511169513798 t4.51511169513798;
 INPUT ---       rlabel(137)=pent gR3 a4.0407358738502 t5.0407358738502;
 INPUT ---       rlabel(138)=pent gR3 a4.5335085413929 t5.5335085413929;
 INPUT ---       rlabel(139)=pent gR3 a5.35479632063075 t6.35479632063075;
 INPUT ---       rlabel(140)=pent gR3 a12.3193166885677 t13.3193166885677;
 INPUT ---       rlabel(141)=pent gR3 a13.3377135348226 t14.3377135348226;
 INPUT ---       rlabel(142)=pent gR3 a14.323258869908 t15.323258869908;
 INPUT ---       rlabel(143)=pent gR3 a15.0131406044678 t16.0131406044678;
 INPUT ---       rlabel(144)=pent gR3 a15.5059132720105 t16.5059132720105;
 INPUT ---       rlabel(145)=pent gR3 a16.0315374507227 t17.0315374507227;
 INPUT ---       rlabel(146)=pent gR3 a16.5243101182654 t17.5243101182654;
 INPUT ---       rlabel(147)=pent gR3 a25.3613666228647 t26.3613666228647;
 INPUT ---       rlabel(148)=pent gR3 a26.3469119579501 t27.3469119579501;
 INPUT ---       rlabel(149)=pent gR3 a27.365308804205 t28.365308804205;
 INPUT ---       rlabel(150)=pent gR3 a28.3837056504599 t29.3837056504599;
 INPUT ---       rlabel(151)=pent gR3 a29.3692509855453 t30.3692509855453;
 INPUT ---       rlabel(152)=pent gS3 a0.492772667542707 t1.49277266754271;
 INPUT ---       rlabel(153)=pent gS3 a1.01839684625493 t2.01839684625493;
 INPUT ---       rlabel(154)=pent gS3 a1.51116951379763 t2.51116951379763;
 INPUT ---       rlabel(155)=pent gS3 a2.00394218134034 t3.00394218134034;
 INPUT ---       rlabel(156)=pent gS3 a2.49671484888305 t3.49671484888305;
 INPUT ---       rlabel(157)=pent gS3 a3.02233902759527 t4.02233902759527;
 INPUT ---       rlabel(158)=pent gS3 a3.51511169513798 t4.51511169513798;
 INPUT ---       rlabel(159)=pent gS3 a4.0407358738502 t5.0407358738502;

Program  MARK  - Survival Rate Estimation with Capture-Recapture Data
 gfortran(dble/PIM2) Vers. 11.1 Nov 2024  15-Feb-2026 11:48:01    Page  019
 - - - - - - - - - - - - - - - - - - - - - - - - - - - - - - - - - - - - - -
 
 INPUT ---       rlabel(160)=pent gS3 a4.5335085413929 t5.5335085413929;
 INPUT ---       rlabel(161)=pent gS3 a5.35479632063075 t6.35479632063075;
 INPUT ---       rlabel(162)=pent gS3 a12.3193166885677 t13.3193166885677;
 INPUT ---       rlabel(163)=pent gS3 a13.3377135348226 t14.3377135348226;
 INPUT ---       rlabel(164)=pent gS3 a14.323258869908 t15.323258869908;
 INPUT ---       rlabel(165)=pent gS3 a15.0131406044678 t16.0131406044678;
 INPUT ---       rlabel(166)=pent gS3 a15.5059132720105 t16.5059132720105;
 INPUT ---       rlabel(167)=pent gS3 a16.0315374507227 t17.0315374507227;
 INPUT ---       rlabel(168)=pent gS3 a16.5243101182654 t17.5243101182654;
 INPUT ---       rlabel(169)=pent gS3 a25.3613666228647 t26.3613666228647;
 INPUT ---       rlabel(170)=pent gS3 a26.3469119579501 t27.3469119579501;
 INPUT ---       rlabel(171)=pent gS3 a27.365308804205 t28.365308804205;
 INPUT ---       rlabel(172)=pent gS3 a28.3837056504599 t29.3837056504599;
 INPUT ---       rlabel(173)=pent gS3 a29.3692509855453 t30.3692509855453;
   Model is { full_pent_seasonal }

 Link Function Used is PARM-SPECIFIC

 Variance Estimation Procedure Used is 2ndPart 

 M(t+1):
      12      5     14      4     74     23

 Group 1 = valleyR.altitude1

 U(t)+UL(t):
       2    0    0    0    1    0    1    0    1    1    1    3    0    0    0
       0    2    0    0    0    0    0    0

 U(t):
       2    0    0    0    1    0    1    0    1    1    1    3    0    0    0
       0    2    0    0    0    0    0    0

 UL(t):
       0    0    0    0    0    0    0    0    0    0    0    0    0    0    0
       0    0    0    0    0    0    0    0

 Not Released(t):
       0    0    0    0    0    0    0    0    0    0    0    0    0    0    0
       0    0    0    0    0    0    0    0

 Group 2 = valleyS.altitude1

 U(t)+UL(t):
       0    0    0    1    1    0    2    0    0    0    0    0    0    0    1
       0    0    0    0    0    0    0    0

 U(t):
       0    0    0    1    1    0    2    0    0    0    0    0    0    0    1
       0    0    0    0    0    0    0    0

 UL(t):
       0    0    0    0    0    0    0    0    0    0    0    0    0    0    0
       0    0    0    0    0    0    0    0

 Not Released(t):
       0    0    0    0    0    0    0    0    0    0    0    0    0    0    0
       0    0    0    0    0    0    0    0

 Group 3 = valleyR.altitude2

 U(t)+UL(t):
       2    0    0    0    1    0    1    0    0    0    1    1    0    1    0
       0    0    2    3    0    0    0    2

 U(t):
       2    0    0    0    1    0    1    0    0    0    1    1    0    1    0
       0    0    2    3    0    0    0    2

 UL(t):
       0    0    0    0    0    0    0    0    0    0    0    0    0    0    0
       0    0    0    0    0    0    0    0

 Not Released(t):
       0    0    0    0    0    0    0    0    0    0    0    0    0    0    0
       0    0    0    0    0    0    0    0

 Group 4 = valleyS.altitude2

 U(t)+UL(t):
       0    0    0    1    0    1    0    0    0    0    0    2    0    0    0
       0    0    0    0    0    0    0    0

 U(t):
       0    0    0    1    0    1    0    0    0    0    0    2    0    0    0
       0    0    0    0    0    0    0    0

 UL(t):
       0    0    0    0    0    0    0    0    0    0    0    0    0    0    0
       0    0    0    0    0    0    0    0

 Not Released(t):
       0    0    0    0    0    0    0    0    0    0    0    0    0    0    0
       0    0    0    0    0    0    0    0

 Group 5 = valleyR.altitude3

 U(t)+UL(t):
       3    6    2    2    1    0    4    1    3    0    0    9    2    0    5
       6    2    2   10    1    9    6    0

 U(t):
       3    6    2    2    1    0    4    1    3    0    0    9    2    0    5
       6    2    2   10    1    9    6    0

 UL(t):
       0    0    0    0    0    0    0    0    0    0    0    0    0    0    0
       0    0    0    0    0    0    0    0

 Not Released(t):
       0    0    0    0    0    0    0    0    0    0    0    0    0    0    0
       0    0    0    0    0    0    0    0

 Group 6 = valleyS.altitude3

 U(t)+UL(t):
       0    1    1    0    0    1    1    2    3    4    0    1    3    0    1
       1    1    0    0    2    1    0    0

 U(t):
       0    1    1    0    0    1    1    2    3    4    0    1    3    0    1
       1    1    0    0    2    1    0    0

 UL(t):
       0    0    0    0    0    0    0    0    0    0    0    0    0    0    0
       0    0    0    0    0    0    0    0

 Not Released(t):
       0    0    0    0    0    0    0    0    0    0    0    0    0    0    0
       0    0    0    0    0    0    0    0


 -2logL(saturated) = 760.43885     
 Effective Sample Size = 224

 Number of function evaluations was 63 for 37 parameters.
 For numerical optimization, CPU Time was 0.406 secs and System Time was 0.266 secs.
 -2logL { full_pent_seasonal } = 868.89236     
 Penalty { full_pent_seasonal } = 0.0000000     
 Gradient { full_pent_seasonal }:
  8.57272E-06  1.50433E-05 -7.43382E-06   0.0000      1.81073E-05
  5.90107E-06  6.43639E-05  7.01081E-06  1.39699E-05  9.61985E-06
  9.83667E-06  4.43814E-06  2.20328E-05  4.04489E-06  8.59872E-06
  1.51625E-05  2.74639E-06  2.20572E-05   0.0000      1.32894E-05
  1.00376E-05  9.24485E-06  2.28405E-05  3.20442E-06  2.10118E-05
 -4.99187E-06  2.40411E-05  7.88169E-06   0.0000      2.86940E-05
  2.34979E-05  1.96792E-05   0.0000       0.0000     -1.45582E-05
  5.99918E-06 -4.58786E-06
 Maximum ABS(G) { full_pent_seasonal } =  6.43639E-05
 To compute VC matrix, CPU Time was 0.422 secs and System Time was 0.375 secs.

Program  MARK  - Survival Rate Estimation with Capture-Recapture Data
 gfortran(dble/PIM2) Vers. 11.1 Nov 2024  15-Feb-2026 11:48:01    Page  020
 - - - - - - - - - - - - - - - - - - - - - - - - - - - - - - - - - - - - - -
 
 S Vector { full_pent_seasonal }:
   217.3540      53.57438      31.21317      20.86476      14.83187    
   14.25190      13.23145      10.87250      10.69962      10.02196    
   9.403860      8.923762      8.294799      8.016114      7.116785    
   6.958654      6.932581      6.802132      6.562250      5.918680    
   5.408137      5.251292      4.813755      4.232320      4.134998    
   3.917583      3.750730      3.017455      2.491578      2.018751    
   1.854333      1.673779     0.9106424     0.6376776     0.3245797    
  0.1455037     0.1067607E-01
 To invert VC matrix, CPU Time was 0.001 secs and System Time was 0.001 secs.
 Ratio Threshold = 50.00 Max Gap (36/37) = 13.63 Next Max Gap (1/2) = 4.057
 Gap Method for Num. of Estimated Parameters { full_pent_seasonal } = 37          
 Threshold { full_pent_seasonal } = 0.1287279E-03           
 Numerical Threshold Method for Num. of Estimated Parameters { full_pent_seasonal } = 37          
 Number of Estimated Parameters { full_pent_seasonal } = 37          
 DEVIANCE { full_pent_seasonal } = 108.45351               
 DEVIANCE Degrees of Freedom { full_pent_seasonal } = 47          
 c-hat { full_pent_seasonal } = 2.3075215               
 AIC { full_pent_seasonal } = 942.89236               
 AICc { full_pent_seasonal } = 958.01064               
 BIC { full_pent_seasonal } = 1069.1233               
 Pearson Chisquare { full_pent_seasonal } = 0.5604584E+08           
 Possible Encounter Histories { full_pent_seasonal } = 50331642          
 Pearson Chisquare df { full_pent_seasonal } = 50331599          
 Pearson chat { full_pent_seasonal } = 1.1135319               
 Sum(Observed/Expected) { full_pent_seasonal } = 0.5604590E+08           
 s-bar { full_pent_seasonal } = 0.1135321               
 Fletcher chat { full_pent_seasonal } = 0.9999998               


             PARM-SPECIFIC Link Function Parameters of { full_pent_seasonal }
                                                              95% Confidence Interval
    Parameter                  Beta         Standard Error     Lower           Upper
 -------------------------  --------------  --------------  --------------  --------------
    1:Phi:(Intercept)        2.5598481       0.5878019       1.4077563       3.7119399    
    2:Phi:Seasonhibernatio  -3.0572949       1.0244546      -5.0652259      -1.0493639    
    3:Phi:valleyS           -1.0526163       0.6338047      -2.2948736       0.1896410    
    4:Phi:altitude2          0.5126646       0.5617523      -0.5883699       1.6136991    
    5:Phi:altitude3          0.6853708       0.4600728      -0.2163720       1.5871136    
    6:Phi:Seasonhibernatio   1.5857666       1.6896538      -1.7259549       4.8974882    
    7:p:(Intercept)          0.6594932       2.0181974      -3.2961737       4.6151601    
    8:p:time1.492772667542  -1.1764660       1.7988763      -4.7022637       2.3493316    
    9:p:time2.018396846254  -2.2767778       1.9721480      -6.1421880       1.5886324    
   10:p:time2.511169513797  -2.1723553       2.0030933      -6.0984183       1.7537076    
   11:p:time3.003942181340  -2.1024293       2.0227708      -6.0670602       1.8622016    
   12:p:time3.496714848883  -2.4381057       2.0456449      -6.4475698       1.5713583    

Program  MARK  - Survival Rate Estimation with Capture-Recapture Data
 gfortran(dble/PIM2) Vers. 11.1 Nov 2024  15-Feb-2026 11:48:01    Page  021
 - - - - - - - - - - - - - - - - - - - - - - - - - - - - - - - - - - - - - -
 
   13:p:time4.022339027595  -1.7701979       2.0472241      -5.7827573       2.2423615    
   14:p:time4.515111695137  -2.7723640       2.0693933      -6.8283749       1.2836469    
   15:p:time5.040735873850  -2.5490852       2.0701739      -6.6066262       1.5084557    
   16:p:time5.533508541392  -3.0253902       2.0830406      -7.1081498       1.0573695    
   17:p:time6.354796320630  -4.5559532       2.1738269      -8.8166540      -0.2952523    
   18:p:time13.31931668856  -1.7671327       2.0995161      -5.8821844       2.3479191    
   19:p:time14.33771353482  -2.1430028       2.0285581      -6.1189767       1.8329711    
   20:p:time15.32325886990  -2.4445829       2.0469792      -6.4566621       1.5674963    
   21:p:time16.01314060446  -2.0403231       2.0491698      -6.0566960       1.9760498    
   22:p:time16.50591327201  -2.3010366       2.0599526      -6.3385439       1.7364706    
   23:p:time17.03153745072  -1.6722396       2.0648474      -5.7193407       2.3748615    
   24:p:time17.52431011826  -3.7617933       2.1108872      -7.8991323       0.3755457    
   25:p:time26.36136662286  -1.9048028       2.1154084      -6.0510033       2.2413977    
   26:p:time27.34691195795  -2.0567310       2.0461787      -6.0672413       1.9537794    
   27:p:time28.36530880420  -1.5387786       2.0477880      -5.5524431       2.4748858    
   28:p:time29.38370565045  -2.8719609       2.0750592      -6.9390771       1.1951553    
   29:p:time30.36925098554  -3.7515481       2.1233257      -7.9132665       0.4101704    
   30:pent:(Intercept)       0.0635514       0.8094516      -1.5229738       1.6500766    
   31:pent:Seasonhibernati  -0.9481031       2.6065492      -6.0569396       4.1607335    
   32:N:(Intercept)          2.4892023       0.4814384       1.5455830       3.4328217    
   33:N:groupS1             -0.5871203       0.7770024      -2.1100449       0.9358044    
   34:N:groupR2             -0.0781745       0.6450710      -1.3425136       1.1861646    
   35:N:groupS2             -1.0962399       0.9369492      -2.9326603       0.7401806    
   36:N:groupR3              1.5434806       0.4993189       0.5648155       2.5221458    
   37:N:groupS3              0.6629529       0.5786185      -0.4711395       1.7970453    


                    Real Function Parameters of { full_pent_seasonal }
                                                               95% Confidence Interval
     Parameter                Estimate       Standard Error     Lower           Upper
 --------------------------  --------------  --------------  --------------  --------------
     1:Phi gR1 a0 t1          0.9282323       0.0391576       0.8034118       0.9761525       
     2:Phi gR1 a12.31931668   0.3781409       0.1674959       0.1308413       0.7106714       
     3:Phi gS1 a0 t1          0.8186506       0.0819968       0.6046088       0.9301995       
     4:Phi gS1 a12.31931668   0.5089249       0.3476955       0.0635007       0.9406157       
     5:Phi gR2 a0 t1          0.9557446       0.0284522       0.8524647       0.9877628       
     6:Phi gR2 a12.31931668   0.5038044       0.1841557       0.1933096       0.8113923       
     7:Phi gS2 a0 t1          0.8828703       0.0553999       0.7250932       0.9556350       
     8:Phi gS2 a12.31931668   0.6337569       0.3178733       0.1056608       0.9620423       
     9:Phi gR3 a0 t1          0.9625009       0.0232451       0.8789908       0.9890946       
    10:Phi gR3 a12.31931668   0.5468432       0.1416631       0.2824077       0.7872449       
    11:Phi gS3 a0 t1          0.8995833       0.0417067       0.7837532       0.9567908       
    12:Phi gS3 a12.31931668   0.6728435       0.2880425       0.1366185       0.9639389       
    13:p gR1 a0 t1            0.6591465       0.4534332       0.0357027       0.9901965       
    14:p gR1 a0.49277266754   0.3735604       0.1378155       0.1582562       0.6541463       
    15:p gR1 a1.01839684625   0.1655797       0.0738822       0.0650469       0.3614256       
    16:p gR1 a1.51116951379   0.1805150       0.0679946       0.0821294       0.3516114       

Program  MARK  - Survival Rate Estimation with Capture-Recapture Data
 gfortran(dble/PIM2) Vers. 11.1 Nov 2024  15-Feb-2026 11:48:01    Page  022
 - - - - - - - - - - - - - - - - - - - - - - - - - - - - - - - - - - - - - -
 
    17:p gR1 a2.00394218134   0.1910911       0.0640889       0.0948695       0.3474436       
    18:p gR1 a2.49671484888   0.1444745       0.0519377       0.0689964       0.2778772       
    19:p gR1 a3.02233902759   0.2477395       0.0646925       0.1429408       0.3940469       
    20:p gR1 a3.51511169513   0.1078521       0.0392165       0.0515777       0.2118132       
    21:p gR1 a4.04073587385   0.1312910       0.0414152       0.0690543       0.2354342       
    22:p gR1 a4.53350854139   0.0858105       0.0315461       0.0409310       0.1711190       
    23:p gR1 a5.35479632063   0.0199093       0.0142531       0.0048297       0.0783638       
    24:p gR1 a12.3193166885   0.2483112       0.0723094       0.1338956       0.4137865       
    25:p gR1 a13.3377135348   0.1848979       0.0697173       0.0839240       0.3596619       
    26:p gR1 a14.3232588699   0.1436758       0.0543548       0.0659275       0.2851247       
    27:p gR1 a15.0131406044   0.2008758       0.0594131       0.1084897       0.3417742       
    28:p gR1 a15.5059132720   0.1622552       0.0490896       0.0871148       0.2821741       
    29:p gR1 a16.0315374507   0.2664427       0.0619159       0.1633317       0.4032725       
    30:p gR1 a16.5243101182   0.0430125       0.0218861       0.0156050       0.1130293       
    31:p gR1 a25.3613666228   0.2235131       0.0814037       0.1029728       0.4192148       
    32:p gR1 a26.3469119579   0.1982548       0.1028871       0.0650138       0.4679084       
    33:p gR1 a27.3653088042   0.2933259       0.1065818       0.1315784       0.5320818       
    34:p gR1 a28.3837056504   0.0986365       0.0446022       0.0393262       0.2263227       
    35:p gR1 a29.3692509855   0.0434362       0.0261510       0.0130521       0.1348846       
    36:N gR1 a0 t1            24.051659       5.8021317       16.924935       41.491247       
    37:N gS1 a0 t1            11.699829       4.6009027       6.9814342       27.654152       
    38:N gR2 a0 t1            25.145411       5.4428883       18.502169       41.591183       
    39:N gS2 a0 t1            8.0267615       3.3469623       4.9728619       20.667122       
    40:N gR3 a0 t1            130.41206       13.375723       109.66937       163.21718       
    41:N gS3 a0 t1            46.386413       8.3556166       34.855603       69.132140       
    42:pent gR1 a0.49277266   0.0460546       0.0051562       0.0369403       0.0572838       
    43:pent gR1 a1.01839684   0.0460546       0.0051562       0.0369403       0.0572838       
    44:pent gR1 a1.51116951   0.0460546       0.0051562       0.0369403       0.0572838       
    45:pent gR1 a2.00394218   0.0460546       0.0051562       0.0369403       0.0572838       
    46:pent gR1 a2.49671484   0.0460546       0.0051562       0.0369403       0.0572838       
    47:pent gR1 a3.02233902   0.0460546       0.0051562       0.0369403       0.0572838       
    48:pent gR1 a3.51511169   0.0460546       0.0051562       0.0369403       0.0572838       
    49:pent gR1 a4.04073587   0.0460546       0.0051562       0.0369403       0.0572838       
    50:pent gR1 a4.53350854   0.0460546       0.0051562       0.0369403       0.0572838       
    51:pent gR1 a5.35479632   0.0460546       0.0051562       0.0369403       0.0572838       
    52:pent gR1 a12.3193166   0.0460546       0.0051562       0.0369403       0.0572838       
    53:pent gR1 a13.3377135   0.0178450       0.0446026       0.1238952E-03   0.7270883       
    54:pent gR1 a14.3232588   0.0460546       0.0051562       0.0369403       0.0572838       
    55:pent gR1 a15.0131406   0.0460546       0.0051562       0.0369403       0.0572838       
    56:pent gR1 a15.5059132   0.0460546       0.0051562       0.0369403       0.0572838       
    57:pent gR1 a16.0315374   0.0460546       0.0051562       0.0369403       0.0572838       
    58:pent gR1 a16.5243101   0.0460546       0.0051562       0.0369403       0.0572838       
    59:pent gR1 a25.3613666   0.0460546       0.0051562       0.0369403       0.0572838       
    60:pent gR1 a26.3469119   0.0178450       0.0446026       0.1238952E-03   0.7270883       
    61:pent gR1 a27.3653088   0.0460546       0.0051562       0.0369403       0.0572838       
    62:pent gR1 a28.3837056   0.0460546       0.0051562       0.0369403       0.0572838       

Program  MARK  - Survival Rate Estimation with Capture-Recapture Data
 gfortran(dble/PIM2) Vers. 11.1 Nov 2024  15-Feb-2026 11:48:01    Page  023
 - - - - - - - - - - - - - - - - - - - - - - - - - - - - - - - - - - - - - -
 
    63:pent gR1 a29.3692509   0.0460546       0.0051562       0.0369403       0.0572838       
    64:pent gS1 a0.49277266   0.0460546       0.0051562       0.0369403       0.0572838       
    65:pent gS1 a1.01839684   0.0460546       0.0051562       0.0369403       0.0572838       
    66:pent gS1 a1.51116951   0.0460546       0.0051562       0.0369403       0.0572838       
    67:pent gS1 a2.00394218   0.0460546       0.0051562       0.0369403       0.0572838       
    68:pent gS1 a2.49671484   0.0460546       0.0051562       0.0369403       0.0572838       
    69:pent gS1 a3.02233902   0.0460546       0.0051562       0.0369403       0.0572838       
    70:pent gS1 a3.51511169   0.0460546       0.0051562       0.0369403       0.0572838       
    71:pent gS1 a4.04073587   0.0460546       0.0051562       0.0369403       0.0572838       
    72:pent gS1 a4.53350854   0.0460546       0.0051562       0.0369403       0.0572838       
    73:pent gS1 a5.35479632   0.0460546       0.0051562       0.0369403       0.0572838       
    74:pent gS1 a12.3193166   0.0460546       0.0051562       0.0369403       0.0572838       
    75:pent gS1 a13.3377135   0.0178450       0.0446026       0.1238952E-03   0.7270883       
    76:pent gS1 a14.3232588   0.0460546       0.0051562       0.0369403       0.0572838       
    77:pent gS1 a15.0131406   0.0460546       0.0051562       0.0369403       0.0572838       
    78:pent gS1 a15.5059132   0.0460546       0.0051562       0.0369403       0.0572838       
    79:pent gS1 a16.0315374   0.0460546       0.0051562       0.0369403       0.0572838       
    80:pent gS1 a16.5243101   0.0460546       0.0051562       0.0369403       0.0572838       
    81:pent gS1 a25.3613666   0.0460546       0.0051562       0.0369403       0.0572838       
    82:pent gS1 a26.3469119   0.0178450       0.0446026       0.1238952E-03   0.7270883       
    83:pent gS1 a27.3653088   0.0460546       0.0051562       0.0369403       0.0572838       
    84:pent gS1 a28.3837056   0.0460546       0.0051562       0.0369403       0.0572838       
    85:pent gS1 a29.3692509   0.0460546       0.0051562       0.0369403       0.0572838       
    86:pent gR2 a0.49277266   0.0460546       0.0051562       0.0369403       0.0572838       
    87:pent gR2 a1.01839684   0.0460546       0.0051562       0.0369403       0.0572838       
    88:pent gR2 a1.51116951   0.0460546       0.0051562       0.0369403       0.0572838       
    89:pent gR2 a2.00394218   0.0460546       0.0051562       0.0369403       0.0572838       
    90:pent gR2 a2.49671484   0.0460546       0.0051562       0.0369403       0.0572838       
    91:pent gR2 a3.02233902   0.0460546       0.0051562       0.0369403       0.0572838       
    92:pent gR2 a3.51511169   0.0460546       0.0051562       0.0369403       0.0572838       
    93:pent gR2 a4.04073587   0.0460546       0.0051562       0.0369403       0.0572838       
    94:pent gR2 a4.53350854   0.0460546       0.0051562       0.0369403       0.0572838       
    95:pent gR2 a5.35479632   0.0460546       0.0051562       0.0369403       0.0572838       
    96:pent gR2 a12.3193166   0.0460546       0.0051562       0.0369403       0.0572838       
    97:pent gR2 a13.3377135   0.0178450       0.0446026       0.1238952E-03   0.7270883       
    98:pent gR2 a14.3232588   0.0460546       0.0051562       0.0369403       0.0572838       
    99:pent gR2 a15.0131406   0.0460546       0.0051562       0.0369403       0.0572838       
   100:pent gR2 a15.5059132   0.0460546       0.0051562       0.0369403       0.0572838       
   101:pent gR2 a16.0315374   0.0460546       0.0051562       0.0369403       0.0572838       
   102:pent gR2 a16.5243101   0.0460546       0.0051562       0.0369403       0.0572838       
   103:pent gR2 a25.3613666   0.0460546       0.0051562       0.0369403       0.0572838       
   104:pent gR2 a26.3469119   0.0178450       0.0446026       0.1238952E-03   0.7270883       
   105:pent gR2 a27.3653088   0.0460546       0.0051562       0.0369403       0.0572838       
   106:pent gR2 a28.3837056   0.0460546       0.0051562       0.0369403       0.0572838       
   107:pent gR2 a29.3692509   0.0460546       0.0051562       0.0369403       0.0572838       
   108:pent gS2 a0.49277266   0.0460546       0.0051562       0.0369403       0.0572838       

Program  MARK  - Survival Rate Estimation with Capture-Recapture Data
 gfortran(dble/PIM2) Vers. 11.1 Nov 2024  15-Feb-2026 11:48:01    Page  024
 - - - - - - - - - - - - - - - - - - - - - - - - - - - - - - - - - - - - - -
 
   109:pent gS2 a1.01839684   0.0460546       0.0051562       0.0369403       0.0572838       
   110:pent gS2 a1.51116951   0.0460546       0.0051562       0.0369403       0.0572838       
   111:pent gS2 a2.00394218   0.0460546       0.0051562       0.0369403       0.0572838       
   112:pent gS2 a2.49671484   0.0460546       0.0051562       0.0369403       0.0572838       
   113:pent gS2 a3.02233902   0.0460546       0.0051562       0.0369403       0.0572838       
   114:pent gS2 a3.51511169   0.0460546       0.0051562       0.0369403       0.0572838       
   115:pent gS2 a4.04073587   0.0460546       0.0051562       0.0369403       0.0572838       
   116:pent gS2 a4.53350854   0.0460546       0.0051562       0.0369403       0.0572838       
   117:pent gS2 a5.35479632   0.0460546       0.0051562       0.0369403       0.0572838       
   118:pent gS2 a12.3193166   0.0460546       0.0051562       0.0369403       0.0572838       
   119:pent gS2 a13.3377135   0.0178450       0.0446026       0.1238952E-03   0.7270883       
   120:pent gS2 a14.3232588   0.0460546       0.0051562       0.0369403       0.0572838       
   121:pent gS2 a15.0131406   0.0460546       0.0051562       0.0369403       0.0572838       
   122:pent gS2 a15.5059132   0.0460546       0.0051562       0.0369403       0.0572838       
   123:pent gS2 a16.0315374   0.0460546       0.0051562       0.0369403       0.0572838       
   124:pent gS2 a16.5243101   0.0460546       0.0051562       0.0369403       0.0572838       
   125:pent gS2 a25.3613666   0.0460546       0.0051562       0.0369403       0.0572838       
   126:pent gS2 a26.3469119   0.0178450       0.0446026       0.1238952E-03   0.7270883       
   127:pent gS2 a27.3653088   0.0460546       0.0051562       0.0369403       0.0572838       
   128:pent gS2 a28.3837056   0.0460546       0.0051562       0.0369403       0.0572838       
   129:pent gS2 a29.3692509   0.0460546       0.0051562       0.0369403       0.0572838       
   130:pent gR3 a0.49277266   0.0460546       0.0051562       0.0369403       0.0572838       
   131:pent gR3 a1.01839684   0.0460546       0.0051562       0.0369403       0.0572838       
   132:pent gR3 a1.51116951   0.0460546       0.0051562       0.0369403       0.0572838       
   133:pent gR3 a2.00394218   0.0460546       0.0051562       0.0369403       0.0572838       
   134:pent gR3 a2.49671484   0.0460546       0.0051562       0.0369403       0.0572838       
   135:pent gR3 a3.02233902   0.0460546       0.0051562       0.0369403       0.0572838       
   136:pent gR3 a3.51511169   0.0460546       0.0051562       0.0369403       0.0572838       
   137:pent gR3 a4.04073587   0.0460546       0.0051562       0.0369403       0.0572838       
   138:pent gR3 a4.53350854   0.0460546       0.0051562       0.0369403       0.0572838       
   139:pent gR3 a5.35479632   0.0460546       0.0051562       0.0369403       0.0572838       
   140:pent gR3 a12.3193166   0.0460546       0.0051562       0.0369403       0.0572838       
   141:pent gR3 a13.3377135   0.0178450       0.0446026       0.1238952E-03   0.7270883       
   142:pent gR3 a14.3232588   0.0460546       0.0051562       0.0369403       0.0572838       
   143:pent gR3 a15.0131406   0.0460546       0.0051562       0.0369403       0.0572838       
   144:pent gR3 a15.5059132   0.0460546       0.0051562       0.0369403       0.0572838       
   145:pent gR3 a16.0315374   0.0460546       0.0051562       0.0369403       0.0572838       
   146:pent gR3 a16.5243101   0.0460546       0.0051562       0.0369403       0.0572838       
   147:pent gR3 a25.3613666   0.0460546       0.0051562       0.0369403       0.0572838       
   148:pent gR3 a26.3469119   0.0178450       0.0446026       0.1238952E-03   0.7270883       
   149:pent gR3 a27.3653088   0.0460546       0.0051562       0.0369403       0.0572838       
   150:pent gR3 a28.3837056   0.0460546       0.0051562       0.0369403       0.0572838       
   151:pent gR3 a29.3692509   0.0460546       0.0051562       0.0369403       0.0572838       
   152:pent gS3 a0.49277266   0.0460546       0.0051562       0.0369403       0.0572838       
   153:pent gS3 a1.01839684   0.0460546       0.0051562       0.0369403       0.0572838       
   154:pent gS3 a1.51116951   0.0460546       0.0051562       0.0369403       0.0572838       

Program  MARK  - Survival Rate Estimation with Capture-Recapture Data
 gfortran(dble/PIM2) Vers. 11.1 Nov 2024  15-Feb-2026 11:48:01    Page  025
 - - - - - - - - - - - - - - - - - - - - - - - - - - - - - - - - - - - - - -
 
   155:pent gS3 a2.00394218   0.0460546       0.0051562       0.0369403       0.0572838       
   156:pent gS3 a2.49671484   0.0460546       0.0051562       0.0369403       0.0572838       
   157:pent gS3 a3.02233902   0.0460546       0.0051562       0.0369403       0.0572838       
   158:pent gS3 a3.51511169   0.0460546       0.0051562       0.0369403       0.0572838       
   159:pent gS3 a4.04073587   0.0460546       0.0051562       0.0369403       0.0572838       
   160:pent gS3 a4.53350854   0.0460546       0.0051562       0.0369403       0.0572838       
   161:pent gS3 a5.35479632   0.0460546       0.0051562       0.0369403       0.0572838       
   162:pent gS3 a12.3193166   0.0460546       0.0051562       0.0369403       0.0572838       
   163:pent gS3 a13.3377135   0.0178450       0.0446026       0.1238952E-03   0.7270883       
   164:pent gS3 a14.3232588   0.0460546       0.0051562       0.0369403       0.0572838       
   165:pent gS3 a15.0131406   0.0460546       0.0051562       0.0369403       0.0572838       
   166:pent gS3 a15.5059132   0.0460546       0.0051562       0.0369403       0.0572838       
   167:pent gS3 a16.0315374   0.0460546       0.0051562       0.0369403       0.0572838       
   168:pent gS3 a16.5243101   0.0460546       0.0051562       0.0369403       0.0572838       
   169:pent gS3 a25.3613666   0.0460546       0.0051562       0.0369403       0.0572838       
   170:pent gS3 a26.3469119   0.0178450       0.0446026       0.1238952E-03   0.7270883       
   171:pent gS3 a27.3653088   0.0460546       0.0051562       0.0369403       0.0572838       
   172:pent gS3 a28.3837056   0.0460546       0.0051562       0.0369403       0.0572838       
   173:pent gS3 a29.3692509   0.0460546       0.0051562       0.0369403       0.0572838       


                     Estimates of Derived Parameters

       Gross Birth+Immigration Estimates of { full_pent_seasonal }
                                                95% Confidence Interval
 Grp. Occ.     B*-hat        Standard Error      Lower           Upper
 ---- ----   --------------  --------------  --------------  --------------
   1     1    1.1281381       0.3244581       0.6492255       1.9603289    
   1     2    1.1295102       0.3250115       0.6498464       1.9632228    
   1     3    1.1281381       0.3244581       0.6492255       1.9603289    
   1     4    1.1281381       0.3244581       0.6492255       1.9603289    
   1     5    1.1281381       0.3244581       0.6492255       1.9603289    
   1     6    1.1295102       0.3250115       0.6498464       1.9632228    
   1     7    1.1281381       0.3244581       0.6492255       1.9603289    
   1     8    1.1295102       0.3250115       0.6498464       1.9632228    
   1     9    1.1281381       0.3244581       0.6492255       1.9603289    
   1    10    1.1419092       0.3300969       0.6553699       1.9896497    
   1    11    1.4196729       0.4764652       0.7483318       2.6932854    
   1    12    0.6762599       1.6396258       0.0444690       10.284180    
   1    13    1.1488361       0.3330036       0.6583885       2.0046289    
   1    14    1.1363875       0.3278135       0.6529294       1.9778195    
   1    15    1.1281381       0.3244581       0.6492255       1.9603289    

Program  MARK  - Survival Rate Estimation with Capture-Recapture Data
 gfortran(dble/PIM2) Vers. 11.1 Nov 2024  15-Feb-2026 11:48:01    Page  026
 - - - - - - - - - - - - - - - - - - - - - - - - - - - - - - - - - - - - - -
 
   1    16    1.1295102       0.3250115       0.6498464       1.9632228    
   1    17    1.1281381       0.3244581       0.6492255       1.9603289    
   1    18    1.5118819       0.5351407       0.7710274       2.9645989    
   1    19    0.6672452       1.6184334       0.0438545       10.152115    
   1    20    1.1502249       0.3335919       0.6589879       2.0076502    
   1    21    1.1502249       0.3335919       0.6589879       2.0076502    
   1    22    1.1488361       0.3330036       0.6583885       2.0046289    
   2     1    0.5658321       0.2402080       0.2547940       1.2565680    
   2     2    0.5676632       0.2412736       0.2553939       1.2617434    
   2     3    0.5658321       0.2402080       0.2547940       1.2565680    
   2     4    0.5658321       0.2402080       0.2547940       1.2565680    
   2     5    0.5658321       0.2402080       0.2547940       1.2565680    
   2     6    0.5676632       0.2412736       0.2553939       1.2617434    
   2     7    0.5658321       0.2402080       0.2547940       1.2565680    
   2     8    0.5676632       0.2412736       0.2553939       1.2617434    
   2     9    0.5658321       0.2402080       0.2547940       1.2565680    
   2    10    0.5843178       0.2511280       0.2607361       1.3094744    
   2    11    0.9987900       0.5535099       0.3622058       2.7541843    
   2    12    0.2887611       0.7433074       0.0176713       4.7185474    
   2    13    0.5937058       0.2568075       0.2636617       1.3368896    
   2    14    0.5768770       0.2466896       0.2583742       1.2880043    
   2    15    0.5658321       0.2402080       0.2547940       1.2565680    
   2    16    0.5676632       0.2412736       0.2553939       1.2617434    
   2    17    0.5658321       0.2402080       0.2547940       1.2565680    
   2    18    1.1488209       0.6758958       0.3946106       3.3445366    
   2    19    0.2859300       0.7353374       0.0175175       4.6671092    
   2    20    0.5955950       0.2579609       0.2642434       1.3424497    
   2    21    0.5955950       0.2579609       0.2642434       1.3424497    
   2    22    0.5937058       0.2568075       0.2636617       1.3368896    
   3     1    1.1710242       0.3134577       0.6992683       1.9610464    
   3     2    1.1718918       0.3138280       0.6996331       1.9629296    
   3     3    1.1710242       0.3134577       0.6992683       1.9610464    
   3     4    1.1710242       0.3134577       0.6992683       1.9610464    
   3     5    1.1710242       0.3134577       0.6992683       1.9610464    
   3     6    1.1718918       0.3138280       0.6996331       1.9629296    
   3     7    1.1710242       0.3134577       0.6992683       1.9610464    
   3     8    1.1718918       0.3138280       0.6996331       1.9629296    
   3     9    1.1710242       0.3134577       0.6992683       1.9610464    
   3    10    1.1797198       0.3172151       0.7028740       1.9800685    
   3    11    1.3501727       0.4088384       0.7555597       2.4127364    
   3    12    0.6234447       1.5044118       0.0412316       9.4268246    
   3    13    1.1840836       0.3191394       0.7046424       1.9897383    
   3    14    1.1762364       0.3156976       0.7014429       1.9724089    
   3    15    1.1710242       0.3134577       0.6992683       1.9610464    
   3    16    1.1718918       0.3138280       0.6996331       1.9629296    
   3    17    1.1710242       0.3134577       0.6992683       1.9610464    

Program  MARK  - Survival Rate Estimation with Capture-Recapture Data
 gfortran(dble/PIM2) Vers. 11.1 Nov 2024  15-Feb-2026 11:48:01    Page  027
 - - - - - - - - - - - - - - - - - - - - - - - - - - - - - - - - - - - - - -
 
   3    18    1.4050765       0.4441937       0.7673312       2.5728655    
   3    19    0.6172526       1.4902612       0.0407959       9.3391828    
   3    20    1.1849576       0.3195279       0.7049933       1.9916849    
   3    21    1.1849576       0.3195279       0.7049933       1.9916849    
   3    22    1.1840836       0.3191394       0.7046424       1.9897383    
   4     1    0.3811317       0.1696088       0.1656717       0.8768028    
   4     2    0.3819041       0.1700615       0.1659263       0.8790092    
   4     3    0.3811317       0.1696088       0.1656717       0.8768028    
   4     4    0.3811317       0.1696088       0.1656717       0.8768028    
   4     5    0.3811317       0.1696088       0.1656717       0.8768028    
   4     6    0.3819041       0.1700615       0.1659263       0.8790092    
   4     7    0.3811317       0.1696088       0.1656717       0.8768028    
   4     8    0.3819041       0.1700615       0.1659263       0.8790092    
   4     9    0.3811317       0.1696088       0.1656717       0.8768028    
   4    10    0.3889025       0.1742056       0.1682045       0.8991742    
   4    11    0.5529385       0.2877156       0.2118393       1.4432682    
   4    12    0.1790691       0.4557758       0.0111073       2.8868967    
   4    13    0.3928265       0.1765622       0.1694596       0.9106165    
   4    14    0.3857818       0.1723483       0.1671950       0.8901437    
   4    15    0.3811317       0.1696088       0.1656717       0.8768028    
   4    16    0.3819041       0.1700615       0.1659263       0.8790092    
   4    17    0.3811317       0.1696088       0.1656717       0.8768028    
   4    18    0.6097546       0.3318548       0.2246920       1.6547128    
   4    19    0.1778337       0.4523703       0.0110383       2.8650011    
   4    20    0.3936144       0.1770381       0.1697097       0.9129255    
   4    21    0.3936144       0.1770381       0.1697097       0.9129255    
   4    22    0.3928265       0.1765622       0.1694596       0.9106165    
   5     1    6.0628064       1.0177479       4.3729408       8.4056984    
   5     2    6.0666014       1.0184579       4.3755772       8.4111539    
   5     3    6.0628064       1.0177479       4.3729408       8.4056984    
   5     4    6.0628064       1.0177479       4.3729408       8.4056984    
   5     5    6.0628064       1.0177479       4.3729408       8.4056984    
   5     6    6.0666014       1.0184579       4.3755772       8.4111539    
   5     7    6.0628064       1.0177479       4.3729408       8.4056984    
   5     8    6.0666014       1.0184579       4.3755772       8.4111539    
   5     9    6.0628064       1.0177479       4.3729408       8.4056984    
   5    10    6.1008279       1.0251146       4.3990025       8.4610321    
   5    11    6.8408564       1.2697740       4.7692142       9.8123746    
   5    12    3.1152882       7.6571519       0.2015056       48.162528    
   5    13    6.1198978       1.0290208       4.4117814       8.4893485    
   5    14    6.0856004       1.0220966       4.3886584       8.4386909    
   5    15    6.0628064       1.0177479       4.3729408       8.4056984    
   5    16    6.0666014       1.0184579       4.3755772       8.4111539    
   5    17    6.0628064       1.0177479       4.3729408       8.4056984    
   5    18    7.0773470       1.3813706       4.8448321       10.338612    
   5    19    3.0876198       7.5913021       0.1996477       47.751104    

Program  MARK  - Survival Rate Estimation with Capture-Recapture Data
 gfortran(dble/PIM2) Vers. 11.1 Nov 2024  15-Feb-2026 11:48:01    Page  028
 - - - - - - - - - - - - - - - - - - - - - - - - - - - - - - - - - - - - - -
 
   5    20    6.1237166       1.0298200       4.4143170       8.4950638    
   5    21    6.1237166       1.0298200       4.4143170       8.4950638    
   5    22    6.1198978       1.0290208       4.4117814       8.4893485    
   6     1    2.1924909       0.4671662       1.4506871       3.3136135    
   6     2    2.1962710       0.4682811       1.4528001       3.3202135    
   6     3    2.1924909       0.4671662       1.4506871       3.3136135    
   6     4    2.1924909       0.4671662       1.4506871       3.3136135    
   6     5    2.1924909       0.4671662       1.4506871       3.3136135    
   6     6    2.1962710       0.4682811       1.4528001       3.3202135    
   6     7    2.1924909       0.4671662       1.4506871       3.3136135    
   6     8    2.1962710       0.4682811       1.4528001       3.3202135    
   6     9    2.1924909       0.4671662       1.4506871       3.3136135    
   6    10    2.2304854       0.4786380       1.4715985       3.3807217    
   6    11    3.0193831       0.8147059       1.7958150       5.0766221    
   6    12    1.0059832       2.5801304       0.0618313       16.367162    
   6    13    2.2496439       0.4846419       1.4818744       3.4152001    
   6    14    2.2152360       0.4739634       1.4632919       3.3535827    
   6    15    2.1924909       0.4671662       1.4506871       3.3136135    
   6    16    2.1962710       0.4682811       1.4528001       3.3202135    
   6    17    2.1924909       0.4671662       1.4506871       3.3136135    
   6    18    3.2886780       0.9563210       1.8814822       5.7483416    
   6    19    0.9998863       2.5627982       0.0615051       16.255112    
   6    20    2.2534885       0.4858641       1.4839154       3.4221697    
   6    21    2.2534885       0.4858641       1.4839154       3.4221697    
   6    22    2.2496439       0.4846419       1.4818744       3.4152001    

        Net Birth+Immigration Estimates of { full_pent_seasonal }
                                                95% Confidence Interval
 Grp. Occ.     B-hat         Standard Error      Lower           Upper
 ---- ----   --------------  --------------  --------------  --------------
   1     1    1.1076886       0.3164373       0.6397359       1.9179382    
   1     2    1.1076886       0.3164373       0.6397359       1.9179382    
   1     3    1.1076886       0.3164373       0.6397359       1.9179382    
   1     4    1.1076886       0.3164373       0.6397359       1.9179382    
   1     5    1.1076886       0.3164373       0.6397359       1.9179382    
   1     6    1.1076886       0.3164373       0.6397359       1.9179382    
   1     7    1.1076886       0.3164373       0.6397359       1.9179382    
   1     8    1.1076886       0.3164373       0.6397359       1.9179382    
   1     9    1.1076886       0.3164373       0.6397359       1.9179382    
   1    10    1.1076886       0.3164373       0.6397359       1.9179382    
   1    11    1.1076886       0.3164373       0.6397359       1.9179382    
   1    12    0.4292020       1.0597153       0.0276118       6.6715892    
   1    13    1.1076886       0.3164373       0.6397359       1.9179382    
   1    14    1.1076886       0.3164373       0.6397359       1.9179382    
   1    15    1.1076886       0.3164373       0.6397359       1.9179382    
   1    16    1.1076886       0.3164373       0.6397359       1.9179382    
   1    17    1.1076886       0.3164373       0.6397359       1.9179382    
   1    18    1.1076886       0.3164373       0.6397359       1.9179382    
   1    19    0.4292020       1.0597153       0.0276118       6.6715892    
   1    20    1.1076886       0.3164373       0.6397359       1.9179382    
   1    21    1.1076886       0.3164373       0.6397359       1.9179382    
   1    22    1.1076886       0.3164373       0.6397359       1.9179382    
   2     1    0.5388305       0.2249310       0.2456338       1.1819966    
   2     2    0.5388305       0.2249310       0.2456338       1.1819966    
   2     3    0.5388305       0.2249310       0.2456338       1.1819966    
   2     4    0.5388305       0.2249310       0.2456338       1.1819966    
   2     5    0.5388305       0.2249310       0.2456338       1.1819966    
   2     6    0.5388305       0.2249310       0.2456338       1.1819966    
   2     7    0.5388305       0.2249310       0.2456338       1.1819966    
   2     8    0.5388305       0.2249310       0.2456338       1.1819966    
   2     9    0.5388305       0.2249310       0.2456338       1.1819966    
   2    10    0.5388305       0.2249310       0.2456338       1.1819966    
   2    11    0.5388305       0.2249310       0.2456338       1.1819966    
   2    12    0.2087835       0.5234063       0.0131881       3.3053037    
   2    13    0.5388305       0.2249310       0.2456338       1.1819966    
   2    14    0.5388305       0.2249310       0.2456338       1.1819966    
   2    15    0.5388305       0.2249310       0.2456338       1.1819966    
   2    16    0.5388305       0.2249310       0.2456338       1.1819966    
   2    17    0.5388305       0.2249310       0.2456338       1.1819966    
   2    18    0.5388305       0.2249310       0.2456338       1.1819966    
   2    19    0.2087835       0.5234063       0.0131881       3.3053037    
   2    20    0.5388305       0.2249310       0.2456338       1.1819966    
   2    21    0.5388305       0.2249310       0.2456338       1.1819966    
   2    22    0.5388305       0.2249310       0.2456338       1.1819966    
   3     1    1.1580608       0.3080504       0.6936843       1.9333072    
   3     2    1.1580608       0.3080504       0.6936843       1.9333072    
   3     3    1.1580608       0.3080504       0.6936843       1.9333072    
   3     4    1.1580608       0.3080504       0.6936843       1.9333072    
   3     5    1.1580608       0.3080504       0.6936843       1.9333072    
   3     6    1.1580608       0.3080504       0.6936843       1.9333072    
   3     7    1.1580608       0.3080504       0.6936843       1.9333072    
   3     8    1.1580608       0.3080504       0.6936843       1.9333072    
   3     9    1.1580608       0.3080504       0.6936843       1.9333072    
   3    10    1.1580608       0.3080504       0.6936843       1.9333072    
   3    11    1.1580608       0.3080504       0.6936843       1.9333072    
   3    12    0.4487200       1.1053776       0.0289469       6.9558346    
   3    13    1.1580608       0.3080504       0.6936843       1.9333072    
   3    14    1.1580608       0.3080504       0.6936843       1.9333072    
   3    15    1.1580608       0.3080504       0.6936843       1.9333072    
   3    16    1.1580608       0.3080504       0.6936843       1.9333072    
   3    17    1.1580608       0.3080504       0.6936843       1.9333072    
   3    18    1.1580608       0.3080504       0.6936843       1.9333072    
   3    19    0.4487200       1.1053776       0.0289469       6.9558346    
   3    20    1.1580608       0.3080504       0.6936843       1.9333072    
   3    21    1.1580608       0.3080504       0.6936843       1.9333072    
   3    22    1.1580608       0.3080504       0.6936843       1.9333072    
   4     1    0.3696690       0.1630043       0.1618135       0.8445226    
   4     2    0.3696690       0.1630043       0.1618135       0.8445226    
   4     3    0.3696690       0.1630043       0.1618135       0.8445226    
   4     4    0.3696690       0.1630043       0.1618135       0.8445226    
   4     5    0.3696690       0.1630043       0.1618135       0.8445226    
   4     6    0.3696690       0.1630043       0.1618135       0.8445226    
   4     7    0.3696690       0.1630043       0.1618135       0.8445226    
   4     8    0.3696690       0.1630043       0.1618135       0.8445226    
   4     9    0.3696690       0.1630043       0.1618135       0.8445226    
   4    10    0.3696690       0.1630043       0.1618135       0.8445226    
   4    11    0.3696690       0.1630043       0.1618135       0.8445226    
   4    12    0.1432376       0.3589659       0.0090514       2.2667117    
   4    13    0.3696690       0.1630043       0.1618135       0.8445226    
   4    14    0.3696690       0.1630043       0.1618135       0.8445226    
   4    15    0.3696690       0.1630043       0.1618135       0.8445226    
   4    16    0.3696690       0.1630043       0.1618135       0.8445226    
   4    17    0.3696690       0.1630043       0.1618135       0.8445226    
   4    18    0.3696690       0.1630043       0.1618135       0.8445226    
   4    19    0.1432376       0.3589659       0.0090514       2.2667117    
   4    20    0.3696690       0.1630043       0.1618135       0.8445226    
   4    21    0.3696690       0.1630043       0.1618135       0.8445226    
   4    22    0.3696690       0.1630043       0.1618135       0.8445226    
   5     1    6.0060700       1.0078090       4.3325926       8.3259333    
   5     2    6.0060700       1.0078090       4.3325926       8.3259333    
   5     3    6.0060700       1.0078090       4.3325926       8.3259333    
   5     4    6.0060700       1.0078090       4.3325926       8.3259333    
   5     5    6.0060700       1.0078090       4.3325926       8.3259333    
   5     6    6.0060700       1.0078090       4.3325926       8.3259333    
   5     7    6.0060700       1.0078090       4.3325926       8.3259333    
   5     8    6.0060700       1.0078090       4.3325926       8.3259333    
   5     9    6.0060700       1.0078090       4.3325926       8.3259333    
   5    10    6.0060700       1.0078090       4.3325926       8.3259333    
   5    11    6.0060700       1.0078090       4.3325926       8.3259333    
   5    12    2.3272041       5.7827464       0.1485710       36.453137    
   5    13    6.0060700       1.0078090       4.3325926       8.3259333    
   5    14    6.0060700       1.0078090       4.3325926       8.3259333    
   5    15    6.0060700       1.0078090       4.3325926       8.3259333    
   5    16    6.0060700       1.0078090       4.3325926       8.3259333    
   5    17    6.0060700       1.0078090       4.3325926       8.3259333    
   5    18    6.0060700       1.0078090       4.3325926       8.3259333    
   5    19    2.3272041       5.7827464       0.1485710       36.453137    
   5    20    6.0060700       1.0078090       4.3325926       8.3259333    
   5    21    6.0060700       1.0078090       4.3325926       8.3259333    
   5    22    6.0060700       1.0078090       4.3325926       8.3259333    
   6     1    2.1363058       0.4513032       1.4184028       3.2175647    
   6     2    2.1363058       0.4513032       1.4184028       3.2175647    
   6     3    2.1363058       0.4513032       1.4184028       3.2175647    
   6     4    2.1363058       0.4513032       1.4184028       3.2175647    
   6     5    2.1363058       0.4513032       1.4184028       3.2175647    
   6     6    2.1363058       0.4513032       1.4184028       3.2175647    
   6     7    2.1363058       0.4513032       1.4184028       3.2175647    
   6     8    2.1363058       0.4513032       1.4184028       3.2175647    
   6     9    2.1363058       0.4513032       1.4184028       3.2175647    
   6    10    2.1363058       0.4513032       1.4184028       3.2175647    
   6    11    2.1363058       0.4513032       1.4184028       3.2175647    
   6    12    0.8277658       2.0824040       0.0520685       13.159512    
   6    13    2.1363058       0.4513032       1.4184028       3.2175647    
   6    14    2.1363058       0.4513032       1.4184028       3.2175647    
   6    15    2.1363058       0.4513032       1.4184028       3.2175647    
   6    16    2.1363058       0.4513032       1.4184028       3.2175647    
   6    17    2.1363058       0.4513032       1.4184028       3.2175647    
   6    18    2.1363058       0.4513032       1.4184028       3.2175647    
   6    19    0.8277658       2.0824040       0.0520685       13.159512    
   6    20    2.1363058       0.4513032       1.4184028       3.2175647    
   6    21    2.1363058       0.4513032       1.4184028       3.2175647    
   6    22    2.1363058       0.4513032       1.4184028       3.2175647    

              Population Estimates of { full_pent_seasonal }
                                                95% Confidence Interval
 Grp. Occ.     N-hat         Standard Error      Lower           Upper
 ---- ----   --------------  --------------  --------------  --------------
   1     1    1.0394836       0.7700603       0.2843171       3.8004266    
   1     2    2.1097163       0.7875036       1.0394171       4.2821145    
   1     3    3.1364157       0.9101887       1.7963312       5.4762194    
   1     4    4.1310894       1.0972973       2.4763232       6.8916285    
   1     5    5.0899218       1.3140869       3.0937426       8.3740982    
   1     6    6.0142045       1.5438735       3.6655880       9.8676271    
   1     7    6.8910159       1.7754993       4.1925491       11.326307    
   1     8    7.7503995       2.0121283       4.6981626       12.785571    
   1     9    8.5605606       2.2447994       5.1640644       14.190992    
   1    10    9.3597853       2.4802073       5.6172196       15.595898    
   1    11    9.9121486       2.6806856       5.8885885       16.684931    
   1    12    7.0085063       2.7640034       3.3264469       14.766254    
   1    13    3.0324122       1.6196560       1.1359262       8.0951772    
   1    14    3.9255034       1.5227915       1.8844791       8.1771016    
   1    15    4.8366020       1.5272212       2.6431258       8.8503991    
   1    16    5.7700126       1.6072859       3.3765945       9.8599476    
   1    17    6.6561981       1.7356270       4.0263204       11.003837    
   1    18    7.5240430       1.9009718       4.6206914       12.251678    
   1    19    5.0038027       2.0874333       2.2821425       10.971287    
   1    20    2.3481300       1.6359495       0.6843520       8.0568399    
   1    21    3.2843146       1.4893373       1.4071569       7.6656145    

Program  MARK  - Survival Rate Estimation with Capture-Recapture Data
 gfortran(dble/PIM2) Vers. 11.1 Nov 2024  15-Feb-2026 11:48:01    Page  029
 - - - - - - - - - - - - - - - - - - - - - - - - - - - - - - - - - - - - - -
 
   1    22    4.1521216       1.4332814       2.1511270       8.0144564    
   1    23    4.9659733       1.4635462       2.8206108       8.7431029    
   2     1    0.5056525       0.4077028       0.1263124       2.0242219    
   2     2    0.9970035       0.4743871       0.4112976       2.4167802    
   2     3    1.4362989       0.5913066       0.6613521       3.1192987    
   2     4    1.8402646       0.7253188       0.8738137       3.8756246    
   2     5    2.2062990       0.8582303       1.0571621       4.6045494    
   2     6    2.5379636       0.9855574       1.2175088       5.2905240    
   2     7    2.8234186       1.1007808       1.3507506       5.9016763    
   2     8    3.0971373       1.2156424       1.4748491       6.5038923    
   2     9    3.3267676       1.3182637       1.5737685       7.0324084    
   2    10    3.5532231       1.4218464       1.6694326       7.5626860    
   2    11    3.5535813       1.4611272       1.6377438       7.7105707    
   2    12    1.4207715       0.8675559       0.4713502       4.2825729    
   2    13    0.9229202       0.6764521       0.2552718       3.3367633    
   2    14    1.2965681       0.6396948       0.5193750       3.2367535    
   2    15    1.6682197       0.6984161       0.7588764       3.6672071    
   2    16    2.0504086       0.8063987       0.9750566       4.3117245    
   2    17    2.3845383       0.9217366       1.1475060       4.9551137    
   2    18    2.6994667       1.0422627       1.3000862       5.6051055    
   2    19    0.9994319       0.5449450       0.3676852       2.7166285    
   2    20    0.7224097       0.5939265       0.1766490       2.9543087    
   2    21    1.1280586       0.5521308       0.4548409       2.7977172    
   2    22    1.4589231       0.5922444       0.6785389       3.1368233    
   2    23    1.7366382       0.6721480       0.8349919       3.6119062    
   3     1    1.0867542       0.7990246       0.2996075       3.9419404    
   3     2    2.2208432       0.8054554       1.1150272       4.4233399    
   3     3    3.3266890       0.9140288       1.9605459       5.6447848    
   3     4    4.4113689       1.0901465       2.7373374       7.1091623    
   3     5    5.4721228       1.3010966       3.4557282       8.6650702    
   3     6    6.5094782       1.5291595       4.1329823       10.252477    
   3     7    7.5144924       1.7628219       4.7739873       11.828183    
   3     8    8.5067968       2.0027317       5.3958865       13.411252    
   3     9    9.4648513       2.2410150       5.9884047       14.959478    
   3    10    10.414134       2.4823882       6.5692777       16.509302    
   3    11    11.192155       2.6954620       7.0273823       17.825177    
   3    12    9.3239609       2.8982762       5.1414289       16.908966    
   3    13    5.0872988       2.1855395       2.2707479       11.397394    
   3    14    6.0234013       2.1201856       3.0826625       11.769489    
   3    15    6.9962746       2.1195034       3.9141042       12.505507    
   3    16    8.0000100       2.1696016       4.7459602       13.485187    
   3    17    8.9699797       2.2611407       5.5145986       14.590461    
   3    18    9.9301786       2.3871214       6.2402153       15.802091    
   3    19    7.8144209       2.8804102       3.8821723       15.729640    
   3    20    4.4248671       2.6639411       1.4876797       13.161064    
   3    21    5.3835833       2.5275673       2.2446972       12.911750    

Program  MARK  - Survival Rate Estimation with Capture-Recapture Data
 gfortran(dble/PIM2) Vers. 11.1 Nov 2024  15-Feb-2026 11:48:01    Page  030
 - - - - - - - - - - - - - - - - - - - - - - - - - - - - - - - - - - - - - -
 
   3    22    6.2991085       2.4490171       3.0193391       13.141541    
   3    23    7.1823399       2.4280308       3.7692564       13.685990    
   4     1    0.3469069       0.2836366       0.0853449       1.4100948    
   4     2    0.6959204       0.3489304       0.2750784       1.7606077    
   4     3    1.0214800       0.4502401       0.4472615       2.3329112    
   4     4    1.3303281       0.5633365       0.6001523       2.9488728    
   4     5    1.6207869       0.6766148       0.7388369       3.5555211    
   4     6    1.8939512       0.7866481       0.8665381       4.1395191    
   4     7    2.1435762       0.8891556       0.9816840       4.6806494    
   4     8    2.3856126       0.9905054       1.0917688       5.2127771    
   4     9    2.6040747       1.0835991       1.1898470       5.6992244    
   4    10    2.8186922       1.1764574       1.2850897       6.1824680    
   4    11    2.9142334       1.2256188       1.3213158       6.4274991    
   4    12    1.5935021       0.8676530       0.5869606       4.3260981    
   4    13    1.1446924       0.6837744       0.3876846       3.3798631    
   4    14    1.3821054       0.6960437       0.5443052       3.5094563    
   4    15    1.6379527       0.7498250       0.6966433       3.8511659    
   4    16    1.9100949       0.8294603       0.8457804       4.3137233    
   4    17    2.1586966       0.9139371       0.9739941       4.7843937    
   4    18    2.3998328       1.0036793       1.0925059       5.2715482    
   4    19    1.1677903       0.6724009       0.4091470       3.3331153    
   4    20    0.8882280       0.6193681       0.2586416       3.0503565    
   4    21    1.1520640       0.6168667       0.4306255       3.0821479    
   4    22    1.3844636       0.6488980       0.5780316       3.3159769    
   4    23    1.5941738       0.7023284       0.6982742       3.6395300    
   5     1    5.6362516       4.0651685       1.5852455       20.039376    
   5     2    11.537162       3.6552934       6.2926380       21.152673    
   5     3    17.313769       3.5146867       11.677140       25.671236    
   5     4    22.996805       3.6749376       16.846040       31.393316    
   5     5    28.573809       4.0922731       21.611112       37.779758    
   5     6    34.046759       4.6974483       26.012742       44.562077    
   5     7    39.375672       5.4290672       30.089527       51.527681    
   5     8    44.647085       6.2456793       33.985434       58.653427    
   5     9    49.765167       7.1233393       37.644394       65.788598    
   5    10    54.842737       8.0416013       41.206730       72.991128    
   5    11    59.154041       9.0578657       43.893241       79.720716    
   5    12    51.335624       12.771727       31.755360       82.989022    
   5    13    30.089743       8.1840545       17.824436       50.795020    
   5    14    34.983480       7.8764892       22.624383       54.094021    
   5    15    40.079179       7.8090393       27.454269       58.509684    
   5    16    45.337466       7.9236069       32.270672       63.695167    
   5    17    50.441818       8.2153831       36.733360       69.266111    
   5    18    55.506762       8.6559025       40.963863       75.212649    
   5    19    45.602952       12.995369       26.371974       78.857549    
   5    20    27.483396       10.892733       12.999553       58.104845    
   5    21    32.440271       10.364773       17.607563       59.768133    

Program  MARK  - Survival Rate Estimation with Capture-Recapture Data
 gfortran(dble/PIM2) Vers. 11.1 Nov 2024  15-Feb-2026 11:48:01    Page  031
 - - - - - - - - - - - - - - - - - - - - - - - - - - - - - - - - - - - - - -
 
   5    22    37.207914       10.047057       22.121656       62.582514    
   5    23    41.838512       9.9558892       26.412125       66.274906    
   6     1    2.0047647       1.4856099       0.5481604       7.3319440    
   6     2    4.0392071       1.3896044       2.0970212       7.7801759    
   6     3    5.9569725       1.4330408       3.7421873       9.4825615    
   6     4    7.7906004       1.5969304       5.2345490       11.594782    
   6     5    9.5310605       1.8352232       6.5573332       13.853363    
   6     6    11.183087       2.1167242       7.7421186       16.153385    
   6     7    12.714334       2.4184305       8.7865347       18.397957    
   6     8    14.204616       2.7392704       9.7672833       20.657854    
   6     9    15.572384       3.0646274       10.627359       22.818382    
   6    10    16.917446       3.3992166       11.454854       24.985040    
   6    11    17.645511       3.7130851       11.734163       26.534833    
   6    12    10.580425       3.9715702       5.1934036       21.555304    
   6    13    7.8950307       2.6063788       4.2031754       14.829624    
   6    14    9.2494154       2.5045767       5.4914247       15.579142    
   6    15    10.734520       2.5642529       6.7648633       17.033592    
   6    16    12.325397       2.7254500       8.0318879       18.914037    
   6    17    13.794840       2.9352148       9.1326969       20.836958    
   6    18    15.230221       3.1865528       10.151118       22.850647    
   6    19    8.1144602       3.2429413       3.8158602       17.255471    
   6    20    6.3188888       2.6010765       2.9098354       13.721861    
   6    21    7.8096167       2.4177554       4.3162864       14.130229    
   6    22    9.1480423       2.3692832       5.5518395       15.073685    
   6    23    10.378329       2.4443076       6.5818515       16.364653    

           Gross Population Estimates of { full_pent_seasonal }
                                                95% Confidence Interval
 Grp. Occ.     N*-hat        Standard Error      Lower           Upper
 ---- ----   --------------  --------------  --------------  --------------
   1     0    25.734107       6.3481859       15.981627       41.437852    
   2     0    13.565060       5.6890692       6.1629330       29.857677    
   3     0    26.232500       5.7608852       17.143592       40.140017    
   4     0    8.7907390       3.7748481       3.9251247       19.687805    
   5     0    135.19988       14.247270       110.03305       166.12287    
   6     0    50.095693       9.5905742       34.538485       72.660350    

 To compute parameter estimates, CPU Time was 0.016 secs and System Time was 0.015 secs.

 For procedure estimate CPU Time was 0.953 secs and System Time was 0.937 secs.

Program  MARK  - Survival Rate Estimation with Capture-Recapture Data
 gfortran(dble/PIM2) Vers. 11.1 Nov 2024  15-Feb-2026 11:48:01    Page  032
 - - - - - - - - - - - - - - - - - - - - - - - - - - - - - - - - - - - - - -
 


 INPUT --- proc stop;

 For this job, CPU Time in mins was 0.016 and System Time in mins was 0.016.

     Time Start = 11:48:00.975   Time End = 11:48:01.935

 Wall Clock Time in mins for this job was 0.016.

 Maximum of 37 words used.


          E X E C U T I O N   S U C C E S S F U L
