
 Program  MARK  - Survival Rate Estimation with Capture-Recapture Data
 gfortran(dble/PIM2) Vers. 11.1 Nov 2024  15-Feb-2026 11:48:03    Page  001
  
 - - - - - - - - - - - - - - - - - - - - - - - - - - - - - - - - - - - - - -
 
 Welcome to MARK valen on machine LAPTOP-R12S8TST in subdirectory 
 "C:\Users\valen\git\OpenPop-Abundance-Analysis-Muscardinus" running file "POPAN_Phi_season_valley.inp".
 This version was compiled by GCC version 14.2.0 using the options: 
  -cpp -iprefix C:/tdm-gcc-64/mingw64-14-2/bin/../lib/gcc/
  x86_64-w64-mingw32/14.2.0/ -D_MT -D_REENTRANT -U_REENTRANT -D
  dbleprecision -m64 -march=x86-64 -mtune=generic -mthreads -O3 -std=f2023
  -fimplicit-none -ftree-vectorize
  -ffpe-summary=invalid,zero,overflow,underflow -funroll-loops
  -fno-unsafe-math-optimizations -frounding-math -fsignaling-nans
  -fall-intrinsics -fopenmp

 This problem will use 7 of 8 possible threads.
 Static thread allocation is used.
 INPUT --- proc title ;

 For procedure title CPU Time was 0.001 secs and System Time was 0.001 secs.
 INPUT --- proc chmatrix occasions= 23 groups= 6 etype= POPAN Nodes= 
 INPUT --- 101 ICMeans NoHist hist= 84  ;
 INPUT ---    time interval 0.492772667542707 0.525624178712221 
 INPUT ---    0.492772667542707 0.492772667542707  0.492772667542707 
 INPUT ---    0.525624178712221 0.492772667542707 0.525624178712221 
 INPUT ---    0.492772667542707  0.821287779237845 6.96452036793692 
 INPUT ---    1.01839684625493 0.985545335085414 0.68988173455979  
 INPUT ---    0.492772667542707 0.525624178712221 0.492772667542707 
 INPUT ---    8.83705650459921 0.985545335085414  1.01839684625493 
 INPUT ---    1.01839684625493 0.985545335085414 ;
 INPUT ---    glabel(1)=valleyR.altitude1;
 INPUT ---    glabel(2)=valleyS.altitude1;
 INPUT ---    glabel(3)=valleyR.altitude2;
 INPUT ---    glabel(4)=valleyS.altitude2;
 INPUT ---    glabel(5)=valleyR.altitude3;
 INPUT ---    glabel(6)=valleyS.altitude3;

   * *  WARNING  * *   At least a pair of the encounter histories are duplicates. 

      Number of unique encounter histories read was 62.

      Number of individual covariates read was 0.
      Time interval lengths vary and/or not equal to 1.

      Data type number is 19
      Data type is POPAN

 For procedure chmatrix CPU Time was 0.001 secs and System Time was 0.016 secs.

Program  MARK  - Survival Rate Estimation with Capture-Recapture Data
 gfortran(dble/PIM2) Vers. 11.1 Nov 2024  15-Feb-2026 11:48:03    Page  002
 - - - - - - - - - - - - - - - - - - - - - - - - - - - - - - - - - - - - - -
 


 INPUT --- proc estimate link=Parm-Specific NOLOOP varest=2ndPart    ;
 INPUT --- model={ Phi_season_valley };
 INPUT ---    group=1 Phi    rows=1 cols=22 Square ;
 INPUT ---        1 1 1 1 1 1 1 1 1 1 1 2 1 1 1 1 1 1 2 1 1 1 ;
 INPUT ---    group=2 Phi    rows=1 cols=22 Square ;
 INPUT ---        3 3 3 3 3 3 3 3 3 3 3 4 3 3 3 3 3 3 4 3 3 3 ;
 INPUT ---    group=3 Phi    rows=1 cols=22 Square ;
 INPUT ---        1 1 1 1 1 1 1 1 1 1 1 2 1 1 1 1 1 1 2 1 1 1 ;
 INPUT ---    group=4 Phi    rows=1 cols=22 Square ;
 INPUT ---        3 3 3 3 3 3 3 3 3 3 3 4 3 3 3 3 3 3 4 3 3 3 ;
 INPUT ---    group=5 Phi    rows=1 cols=22 Square ;
 INPUT ---        1 1 1 1 1 1 1 1 1 1 1 2 1 1 1 1 1 1 2 1 1 1 ;
 INPUT ---    group=6 Phi    rows=1 cols=22 Square ;
 INPUT ---        3 3 3 3 3 3 3 3 3 3 3 4 3 3 3 3 3 3 4 3 3 3 ;
 INPUT ---    group=1 p    rows=1 cols=23 Square ;
 INPUT ---        5 6 7 8 9 10 11 12 13 14 15 16 17 18 19 20 21 22 23 24 25 
 INPUT ---       26 27 ;
 INPUT ---    group=2 p    rows=1 cols=23 Square ;
 INPUT ---        5 6 7 8 9 10 11 12 13 14 15 16 17 18 19 20 21 22 23 24 25 
 INPUT ---       26 27 ;
 INPUT ---    group=3 p    rows=1 cols=23 Square ;
 INPUT ---        5 6 7 8 9 10 11 12 13 14 15 16 17 18 19 20 21 22 23 24 25 
 INPUT ---       26 27 ;
 INPUT ---    group=4 p    rows=1 cols=23 Square ;
 INPUT ---        5 6 7 8 9 10 11 12 13 14 15 16 17 18 19 20 21 22 23 24 25 
 INPUT ---       26 27 ;
 INPUT ---    group=5 p    rows=1 cols=23 Square ;
 INPUT ---        5 6 7 8 9 10 11 12 13 14 15 16 17 18 19 20 21 22 23 24 25 
 INPUT ---       26 27 ;
 INPUT ---    group=6 p    rows=1 cols=23 Square ;
 INPUT ---        5 6 7 8 9 10 11 12 13 14 15 16 17 18 19 20 21 22 23 24 25 
 INPUT ---       26 27 ;
 INPUT ---    group=1 pent    rows=1 cols=22 Square ;
 INPUT ---        34 35 36 37 38 39 40 41 42 43 44 45 46 47 48 49 50 51 52 
 INPUT ---       53 54 55 ;
 INPUT ---    group=2 pent    rows=1 cols=22 Square ;
 INPUT ---        56 57 58 59 60 61 62 63 64 65 66 67 68 69 70 71 72 73 74 
 INPUT ---       75 76 77 ;
 INPUT ---    group=3 pent    rows=1 cols=22 Square ;
 INPUT ---        78 79 80 81 82 83 84 85 86 87 88 89 90 91 92 93 94 95 96 
 INPUT ---       97 98 99 ;
 INPUT ---    group=4 pent    rows=1 cols=22 Square ;
 INPUT ---        100 101 102 103 104 105 106 107 108 109 110 111 112 113 
 INPUT ---       114 115 116 117 118 119 120 121 ;

Program  MARK  - Survival Rate Estimation with Capture-Recapture Data
 gfortran(dble/PIM2) Vers. 11.1 Nov 2024  15-Feb-2026 11:48:03    Page  003
 - - - - - - - - - - - - - - - - - - - - - - - - - - - - - - - - - - - - - -
 
 INPUT ---    group=5 pent    rows=1 cols=22 Square ;
 INPUT ---        122 123 124 125 126 127 128 129 130 131 132 133 134 135 
 INPUT ---       136 137 138 139 140 141 142 143 ;
 INPUT ---    group=6 pent    rows=1 cols=22 Square ;
 INPUT ---        144 145 146 147 148 149 150 151 152 153 154 155 156 157 
 INPUT ---       158 159 160 161 162 163 164 165 ;
 INPUT ---    group=1 N    rows=1 cols=1 Square ;
 INPUT ---        28 ;
 INPUT ---    group=2 N    rows=1 cols=1 Square ;
 INPUT ---        29 ;
 INPUT ---    group=3 N    rows=1 cols=1 Square ;
 INPUT ---        30 ;
 INPUT ---    group=4 N    rows=1 cols=1 Square ;
 INPUT ---        31 ;
 INPUT ---    group=5 N    rows=1 cols=1 Square ;
 INPUT ---        32 ;
 INPUT ---    group=6 N    rows=1 cols=1 Square ;
 INPUT ---        33 ;
 INPUT ---    design matrix constraints=165 covariates=34;
 INPUT ---        1 0 0 0 0 0 0 0 0 0 0 0 0 0 0 0 0 0 0 0 0 0 0 0 0 0 0 0 0 
 INPUT ---       0 0 0 0 0;
 INPUT ---        1 1 0 0 0 0 0 0 0 0 0 0 0 0 0 0 0 0 0 0 0 0 0 0 0 0 0 0 0 
 INPUT ---       0 0 0 0 0;
 INPUT ---        1 0 1 0 0 0 0 0 0 0 0 0 0 0 0 0 0 0 0 0 0 0 0 0 0 0 0 0 0 
 INPUT ---       0 0 0 0 0;
 INPUT ---        1 1 1 1 0 0 0 0 0 0 0 0 0 0 0 0 0 0 0 0 0 0 0 0 0 0 0 0 0 
 INPUT ---       0 0 0 0 0;
 INPUT ---        0 0 0 0 1 0 0 0 0 0 0 0 0 0 0 0 0 0 0 0 0 0 0 0 0 0 0 0 0 
 INPUT ---       0 0 0 0 0;
 INPUT ---        0 0 0 0 1 1 0 0 0 0 0 0 0 0 0 0 0 0 0 0 0 0 0 0 0 0 0 0 0 
 INPUT ---       0 0 0 0 0;
 INPUT ---        0 0 0 0 1 0 1 0 0 0 0 0 0 0 0 0 0 0 0 0 0 0 0 0 0 0 0 0 0 
 INPUT ---       0 0 0 0 0;
 INPUT ---        0 0 0 0 1 0 0 1 0 0 0 0 0 0 0 0 0 0 0 0 0 0 0 0 0 0 0 0 0 
 INPUT ---       0 0 0 0 0;
 INPUT ---        0 0 0 0 1 0 0 0 1 0 0 0 0 0 0 0 0 0 0 0 0 0 0 0 0 0 0 0 0 
 INPUT ---       0 0 0 0 0;
 INPUT ---        0 0 0 0 1 0 0 0 0 1 0 0 0 0 0 0 0 0 0 0 0 0 0 0 0 0 0 0 0 
 INPUT ---       0 0 0 0 0;
 INPUT ---        0 0 0 0 1 0 0 0 0 0 1 0 0 0 0 0 0 0 0 0 0 0 0 0 0 0 0 0 0 
 INPUT ---       0 0 0 0 0;
 INPUT ---        0 0 0 0 1 0 0 0 0 0 0 1 0 0 0 0 0 0 0 0 0 0 0 0 0 0 0 0 0 
 INPUT ---       0 0 0 0 0;
 INPUT ---        0 0 0 0 1 0 0 0 0 0 0 0 1 0 0 0 0 0 0 0 0 0 0 0 0 0 0 0 0 
 INPUT ---       0 0 0 0 0;
 INPUT ---        0 0 0 0 1 0 0 0 0 0 0 0 0 1 0 0 0 0 0 0 0 0 0 0 0 0 0 0 0 

Program  MARK  - Survival Rate Estimation with Capture-Recapture Data
 gfortran(dble/PIM2) Vers. 11.1 Nov 2024  15-Feb-2026 11:48:03    Page  004
 - - - - - - - - - - - - - - - - - - - - - - - - - - - - - - - - - - - - - -
 
 INPUT ---       0 0 0 0 0;
 INPUT ---        0 0 0 0 1 0 0 0 0 0 0 0 0 0 1 0 0 0 0 0 0 0 0 0 0 0 0 0 0 
 INPUT ---       0 0 0 0 0;
 INPUT ---        0 0 0 0 1 0 0 0 0 0 0 0 0 0 0 1 0 0 0 0 0 0 0 0 0 0 0 0 0 
 INPUT ---       0 0 0 0 0;
 INPUT ---        0 0 0 0 1 0 0 0 0 0 0 0 0 0 0 0 1 0 0 0 0 0 0 0 0 0 0 0 0 
 INPUT ---       0 0 0 0 0;
 INPUT ---        0 0 0 0 1 0 0 0 0 0 0 0 0 0 0 0 0 1 0 0 0 0 0 0 0 0 0 0 0 
 INPUT ---       0 0 0 0 0;
 INPUT ---        0 0 0 0 1 0 0 0 0 0 0 0 0 0 0 0 0 0 1 0 0 0 0 0 0 0 0 0 0 
 INPUT ---       0 0 0 0 0;
 INPUT ---        0 0 0 0 1 0 0 0 0 0 0 0 0 0 0 0 0 0 0 1 0 0 0 0 0 0 0 0 0 
 INPUT ---       0 0 0 0 0;
 INPUT ---        0 0 0 0 1 0 0 0 0 0 0 0 0 0 0 0 0 0 0 0 1 0 0 0 0 0 0 0 0 
 INPUT ---       0 0 0 0 0;
 INPUT ---        0 0 0 0 1 0 0 0 0 0 0 0 0 0 0 0 0 0 0 0 0 1 0 0 0 0 0 0 0 
 INPUT ---       0 0 0 0 0;
 INPUT ---        0 0 0 0 1 0 0 0 0 0 0 0 0 0 0 0 0 0 0 0 0 0 1 0 0 0 0 0 0 
 INPUT ---       0 0 0 0 0;
 INPUT ---        0 0 0 0 1 0 0 0 0 0 0 0 0 0 0 0 0 0 0 0 0 0 0 1 0 0 0 0 0 
 INPUT ---       0 0 0 0 0;
 INPUT ---        0 0 0 0 1 0 0 0 0 0 0 0 0 0 0 0 0 0 0 0 0 0 0 0 1 0 0 0 0 
 INPUT ---       0 0 0 0 0;
 INPUT ---        0 0 0 0 1 0 0 0 0 0 0 0 0 0 0 0 0 0 0 0 0 0 0 0 0 1 0 0 0 
 INPUT ---       0 0 0 0 0;
 INPUT ---        0 0 0 0 1 0 0 0 0 0 0 0 0 0 0 0 0 0 0 0 0 0 0 0 0 0 1 0 0 
 INPUT ---       0 0 0 0 0;
 INPUT ---        0 0 0 0 0 0 0 0 0 0 0 0 0 0 0 0 0 0 0 0 0 0 0 0 0 0 0 0 1 
 INPUT ---       0 0 0 0 0;
 INPUT ---        0 0 0 0 0 0 0 0 0 0 0 0 0 0 0 0 0 0 0 0 0 0 0 0 0 0 0 0 1 
 INPUT ---       1 0 0 0 0;
 INPUT ---        0 0 0 0 0 0 0 0 0 0 0 0 0 0 0 0 0 0 0 0 0 0 0 0 0 0 0 0 1 
 INPUT ---       0 1 0 0 0;
 INPUT ---        0 0 0 0 0 0 0 0 0 0 0 0 0 0 0 0 0 0 0 0 0 0 0 0 0 0 0 0 1 
 INPUT ---       0 0 1 0 0;
 INPUT ---        0 0 0 0 0 0 0 0 0 0 0 0 0 0 0 0 0 0 0 0 0 0 0 0 0 0 0 0 1 
 INPUT ---       0 0 0 1 0;
 INPUT ---        0 0 0 0 0 0 0 0 0 0 0 0 0 0 0 0 0 0 0 0 0 0 0 0 0 0 0 0 1 
 INPUT ---       0 0 0 0 1;
 INPUT ---        0 0 0 0 0 0 0 0 0 0 0 0 0 0 0 0 0 0 0 0 0 0 0 0 0 0 0 1 0 
 INPUT ---       0 0 0 0 0;
 INPUT ---        0 0 0 0 0 0 0 0 0 0 0 0 0 0 0 0 0 0 0 0 0 0 0 0 0 0 0 1 0 
 INPUT ---       0 0 0 0 0;
 INPUT ---        0 0 0 0 0 0 0 0 0 0 0 0 0 0 0 0 0 0 0 0 0 0 0 0 0 0 0 1 0 
 INPUT ---       0 0 0 0 0;
 INPUT ---        0 0 0 0 0 0 0 0 0 0 0 0 0 0 0 0 0 0 0 0 0 0 0 0 0 0 0 1 0 

Program  MARK  - Survival Rate Estimation with Capture-Recapture Data
 gfortran(dble/PIM2) Vers. 11.1 Nov 2024  15-Feb-2026 11:48:03    Page  005
 - - - - - - - - - - - - - - - - - - - - - - - - - - - - - - - - - - - - - -
 
 INPUT ---       0 0 0 0 0;
 INPUT ---        0 0 0 0 0 0 0 0 0 0 0 0 0 0 0 0 0 0 0 0 0 0 0 0 0 0 0 1 0 
 INPUT ---       0 0 0 0 0;
 INPUT ---        0 0 0 0 0 0 0 0 0 0 0 0 0 0 0 0 0 0 0 0 0 0 0 0 0 0 0 1 0 
 INPUT ---       0 0 0 0 0;
 INPUT ---        0 0 0 0 0 0 0 0 0 0 0 0 0 0 0 0 0 0 0 0 0 0 0 0 0 0 0 1 0 
 INPUT ---       0 0 0 0 0;
 INPUT ---        0 0 0 0 0 0 0 0 0 0 0 0 0 0 0 0 0 0 0 0 0 0 0 0 0 0 0 1 0 
 INPUT ---       0 0 0 0 0;
 INPUT ---        0 0 0 0 0 0 0 0 0 0 0 0 0 0 0 0 0 0 0 0 0 0 0 0 0 0 0 1 0 
 INPUT ---       0 0 0 0 0;
 INPUT ---        0 0 0 0 0 0 0 0 0 0 0 0 0 0 0 0 0 0 0 0 0 0 0 0 0 0 0 1 0 
 INPUT ---       0 0 0 0 0;
 INPUT ---        0 0 0 0 0 0 0 0 0 0 0 0 0 0 0 0 0 0 0 0 0 0 0 0 0 0 0 1 0 
 INPUT ---       0 0 0 0 0;
 INPUT ---        0 0 0 0 0 0 0 0 0 0 0 0 0 0 0 0 0 0 0 0 0 0 0 0 0 0 0 1 0 
 INPUT ---       0 0 0 0 0;
 INPUT ---        0 0 0 0 0 0 0 0 0 0 0 0 0 0 0 0 0 0 0 0 0 0 0 0 0 0 0 1 0 
 INPUT ---       0 0 0 0 0;
 INPUT ---        0 0 0 0 0 0 0 0 0 0 0 0 0 0 0 0 0 0 0 0 0 0 0 0 0 0 0 1 0 
 INPUT ---       0 0 0 0 0;
 INPUT ---        0 0 0 0 0 0 0 0 0 0 0 0 0 0 0 0 0 0 0 0 0 0 0 0 0 0 0 1 0 
 INPUT ---       0 0 0 0 0;
 INPUT ---        0 0 0 0 0 0 0 0 0 0 0 0 0 0 0 0 0 0 0 0 0 0 0 0 0 0 0 1 0 
 INPUT ---       0 0 0 0 0;
 INPUT ---        0 0 0 0 0 0 0 0 0 0 0 0 0 0 0 0 0 0 0 0 0 0 0 0 0 0 0 1 0 
 INPUT ---       0 0 0 0 0;
 INPUT ---        0 0 0 0 0 0 0 0 0 0 0 0 0 0 0 0 0 0 0 0 0 0 0 0 0 0 0 1 0 
 INPUT ---       0 0 0 0 0;
 INPUT ---        0 0 0 0 0 0 0 0 0 0 0 0 0 0 0 0 0 0 0 0 0 0 0 0 0 0 0 1 0 
 INPUT ---       0 0 0 0 0;
 INPUT ---        0 0 0 0 0 0 0 0 0 0 0 0 0 0 0 0 0 0 0 0 0 0 0 0 0 0 0 1 0 
 INPUT ---       0 0 0 0 0;
 INPUT ---        0 0 0 0 0 0 0 0 0 0 0 0 0 0 0 0 0 0 0 0 0 0 0 0 0 0 0 1 0 
 INPUT ---       0 0 0 0 0;
 INPUT ---        0 0 0 0 0 0 0 0 0 0 0 0 0 0 0 0 0 0 0 0 0 0 0 0 0 0 0 1 0 
 INPUT ---       0 0 0 0 0;
 INPUT ---        0 0 0 0 0 0 0 0 0 0 0 0 0 0 0 0 0 0 0 0 0 0 0 0 0 0 0 1 0 
 INPUT ---       0 0 0 0 0;
 INPUT ---        0 0 0 0 0 0 0 0 0 0 0 0 0 0 0 0 0 0 0 0 0 0 0 0 0 0 0 1 0 
 INPUT ---       0 0 0 0 0;
 INPUT ---        0 0 0 0 0 0 0 0 0 0 0 0 0 0 0 0 0 0 0 0 0 0 0 0 0 0 0 1 0 
 INPUT ---       0 0 0 0 0;
 INPUT ---        0 0 0 0 0 0 0 0 0 0 0 0 0 0 0 0 0 0 0 0 0 0 0 0 0 0 0 1 0 
 INPUT ---       0 0 0 0 0;
 INPUT ---        0 0 0 0 0 0 0 0 0 0 0 0 0 0 0 0 0 0 0 0 0 0 0 0 0 0 0 1 0 

Program  MARK  - Survival Rate Estimation with Capture-Recapture Data
 gfortran(dble/PIM2) Vers. 11.1 Nov 2024  15-Feb-2026 11:48:03    Page  006
 - - - - - - - - - - - - - - - - - - - - - - - - - - - - - - - - - - - - - -
 
 INPUT ---       0 0 0 0 0;
 INPUT ---        0 0 0 0 0 0 0 0 0 0 0 0 0 0 0 0 0 0 0 0 0 0 0 0 0 0 0 1 0 
 INPUT ---       0 0 0 0 0;
 INPUT ---        0 0 0 0 0 0 0 0 0 0 0 0 0 0 0 0 0 0 0 0 0 0 0 0 0 0 0 1 0 
 INPUT ---       0 0 0 0 0;
 INPUT ---        0 0 0 0 0 0 0 0 0 0 0 0 0 0 0 0 0 0 0 0 0 0 0 0 0 0 0 1 0 
 INPUT ---       0 0 0 0 0;
 INPUT ---        0 0 0 0 0 0 0 0 0 0 0 0 0 0 0 0 0 0 0 0 0 0 0 0 0 0 0 1 0 
 INPUT ---       0 0 0 0 0;
 INPUT ---        0 0 0 0 0 0 0 0 0 0 0 0 0 0 0 0 0 0 0 0 0 0 0 0 0 0 0 1 0 
 INPUT ---       0 0 0 0 0;
 INPUT ---        0 0 0 0 0 0 0 0 0 0 0 0 0 0 0 0 0 0 0 0 0 0 0 0 0 0 0 1 0 
 INPUT ---       0 0 0 0 0;
 INPUT ---        0 0 0 0 0 0 0 0 0 0 0 0 0 0 0 0 0 0 0 0 0 0 0 0 0 0 0 1 0 
 INPUT ---       0 0 0 0 0;
 INPUT ---        0 0 0 0 0 0 0 0 0 0 0 0 0 0 0 0 0 0 0 0 0 0 0 0 0 0 0 1 0 
 INPUT ---       0 0 0 0 0;
 INPUT ---        0 0 0 0 0 0 0 0 0 0 0 0 0 0 0 0 0 0 0 0 0 0 0 0 0 0 0 1 0 
 INPUT ---       0 0 0 0 0;
 INPUT ---        0 0 0 0 0 0 0 0 0 0 0 0 0 0 0 0 0 0 0 0 0 0 0 0 0 0 0 1 0 
 INPUT ---       0 0 0 0 0;
 INPUT ---        0 0 0 0 0 0 0 0 0 0 0 0 0 0 0 0 0 0 0 0 0 0 0 0 0 0 0 1 0 
 INPUT ---       0 0 0 0 0;
 INPUT ---        0 0 0 0 0 0 0 0 0 0 0 0 0 0 0 0 0 0 0 0 0 0 0 0 0 0 0 1 0 
 INPUT ---       0 0 0 0 0;
 INPUT ---        0 0 0 0 0 0 0 0 0 0 0 0 0 0 0 0 0 0 0 0 0 0 0 0 0 0 0 1 0 
 INPUT ---       0 0 0 0 0;
 INPUT ---        0 0 0 0 0 0 0 0 0 0 0 0 0 0 0 0 0 0 0 0 0 0 0 0 0 0 0 1 0 
 INPUT ---       0 0 0 0 0;
 INPUT ---        0 0 0 0 0 0 0 0 0 0 0 0 0 0 0 0 0 0 0 0 0 0 0 0 0 0 0 1 0 
 INPUT ---       0 0 0 0 0;
 INPUT ---        0 0 0 0 0 0 0 0 0 0 0 0 0 0 0 0 0 0 0 0 0 0 0 0 0 0 0 1 0 
 INPUT ---       0 0 0 0 0;
 INPUT ---        0 0 0 0 0 0 0 0 0 0 0 0 0 0 0 0 0 0 0 0 0 0 0 0 0 0 0 1 0 
 INPUT ---       0 0 0 0 0;
 INPUT ---        0 0 0 0 0 0 0 0 0 0 0 0 0 0 0 0 0 0 0 0 0 0 0 0 0 0 0 1 0 
 INPUT ---       0 0 0 0 0;
 INPUT ---        0 0 0 0 0 0 0 0 0 0 0 0 0 0 0 0 0 0 0 0 0 0 0 0 0 0 0 1 0 
 INPUT ---       0 0 0 0 0;
 INPUT ---        0 0 0 0 0 0 0 0 0 0 0 0 0 0 0 0 0 0 0 0 0 0 0 0 0 0 0 1 0 
 INPUT ---       0 0 0 0 0;
 INPUT ---        0 0 0 0 0 0 0 0 0 0 0 0 0 0 0 0 0 0 0 0 0 0 0 0 0 0 0 1 0 
 INPUT ---       0 0 0 0 0;
 INPUT ---        0 0 0 0 0 0 0 0 0 0 0 0 0 0 0 0 0 0 0 0 0 0 0 0 0 0 0 1 0 
 INPUT ---       0 0 0 0 0;
 INPUT ---        0 0 0 0 0 0 0 0 0 0 0 0 0 0 0 0 0 0 0 0 0 0 0 0 0 0 0 1 0 

Program  MARK  - Survival Rate Estimation with Capture-Recapture Data
 gfortran(dble/PIM2) Vers. 11.1 Nov 2024  15-Feb-2026 11:48:03    Page  007
 - - - - - - - - - - - - - - - - - - - - - - - - - - - - - - - - - - - - - -
 
 INPUT ---       0 0 0 0 0;
 INPUT ---        0 0 0 0 0 0 0 0 0 0 0 0 0 0 0 0 0 0 0 0 0 0 0 0 0 0 0 1 0 
 INPUT ---       0 0 0 0 0;
 INPUT ---        0 0 0 0 0 0 0 0 0 0 0 0 0 0 0 0 0 0 0 0 0 0 0 0 0 0 0 1 0 
 INPUT ---       0 0 0 0 0;
 INPUT ---        0 0 0 0 0 0 0 0 0 0 0 0 0 0 0 0 0 0 0 0 0 0 0 0 0 0 0 1 0 
 INPUT ---       0 0 0 0 0;
 INPUT ---        0 0 0 0 0 0 0 0 0 0 0 0 0 0 0 0 0 0 0 0 0 0 0 0 0 0 0 1 0 
 INPUT ---       0 0 0 0 0;
 INPUT ---        0 0 0 0 0 0 0 0 0 0 0 0 0 0 0 0 0 0 0 0 0 0 0 0 0 0 0 1 0 
 INPUT ---       0 0 0 0 0;
 INPUT ---        0 0 0 0 0 0 0 0 0 0 0 0 0 0 0 0 0 0 0 0 0 0 0 0 0 0 0 1 0 
 INPUT ---       0 0 0 0 0;
 INPUT ---        0 0 0 0 0 0 0 0 0 0 0 0 0 0 0 0 0 0 0 0 0 0 0 0 0 0 0 1 0 
 INPUT ---       0 0 0 0 0;
 INPUT ---        0 0 0 0 0 0 0 0 0 0 0 0 0 0 0 0 0 0 0 0 0 0 0 0 0 0 0 1 0 
 INPUT ---       0 0 0 0 0;
 INPUT ---        0 0 0 0 0 0 0 0 0 0 0 0 0 0 0 0 0 0 0 0 0 0 0 0 0 0 0 1 0 
 INPUT ---       0 0 0 0 0;
 INPUT ---        0 0 0 0 0 0 0 0 0 0 0 0 0 0 0 0 0 0 0 0 0 0 0 0 0 0 0 1 0 
 INPUT ---       0 0 0 0 0;
 INPUT ---        0 0 0 0 0 0 0 0 0 0 0 0 0 0 0 0 0 0 0 0 0 0 0 0 0 0 0 1 0 
 INPUT ---       0 0 0 0 0;
 INPUT ---        0 0 0 0 0 0 0 0 0 0 0 0 0 0 0 0 0 0 0 0 0 0 0 0 0 0 0 1 0 
 INPUT ---       0 0 0 0 0;
 INPUT ---        0 0 0 0 0 0 0 0 0 0 0 0 0 0 0 0 0 0 0 0 0 0 0 0 0 0 0 1 0 
 INPUT ---       0 0 0 0 0;
 INPUT ---        0 0 0 0 0 0 0 0 0 0 0 0 0 0 0 0 0 0 0 0 0 0 0 0 0 0 0 1 0 
 INPUT ---       0 0 0 0 0;
 INPUT ---        0 0 0 0 0 0 0 0 0 0 0 0 0 0 0 0 0 0 0 0 0 0 0 0 0 0 0 1 0 
 INPUT ---       0 0 0 0 0;
 INPUT ---        0 0 0 0 0 0 0 0 0 0 0 0 0 0 0 0 0 0 0 0 0 0 0 0 0 0 0 1 0 
 INPUT ---       0 0 0 0 0;
 INPUT ---        0 0 0 0 0 0 0 0 0 0 0 0 0 0 0 0 0 0 0 0 0 0 0 0 0 0 0 1 0 
 INPUT ---       0 0 0 0 0;
 INPUT ---        0 0 0 0 0 0 0 0 0 0 0 0 0 0 0 0 0 0 0 0 0 0 0 0 0 0 0 1 0 
 INPUT ---       0 0 0 0 0;
 INPUT ---        0 0 0 0 0 0 0 0 0 0 0 0 0 0 0 0 0 0 0 0 0 0 0 0 0 0 0 1 0 
 INPUT ---       0 0 0 0 0;
 INPUT ---        0 0 0 0 0 0 0 0 0 0 0 0 0 0 0 0 0 0 0 0 0 0 0 0 0 0 0 1 0 
 INPUT ---       0 0 0 0 0;
 INPUT ---        0 0 0 0 0 0 0 0 0 0 0 0 0 0 0 0 0 0 0 0 0 0 0 0 0 0 0 1 0 
 INPUT ---       0 0 0 0 0;
 INPUT ---        0 0 0 0 0 0 0 0 0 0 0 0 0 0 0 0 0 0 0 0 0 0 0 0 0 0 0 1 0 
 INPUT ---       0 0 0 0 0;
 INPUT ---        0 0 0 0 0 0 0 0 0 0 0 0 0 0 0 0 0 0 0 0 0 0 0 0 0 0 0 1 0 

Program  MARK  - Survival Rate Estimation with Capture-Recapture Data
 gfortran(dble/PIM2) Vers. 11.1 Nov 2024  15-Feb-2026 11:48:03    Page  008
 - - - - - - - - - - - - - - - - - - - - - - - - - - - - - - - - - - - - - -
 
 INPUT ---       0 0 0 0 0;
 INPUT ---        0 0 0 0 0 0 0 0 0 0 0 0 0 0 0 0 0 0 0 0 0 0 0 0 0 0 0 1 0 
 INPUT ---       0 0 0 0 0;
 INPUT ---        0 0 0 0 0 0 0 0 0 0 0 0 0 0 0 0 0 0 0 0 0 0 0 0 0 0 0 1 0 
 INPUT ---       0 0 0 0 0;
 INPUT ---        0 0 0 0 0 0 0 0 0 0 0 0 0 0 0 0 0 0 0 0 0 0 0 0 0 0 0 1 0 
 INPUT ---       0 0 0 0 0;
 INPUT ---        0 0 0 0 0 0 0 0 0 0 0 0 0 0 0 0 0 0 0 0 0 0 0 0 0 0 0 1 0 
 INPUT ---       0 0 0 0 0;
 INPUT ---        0 0 0 0 0 0 0 0 0 0 0 0 0 0 0 0 0 0 0 0 0 0 0 0 0 0 0 1 0 
 INPUT ---       0 0 0 0 0;
 INPUT ---        0 0 0 0 0 0 0 0 0 0 0 0 0 0 0 0 0 0 0 0 0 0 0 0 0 0 0 1 0 
 INPUT ---       0 0 0 0 0;
 INPUT ---        0 0 0 0 0 0 0 0 0 0 0 0 0 0 0 0 0 0 0 0 0 0 0 0 0 0 0 1 0 
 INPUT ---       0 0 0 0 0;
 INPUT ---        0 0 0 0 0 0 0 0 0 0 0 0 0 0 0 0 0 0 0 0 0 0 0 0 0 0 0 1 0 
 INPUT ---       0 0 0 0 0;
 INPUT ---        0 0 0 0 0 0 0 0 0 0 0 0 0 0 0 0 0 0 0 0 0 0 0 0 0 0 0 1 0 
 INPUT ---       0 0 0 0 0;
 INPUT ---        0 0 0 0 0 0 0 0 0 0 0 0 0 0 0 0 0 0 0 0 0 0 0 0 0 0 0 1 0 
 INPUT ---       0 0 0 0 0;
 INPUT ---        0 0 0 0 0 0 0 0 0 0 0 0 0 0 0 0 0 0 0 0 0 0 0 0 0 0 0 1 0 
 INPUT ---       0 0 0 0 0;
 INPUT ---        0 0 0 0 0 0 0 0 0 0 0 0 0 0 0 0 0 0 0 0 0 0 0 0 0 0 0 1 0 
 INPUT ---       0 0 0 0 0;
 INPUT ---        0 0 0 0 0 0 0 0 0 0 0 0 0 0 0 0 0 0 0 0 0 0 0 0 0 0 0 1 0 
 INPUT ---       0 0 0 0 0;
 INPUT ---        0 0 0 0 0 0 0 0 0 0 0 0 0 0 0 0 0 0 0 0 0 0 0 0 0 0 0 1 0 
 INPUT ---       0 0 0 0 0;
 INPUT ---        0 0 0 0 0 0 0 0 0 0 0 0 0 0 0 0 0 0 0 0 0 0 0 0 0 0 0 1 0 
 INPUT ---       0 0 0 0 0;
 INPUT ---        0 0 0 0 0 0 0 0 0 0 0 0 0 0 0 0 0 0 0 0 0 0 0 0 0 0 0 1 0 
 INPUT ---       0 0 0 0 0;
 INPUT ---        0 0 0 0 0 0 0 0 0 0 0 0 0 0 0 0 0 0 0 0 0 0 0 0 0 0 0 1 0 
 INPUT ---       0 0 0 0 0;
 INPUT ---        0 0 0 0 0 0 0 0 0 0 0 0 0 0 0 0 0 0 0 0 0 0 0 0 0 0 0 1 0 
 INPUT ---       0 0 0 0 0;
 INPUT ---        0 0 0 0 0 0 0 0 0 0 0 0 0 0 0 0 0 0 0 0 0 0 0 0 0 0 0 1 0 
 INPUT ---       0 0 0 0 0;
 INPUT ---        0 0 0 0 0 0 0 0 0 0 0 0 0 0 0 0 0 0 0 0 0 0 0 0 0 0 0 1 0 
 INPUT ---       0 0 0 0 0;
 INPUT ---        0 0 0 0 0 0 0 0 0 0 0 0 0 0 0 0 0 0 0 0 0 0 0 0 0 0 0 1 0 
 INPUT ---       0 0 0 0 0;
 INPUT ---        0 0 0 0 0 0 0 0 0 0 0 0 0 0 0 0 0 0 0 0 0 0 0 0 0 0 0 1 0 
 INPUT ---       0 0 0 0 0;
 INPUT ---        0 0 0 0 0 0 0 0 0 0 0 0 0 0 0 0 0 0 0 0 0 0 0 0 0 0 0 1 0 

Program  MARK  - Survival Rate Estimation with Capture-Recapture Data
 gfortran(dble/PIM2) Vers. 11.1 Nov 2024  15-Feb-2026 11:48:03    Page  009
 - - - - - - - - - - - - - - - - - - - - - - - - - - - - - - - - - - - - - -
 
 INPUT ---       0 0 0 0 0;
 INPUT ---        0 0 0 0 0 0 0 0 0 0 0 0 0 0 0 0 0 0 0 0 0 0 0 0 0 0 0 1 0 
 INPUT ---       0 0 0 0 0;
 INPUT ---        0 0 0 0 0 0 0 0 0 0 0 0 0 0 0 0 0 0 0 0 0 0 0 0 0 0 0 1 0 
 INPUT ---       0 0 0 0 0;
 INPUT ---        0 0 0 0 0 0 0 0 0 0 0 0 0 0 0 0 0 0 0 0 0 0 0 0 0 0 0 1 0 
 INPUT ---       0 0 0 0 0;
 INPUT ---        0 0 0 0 0 0 0 0 0 0 0 0 0 0 0 0 0 0 0 0 0 0 0 0 0 0 0 1 0 
 INPUT ---       0 0 0 0 0;
 INPUT ---        0 0 0 0 0 0 0 0 0 0 0 0 0 0 0 0 0 0 0 0 0 0 0 0 0 0 0 1 0 
 INPUT ---       0 0 0 0 0;
 INPUT ---        0 0 0 0 0 0 0 0 0 0 0 0 0 0 0 0 0 0 0 0 0 0 0 0 0 0 0 1 0 
 INPUT ---       0 0 0 0 0;
 INPUT ---        0 0 0 0 0 0 0 0 0 0 0 0 0 0 0 0 0 0 0 0 0 0 0 0 0 0 0 1 0 
 INPUT ---       0 0 0 0 0;
 INPUT ---        0 0 0 0 0 0 0 0 0 0 0 0 0 0 0 0 0 0 0 0 0 0 0 0 0 0 0 1 0 
 INPUT ---       0 0 0 0 0;
 INPUT ---        0 0 0 0 0 0 0 0 0 0 0 0 0 0 0 0 0 0 0 0 0 0 0 0 0 0 0 1 0 
 INPUT ---       0 0 0 0 0;
 INPUT ---        0 0 0 0 0 0 0 0 0 0 0 0 0 0 0 0 0 0 0 0 0 0 0 0 0 0 0 1 0 
 INPUT ---       0 0 0 0 0;
 INPUT ---        0 0 0 0 0 0 0 0 0 0 0 0 0 0 0 0 0 0 0 0 0 0 0 0 0 0 0 1 0 
 INPUT ---       0 0 0 0 0;
 INPUT ---        0 0 0 0 0 0 0 0 0 0 0 0 0 0 0 0 0 0 0 0 0 0 0 0 0 0 0 1 0 
 INPUT ---       0 0 0 0 0;
 INPUT ---        0 0 0 0 0 0 0 0 0 0 0 0 0 0 0 0 0 0 0 0 0 0 0 0 0 0 0 1 0 
 INPUT ---       0 0 0 0 0;
 INPUT ---        0 0 0 0 0 0 0 0 0 0 0 0 0 0 0 0 0 0 0 0 0 0 0 0 0 0 0 1 0 
 INPUT ---       0 0 0 0 0;
 INPUT ---        0 0 0 0 0 0 0 0 0 0 0 0 0 0 0 0 0 0 0 0 0 0 0 0 0 0 0 1 0 
 INPUT ---       0 0 0 0 0;
 INPUT ---        0 0 0 0 0 0 0 0 0 0 0 0 0 0 0 0 0 0 0 0 0 0 0 0 0 0 0 1 0 
 INPUT ---       0 0 0 0 0;
 INPUT ---        0 0 0 0 0 0 0 0 0 0 0 0 0 0 0 0 0 0 0 0 0 0 0 0 0 0 0 1 0 
 INPUT ---       0 0 0 0 0;
 INPUT ---        0 0 0 0 0 0 0 0 0 0 0 0 0 0 0 0 0 0 0 0 0 0 0 0 0 0 0 1 0 
 INPUT ---       0 0 0 0 0;
 INPUT ---        0 0 0 0 0 0 0 0 0 0 0 0 0 0 0 0 0 0 0 0 0 0 0 0 0 0 0 1 0 
 INPUT ---       0 0 0 0 0;
 INPUT ---        0 0 0 0 0 0 0 0 0 0 0 0 0 0 0 0 0 0 0 0 0 0 0 0 0 0 0 1 0 
 INPUT ---       0 0 0 0 0;
 INPUT ---        0 0 0 0 0 0 0 0 0 0 0 0 0 0 0 0 0 0 0 0 0 0 0 0 0 0 0 1 0 
 INPUT ---       0 0 0 0 0;
 INPUT ---        0 0 0 0 0 0 0 0 0 0 0 0 0 0 0 0 0 0 0 0 0 0 0 0 0 0 0 1 0 
 INPUT ---       0 0 0 0 0;
 INPUT ---        0 0 0 0 0 0 0 0 0 0 0 0 0 0 0 0 0 0 0 0 0 0 0 0 0 0 0 1 0 

Program  MARK  - Survival Rate Estimation with Capture-Recapture Data
 gfortran(dble/PIM2) Vers. 11.1 Nov 2024  15-Feb-2026 11:48:03    Page  010
 - - - - - - - - - - - - - - - - - - - - - - - - - - - - - - - - - - - - - -
 
 INPUT ---       0 0 0 0 0;
 INPUT ---        0 0 0 0 0 0 0 0 0 0 0 0 0 0 0 0 0 0 0 0 0 0 0 0 0 0 0 1 0 
 INPUT ---       0 0 0 0 0;
 INPUT ---        0 0 0 0 0 0 0 0 0 0 0 0 0 0 0 0 0 0 0 0 0 0 0 0 0 0 0 1 0 
 INPUT ---       0 0 0 0 0;
 INPUT ---        0 0 0 0 0 0 0 0 0 0 0 0 0 0 0 0 0 0 0 0 0 0 0 0 0 0 0 1 0 
 INPUT ---       0 0 0 0 0;
 INPUT ---        0 0 0 0 0 0 0 0 0 0 0 0 0 0 0 0 0 0 0 0 0 0 0 0 0 0 0 1 0 
 INPUT ---       0 0 0 0 0;
 INPUT ---        0 0 0 0 0 0 0 0 0 0 0 0 0 0 0 0 0 0 0 0 0 0 0 0 0 0 0 1 0 
 INPUT ---       0 0 0 0 0;
 INPUT ---        0 0 0 0 0 0 0 0 0 0 0 0 0 0 0 0 0 0 0 0 0 0 0 0 0 0 0 1 0 
 INPUT ---       0 0 0 0 0;
 INPUT ---        0 0 0 0 0 0 0 0 0 0 0 0 0 0 0 0 0 0 0 0 0 0 0 0 0 0 0 1 0 
 INPUT ---       0 0 0 0 0;
 INPUT ---        0 0 0 0 0 0 0 0 0 0 0 0 0 0 0 0 0 0 0 0 0 0 0 0 0 0 0 1 0 
 INPUT ---       0 0 0 0 0;
 INPUT ---        0 0 0 0 0 0 0 0 0 0 0 0 0 0 0 0 0 0 0 0 0 0 0 0 0 0 0 1 0 
 INPUT ---       0 0 0 0 0;
 INPUT ---        0 0 0 0 0 0 0 0 0 0 0 0 0 0 0 0 0 0 0 0 0 0 0 0 0 0 0 1 0 
 INPUT ---       0 0 0 0 0;
 INPUT ---        0 0 0 0 0 0 0 0 0 0 0 0 0 0 0 0 0 0 0 0 0 0 0 0 0 0 0 1 0 
 INPUT ---       0 0 0 0 0;
 INPUT ---        0 0 0 0 0 0 0 0 0 0 0 0 0 0 0 0 0 0 0 0 0 0 0 0 0 0 0 1 0 
 INPUT ---       0 0 0 0 0;
 INPUT ---        0 0 0 0 0 0 0 0 0 0 0 0 0 0 0 0 0 0 0 0 0 0 0 0 0 0 0 1 0 
 INPUT ---       0 0 0 0 0;
 INPUT ---    links=165;
 INPUT ---       Logit;
 INPUT ---       Logit;
 INPUT ---       Logit;
 INPUT ---       Logit;
 INPUT ---       Logit;
 INPUT ---       Logit;
 INPUT ---       Logit;
 INPUT ---       Logit;
 INPUT ---       Logit;
 INPUT ---       Logit;
 INPUT ---       Logit;
 INPUT ---       Logit;
 INPUT ---       Logit;
 INPUT ---       Logit;
 INPUT ---       Logit;
 INPUT ---       Logit;
 INPUT ---       Logit;
 INPUT ---       Logit;

Program  MARK  - Survival Rate Estimation with Capture-Recapture Data
 gfortran(dble/PIM2) Vers. 11.1 Nov 2024  15-Feb-2026 11:48:03    Page  011
 - - - - - - - - - - - - - - - - - - - - - - - - - - - - - - - - - - - - - -
 
 INPUT ---       Logit;
 INPUT ---       Logit;
 INPUT ---       Logit;
 INPUT ---       Logit;
 INPUT ---       Logit;
 INPUT ---       Logit;
 INPUT ---       Logit;
 INPUT ---       Logit;
 INPUT ---       Logit;
 INPUT ---       Log;
 INPUT ---       Log;
 INPUT ---       Log;
 INPUT ---       Log;
 INPUT ---       Log;
 INPUT ---       Log;
 INPUT ---       mlogit(1);
 INPUT ---       mlogit(1);
 INPUT ---       mlogit(1);
 INPUT ---       mlogit(1);
 INPUT ---       mlogit(1);
 INPUT ---       mlogit(1);
 INPUT ---       mlogit(1);
 INPUT ---       mlogit(1);
 INPUT ---       mlogit(1);
 INPUT ---       mlogit(1);
 INPUT ---       mlogit(1);
 INPUT ---       mlogit(1);
 INPUT ---       mlogit(1);
 INPUT ---       mlogit(1);
 INPUT ---       mlogit(1);
 INPUT ---       mlogit(1);
 INPUT ---       mlogit(1);
 INPUT ---       mlogit(1);
 INPUT ---       mlogit(1);
 INPUT ---       mlogit(1);
 INPUT ---       mlogit(1);
 INPUT ---       mlogit(1);
 INPUT ---       mlogit(2);
 INPUT ---       mlogit(2);
 INPUT ---       mlogit(2);
 INPUT ---       mlogit(2);
 INPUT ---       mlogit(2);
 INPUT ---       mlogit(2);
 INPUT ---       mlogit(2);
 INPUT ---       mlogit(2);
 INPUT ---       mlogit(2);

Program  MARK  - Survival Rate Estimation with Capture-Recapture Data
 gfortran(dble/PIM2) Vers. 11.1 Nov 2024  15-Feb-2026 11:48:03    Page  012
 - - - - - - - - - - - - - - - - - - - - - - - - - - - - - - - - - - - - - -
 
 INPUT ---       mlogit(2);
 INPUT ---       mlogit(2);
 INPUT ---       mlogit(2);
 INPUT ---       mlogit(2);
 INPUT ---       mlogit(2);
 INPUT ---       mlogit(2);
 INPUT ---       mlogit(2);
 INPUT ---       mlogit(2);
 INPUT ---       mlogit(2);
 INPUT ---       mlogit(2);
 INPUT ---       mlogit(2);
 INPUT ---       mlogit(2);
 INPUT ---       mlogit(2);
 INPUT ---       mlogit(3);
 INPUT ---       mlogit(3);
 INPUT ---       mlogit(3);
 INPUT ---       mlogit(3);
 INPUT ---       mlogit(3);
 INPUT ---       mlogit(3);
 INPUT ---       mlogit(3);
 INPUT ---       mlogit(3);
 INPUT ---       mlogit(3);
 INPUT ---       mlogit(3);
 INPUT ---       mlogit(3);
 INPUT ---       mlogit(3);
 INPUT ---       mlogit(3);
 INPUT ---       mlogit(3);
 INPUT ---       mlogit(3);
 INPUT ---       mlogit(3);
 INPUT ---       mlogit(3);
 INPUT ---       mlogit(3);
 INPUT ---       mlogit(3);
 INPUT ---       mlogit(3);
 INPUT ---       mlogit(3);
 INPUT ---       mlogit(3);
 INPUT ---       mlogit(4);
 INPUT ---       mlogit(4);
 INPUT ---       mlogit(4);
 INPUT ---       mlogit(4);
 INPUT ---       mlogit(4);
 INPUT ---       mlogit(4);
 INPUT ---       mlogit(4);
 INPUT ---       mlogit(4);
 INPUT ---       mlogit(4);
 INPUT ---       mlogit(4);
 INPUT ---       mlogit(4);

Program  MARK  - Survival Rate Estimation with Capture-Recapture Data
 gfortran(dble/PIM2) Vers. 11.1 Nov 2024  15-Feb-2026 11:48:03    Page  013
 - - - - - - - - - - - - - - - - - - - - - - - - - - - - - - - - - - - - - -
 
 INPUT ---       mlogit(4);
 INPUT ---       mlogit(4);
 INPUT ---       mlogit(4);
 INPUT ---       mlogit(4);
 INPUT ---       mlogit(4);
 INPUT ---       mlogit(4);
 INPUT ---       mlogit(4);
 INPUT ---       mlogit(4);
 INPUT ---       mlogit(4);
 INPUT ---       mlogit(4);
 INPUT ---       mlogit(4);
 INPUT ---       mlogit(5);
 INPUT ---       mlogit(5);
 INPUT ---       mlogit(5);
 INPUT ---       mlogit(5);
 INPUT ---       mlogit(5);
 INPUT ---       mlogit(5);
 INPUT ---       mlogit(5);
 INPUT ---       mlogit(5);
 INPUT ---       mlogit(5);
 INPUT ---       mlogit(5);
 INPUT ---       mlogit(5);
 INPUT ---       mlogit(5);
 INPUT ---       mlogit(5);
 INPUT ---       mlogit(5);
 INPUT ---       mlogit(5);
 INPUT ---       mlogit(5);
 INPUT ---       mlogit(5);
 INPUT ---       mlogit(5);
 INPUT ---       mlogit(5);
 INPUT ---       mlogit(5);
 INPUT ---       mlogit(5);
 INPUT ---       mlogit(5);
 INPUT ---       mlogit(6);
 INPUT ---       mlogit(6);
 INPUT ---       mlogit(6);
 INPUT ---       mlogit(6);
 INPUT ---       mlogit(6);
 INPUT ---       mlogit(6);
 INPUT ---       mlogit(6);
 INPUT ---       mlogit(6);
 INPUT ---       mlogit(6);
 INPUT ---       mlogit(6);
 INPUT ---       mlogit(6);
 INPUT ---       mlogit(6);
 INPUT ---       mlogit(6);

Program  MARK  - Survival Rate Estimation with Capture-Recapture Data
 gfortran(dble/PIM2) Vers. 11.1 Nov 2024  15-Feb-2026 11:48:03    Page  014
 - - - - - - - - - - - - - - - - - - - - - - - - - - - - - - - - - - - - - -
 
 INPUT ---       mlogit(6);
 INPUT ---       mlogit(6);
 INPUT ---       mlogit(6);
 INPUT ---       mlogit(6);
 INPUT ---       mlogit(6);
 INPUT ---       mlogit(6);
 INPUT ---       mlogit(6);
 INPUT ---       mlogit(6);
 INPUT ---       mlogit(6);
 INPUT ---       blabel(1)=Phi:(Intercept);
 INPUT ---       blabel(2)=Phi:Seasonhibernation;
 INPUT ---       blabel(3)=Phi:valleyS;
 INPUT ---       blabel(4)=Phi:Seasonhibernation:valleyS;
 INPUT ---       blabel(5)=p:(Intercept);
 INPUT ---       blabel(6)=p:time1.49277266754271;
 INPUT ---       blabel(7)=p:time2.01839684625493;
 INPUT ---       blabel(8)=p:time2.51116951379763;
 INPUT ---       blabel(9)=p:time3.00394218134034;
 INPUT ---       blabel(10)=p:time3.49671484888305;
 INPUT ---       blabel(11)=p:time4.02233902759527;
 INPUT ---       blabel(12)=p:time4.51511169513798;
 INPUT ---       blabel(13)=p:time5.0407358738502;
 INPUT ---       blabel(14)=p:time5.5335085413929;
 INPUT ---       blabel(15)=p:time6.35479632063075;
 INPUT ---       blabel(16)=p:time13.3193166885677;
 INPUT ---       blabel(17)=p:time14.3377135348226;
 INPUT ---       blabel(18)=p:time15.323258869908;
 INPUT ---       blabel(19)=p:time16.0131406044678;
 INPUT ---       blabel(20)=p:time16.5059132720105;
 INPUT ---       blabel(21)=p:time17.0315374507227;
 INPUT ---       blabel(22)=p:time17.5243101182654;
 INPUT ---       blabel(23)=p:time26.3613666228647;
 INPUT ---       blabel(24)=p:time27.3469119579501;
 INPUT ---       blabel(25)=p:time28.365308804205;
 INPUT ---       blabel(26)=p:time29.3837056504599;
 INPUT ---       blabel(27)=p:time30.3692509855453;
 INPUT ---       blabel(28)=pent:(Intercept);
 INPUT ---       blabel(29)=N:(Intercept);
 INPUT ---       blabel(30)=N:groupS1;
 INPUT ---       blabel(31)=N:groupR2;
 INPUT ---       blabel(32)=N:groupS2;
 INPUT ---       blabel(33)=N:groupR3;
 INPUT ---       blabel(34)=N:groupS3;
 INPUT ---       rlabel(1)=Phi gR1 a0 t1;
 INPUT ---       rlabel(2)=Phi gR1 a12.3193166885677 t13.3193166885677;
 INPUT ---       rlabel(3)=Phi gS1 a0 t1;

Program  MARK  - Survival Rate Estimation with Capture-Recapture Data
 gfortran(dble/PIM2) Vers. 11.1 Nov 2024  15-Feb-2026 11:48:04    Page  015
 - - - - - - - - - - - - - - - - - - - - - - - - - - - - - - - - - - - - - -
 
 INPUT ---       rlabel(4)=Phi gS1 a12.3193166885677 t13.3193166885677;
 INPUT ---       rlabel(5)=p gR1 a0 t1;
 INPUT ---       rlabel(6)=p gR1 a0.492772667542707 t1.49277266754271;
 INPUT ---       rlabel(7)=p gR1 a1.01839684625493 t2.01839684625493;
 INPUT ---       rlabel(8)=p gR1 a1.51116951379763 t2.51116951379763;
 INPUT ---       rlabel(9)=p gR1 a2.00394218134034 t3.00394218134034;
 INPUT ---       rlabel(10)=p gR1 a2.49671484888305 t3.49671484888305;
 INPUT ---       rlabel(11)=p gR1 a3.02233902759527 t4.02233902759527;
 INPUT ---       rlabel(12)=p gR1 a3.51511169513798 t4.51511169513798;
 INPUT ---       rlabel(13)=p gR1 a4.0407358738502 t5.0407358738502;
 INPUT ---       rlabel(14)=p gR1 a4.5335085413929 t5.5335085413929;
 INPUT ---       rlabel(15)=p gR1 a5.35479632063075 t6.35479632063075;
 INPUT ---       rlabel(16)=p gR1 a12.3193166885677 t13.3193166885677;
 INPUT ---       rlabel(17)=p gR1 a13.3377135348226 t14.3377135348226;
 INPUT ---       rlabel(18)=p gR1 a14.323258869908 t15.323258869908;
 INPUT ---       rlabel(19)=p gR1 a15.0131406044678 t16.0131406044678;
 INPUT ---       rlabel(20)=p gR1 a15.5059132720105 t16.5059132720105;
 INPUT ---       rlabel(21)=p gR1 a16.0315374507227 t17.0315374507227;
 INPUT ---       rlabel(22)=p gR1 a16.5243101182654 t17.5243101182654;
 INPUT ---       rlabel(23)=p gR1 a25.3613666228647 t26.3613666228647;
 INPUT ---       rlabel(24)=p gR1 a26.3469119579501 t27.3469119579501;
 INPUT ---       rlabel(25)=p gR1 a27.365308804205 t28.365308804205;
 INPUT ---       rlabel(26)=p gR1 a28.3837056504599 t29.3837056504599;
 INPUT ---       rlabel(27)=p gR1 a29.3692509855453 t30.3692509855453;
 INPUT ---       rlabel(28)=N gR1 a0 t1;
 INPUT ---       rlabel(29)=N gS1 a0 t1;
 INPUT ---       rlabel(30)=N gR2 a0 t1;
 INPUT ---       rlabel(31)=N gS2 a0 t1;
 INPUT ---       rlabel(32)=N gR3 a0 t1;
 INPUT ---       rlabel(33)=N gS3 a0 t1;
 INPUT ---       rlabel(34)=pent gR1 a0.492772667542707 t1.49277266754271;
 INPUT ---       rlabel(35)=pent gR1 a1.01839684625493 t2.01839684625493;
 INPUT ---       rlabel(36)=pent gR1 a1.51116951379763 t2.51116951379763;
 INPUT ---       rlabel(37)=pent gR1 a2.00394218134034 t3.00394218134034;
 INPUT ---       rlabel(38)=pent gR1 a2.49671484888305 t3.49671484888305;
 INPUT ---       rlabel(39)=pent gR1 a3.02233902759527 t4.02233902759527;
 INPUT ---       rlabel(40)=pent gR1 a3.51511169513798 t4.51511169513798;
 INPUT ---       rlabel(41)=pent gR1 a4.0407358738502 t5.0407358738502;
 INPUT ---       rlabel(42)=pent gR1 a4.5335085413929 t5.5335085413929;
 INPUT ---       rlabel(43)=pent gR1 a5.35479632063075 t6.35479632063075;
 INPUT ---       rlabel(44)=pent gR1 a12.3193166885677 t13.3193166885677;
 INPUT ---       rlabel(45)=pent gR1 a13.3377135348226 t14.3377135348226;
 INPUT ---       rlabel(46)=pent gR1 a14.323258869908 t15.323258869908;
 INPUT ---       rlabel(47)=pent gR1 a15.0131406044678 t16.0131406044678;
 INPUT ---       rlabel(48)=pent gR1 a15.5059132720105 t16.5059132720105;
 INPUT ---       rlabel(49)=pent gR1 a16.0315374507227 t17.0315374507227;

Program  MARK  - Survival Rate Estimation with Capture-Recapture Data
 gfortran(dble/PIM2) Vers. 11.1 Nov 2024  15-Feb-2026 11:48:04    Page  016
 - - - - - - - - - - - - - - - - - - - - - - - - - - - - - - - - - - - - - -
 
 INPUT ---       rlabel(50)=pent gR1 a16.5243101182654 t17.5243101182654;
 INPUT ---       rlabel(51)=pent gR1 a25.3613666228647 t26.3613666228647;
 INPUT ---       rlabel(52)=pent gR1 a26.3469119579501 t27.3469119579501;
 INPUT ---       rlabel(53)=pent gR1 a27.365308804205 t28.365308804205;
 INPUT ---       rlabel(54)=pent gR1 a28.3837056504599 t29.3837056504599;
 INPUT ---       rlabel(55)=pent gR1 a29.3692509855453 t30.3692509855453;
 INPUT ---       rlabel(56)=pent gS1 a0.492772667542707 t1.49277266754271;
 INPUT ---       rlabel(57)=pent gS1 a1.01839684625493 t2.01839684625493;
 INPUT ---       rlabel(58)=pent gS1 a1.51116951379763 t2.51116951379763;
 INPUT ---       rlabel(59)=pent gS1 a2.00394218134034 t3.00394218134034;
 INPUT ---       rlabel(60)=pent gS1 a2.49671484888305 t3.49671484888305;
 INPUT ---       rlabel(61)=pent gS1 a3.02233902759527 t4.02233902759527;
 INPUT ---       rlabel(62)=pent gS1 a3.51511169513798 t4.51511169513798;
 INPUT ---       rlabel(63)=pent gS1 a4.0407358738502 t5.0407358738502;
 INPUT ---       rlabel(64)=pent gS1 a4.5335085413929 t5.5335085413929;
 INPUT ---       rlabel(65)=pent gS1 a5.35479632063075 t6.35479632063075;
 INPUT ---       rlabel(66)=pent gS1 a12.3193166885677 t13.3193166885677;
 INPUT ---       rlabel(67)=pent gS1 a13.3377135348226 t14.3377135348226;
 INPUT ---       rlabel(68)=pent gS1 a14.323258869908 t15.323258869908;
 INPUT ---       rlabel(69)=pent gS1 a15.0131406044678 t16.0131406044678;
 INPUT ---       rlabel(70)=pent gS1 a15.5059132720105 t16.5059132720105;
 INPUT ---       rlabel(71)=pent gS1 a16.0315374507227 t17.0315374507227;
 INPUT ---       rlabel(72)=pent gS1 a16.5243101182654 t17.5243101182654;
 INPUT ---       rlabel(73)=pent gS1 a25.3613666228647 t26.3613666228647;
 INPUT ---       rlabel(74)=pent gS1 a26.3469119579501 t27.3469119579501;
 INPUT ---       rlabel(75)=pent gS1 a27.365308804205 t28.365308804205;
 INPUT ---       rlabel(76)=pent gS1 a28.3837056504599 t29.3837056504599;
 INPUT ---       rlabel(77)=pent gS1 a29.3692509855453 t30.3692509855453;
 INPUT ---       rlabel(78)=pent gR2 a0.492772667542707 t1.49277266754271;
 INPUT ---       rlabel(79)=pent gR2 a1.01839684625493 t2.01839684625493;
 INPUT ---       rlabel(80)=pent gR2 a1.51116951379763 t2.51116951379763;
 INPUT ---       rlabel(81)=pent gR2 a2.00394218134034 t3.00394218134034;
 INPUT ---       rlabel(82)=pent gR2 a2.49671484888305 t3.49671484888305;
 INPUT ---       rlabel(83)=pent gR2 a3.02233902759527 t4.02233902759527;
 INPUT ---       rlabel(84)=pent gR2 a3.51511169513798 t4.51511169513798;
 INPUT ---       rlabel(85)=pent gR2 a4.0407358738502 t5.0407358738502;
 INPUT ---       rlabel(86)=pent gR2 a4.5335085413929 t5.5335085413929;
 INPUT ---       rlabel(87)=pent gR2 a5.35479632063075 t6.35479632063075;
 INPUT ---       rlabel(88)=pent gR2 a12.3193166885677 t13.3193166885677;
 INPUT ---       rlabel(89)=pent gR2 a13.3377135348226 t14.3377135348226;
 INPUT ---       rlabel(90)=pent gR2 a14.323258869908 t15.323258869908;
 INPUT ---       rlabel(91)=pent gR2 a15.0131406044678 t16.0131406044678;
 INPUT ---       rlabel(92)=pent gR2 a15.5059132720105 t16.5059132720105;
 INPUT ---       rlabel(93)=pent gR2 a16.0315374507227 t17.0315374507227;
 INPUT ---       rlabel(94)=pent gR2 a16.5243101182654 t17.5243101182654;
 INPUT ---       rlabel(95)=pent gR2 a25.3613666228647 t26.3613666228647;

Program  MARK  - Survival Rate Estimation with Capture-Recapture Data
 gfortran(dble/PIM2) Vers. 11.1 Nov 2024  15-Feb-2026 11:48:04    Page  017
 - - - - - - - - - - - - - - - - - - - - - - - - - - - - - - - - - - - - - -
 
 INPUT ---       rlabel(96)=pent gR2 a26.3469119579501 t27.3469119579501;
 INPUT ---       rlabel(97)=pent gR2 a27.365308804205 t28.365308804205;
 INPUT ---       rlabel(98)=pent gR2 a28.3837056504599 t29.3837056504599;
 INPUT ---       rlabel(99)=pent gR2 a29.3692509855453 t30.3692509855453;
 INPUT ---       rlabel(100)=pent gS2 a0.492772667542707 t1.49277266754271;
 INPUT ---       rlabel(101)=pent gS2 a1.01839684625493 t2.01839684625493;
 INPUT ---       rlabel(102)=pent gS2 a1.51116951379763 t2.51116951379763;
 INPUT ---       rlabel(103)=pent gS2 a2.00394218134034 t3.00394218134034;
 INPUT ---       rlabel(104)=pent gS2 a2.49671484888305 t3.49671484888305;
 INPUT ---       rlabel(105)=pent gS2 a3.02233902759527 t4.02233902759527;
 INPUT ---       rlabel(106)=pent gS2 a3.51511169513798 t4.51511169513798;
 INPUT ---       rlabel(107)=pent gS2 a4.0407358738502 t5.0407358738502;
 INPUT ---       rlabel(108)=pent gS2 a4.5335085413929 t5.5335085413929;
 INPUT ---       rlabel(109)=pent gS2 a5.35479632063075 t6.35479632063075;
 INPUT ---       rlabel(110)=pent gS2 a12.3193166885677 t13.3193166885677;
 INPUT ---       rlabel(111)=pent gS2 a13.3377135348226 t14.3377135348226;
 INPUT ---       rlabel(112)=pent gS2 a14.323258869908 t15.323258869908;
 INPUT ---       rlabel(113)=pent gS2 a15.0131406044678 t16.0131406044678;
 INPUT ---       rlabel(114)=pent gS2 a15.5059132720105 t16.5059132720105;
 INPUT ---       rlabel(115)=pent gS2 a16.0315374507227 t17.0315374507227;
 INPUT ---       rlabel(116)=pent gS2 a16.5243101182654 t17.5243101182654;
 INPUT ---       rlabel(117)=pent gS2 a25.3613666228647 t26.3613666228647;
 INPUT ---       rlabel(118)=pent gS2 a26.3469119579501 t27.3469119579501;
 INPUT ---       rlabel(119)=pent gS2 a27.365308804205 t28.365308804205;
 INPUT ---       rlabel(120)=pent gS2 a28.3837056504599 t29.3837056504599;
 INPUT ---       rlabel(121)=pent gS2 a29.3692509855453 t30.3692509855453;
 INPUT ---       rlabel(122)=pent gR3 a0.492772667542707 t1.49277266754271;
 INPUT ---       rlabel(123)=pent gR3 a1.01839684625493 t2.01839684625493;
 INPUT ---       rlabel(124)=pent gR3 a1.51116951379763 t2.51116951379763;
 INPUT ---       rlabel(125)=pent gR3 a2.00394218134034 t3.00394218134034;
 INPUT ---       rlabel(126)=pent gR3 a2.49671484888305 t3.49671484888305;
 INPUT ---       rlabel(127)=pent gR3 a3.02233902759527 t4.02233902759527;
 INPUT ---       rlabel(128)=pent gR3 a3.51511169513798 t4.51511169513798;
 INPUT ---       rlabel(129)=pent gR3 a4.0407358738502 t5.0407358738502;
 INPUT ---       rlabel(130)=pent gR3 a4.5335085413929 t5.5335085413929;
 INPUT ---       rlabel(131)=pent gR3 a5.35479632063075 t6.35479632063075;
 INPUT ---       rlabel(132)=pent gR3 a12.3193166885677 t13.3193166885677;
 INPUT ---       rlabel(133)=pent gR3 a13.3377135348226 t14.3377135348226;
 INPUT ---       rlabel(134)=pent gR3 a14.323258869908 t15.323258869908;
 INPUT ---       rlabel(135)=pent gR3 a15.0131406044678 t16.0131406044678;
 INPUT ---       rlabel(136)=pent gR3 a15.5059132720105 t16.5059132720105;
 INPUT ---       rlabel(137)=pent gR3 a16.0315374507227 t17.0315374507227;
 INPUT ---       rlabel(138)=pent gR3 a16.5243101182654 t17.5243101182654;
 INPUT ---       rlabel(139)=pent gR3 a25.3613666228647 t26.3613666228647;
 INPUT ---       rlabel(140)=pent gR3 a26.3469119579501 t27.3469119579501;
 INPUT ---       rlabel(141)=pent gR3 a27.365308804205 t28.365308804205;

Program  MARK  - Survival Rate Estimation with Capture-Recapture Data
 gfortran(dble/PIM2) Vers. 11.1 Nov 2024  15-Feb-2026 11:48:04    Page  018
 - - - - - - - - - - - - - - - - - - - - - - - - - - - - - - - - - - - - - -
 
 INPUT ---       rlabel(142)=pent gR3 a28.3837056504599 t29.3837056504599;
 INPUT ---       rlabel(143)=pent gR3 a29.3692509855453 t30.3692509855453;
 INPUT ---       rlabel(144)=pent gS3 a0.492772667542707 t1.49277266754271;
 INPUT ---       rlabel(145)=pent gS3 a1.01839684625493 t2.01839684625493;
 INPUT ---       rlabel(146)=pent gS3 a1.51116951379763 t2.51116951379763;
 INPUT ---       rlabel(147)=pent gS3 a2.00394218134034 t3.00394218134034;
 INPUT ---       rlabel(148)=pent gS3 a2.49671484888305 t3.49671484888305;
 INPUT ---       rlabel(149)=pent gS3 a3.02233902759527 t4.02233902759527;
 INPUT ---       rlabel(150)=pent gS3 a3.51511169513798 t4.51511169513798;
 INPUT ---       rlabel(151)=pent gS3 a4.0407358738502 t5.0407358738502;
 INPUT ---       rlabel(152)=pent gS3 a4.5335085413929 t5.5335085413929;
 INPUT ---       rlabel(153)=pent gS3 a5.35479632063075 t6.35479632063075;
 INPUT ---       rlabel(154)=pent gS3 a12.3193166885677 t13.3193166885677;
 INPUT ---       rlabel(155)=pent gS3 a13.3377135348226 t14.3377135348226;
 INPUT ---       rlabel(156)=pent gS3 a14.323258869908 t15.323258869908;
 INPUT ---       rlabel(157)=pent gS3 a15.0131406044678 t16.0131406044678;
 INPUT ---       rlabel(158)=pent gS3 a15.5059132720105 t16.5059132720105;
 INPUT ---       rlabel(159)=pent gS3 a16.0315374507227 t17.0315374507227;
 INPUT ---       rlabel(160)=pent gS3 a16.5243101182654 t17.5243101182654;
 INPUT ---       rlabel(161)=pent gS3 a25.3613666228647 t26.3613666228647;
 INPUT ---       rlabel(162)=pent gS3 a26.3469119579501 t27.3469119579501;
 INPUT ---       rlabel(163)=pent gS3 a27.365308804205 t28.365308804205;
 INPUT ---       rlabel(164)=pent gS3 a28.3837056504599 t29.3837056504599;
 INPUT ---       rlabel(165)=pent gS3 a29.3692509855453 t30.3692509855453;
   Model is { Phi_season_valley }

 Link Function Used is PARM-SPECIFIC

 Variance Estimation Procedure Used is 2ndPart 

 M(t+1):
      12      5     14      4     74     23

 Group 1 = valleyR.altitude1

 U(t)+UL(t):
       2    0    0    0    1    0    1    0    1    1    1    3    0    0    0
       0    2    0    0    0    0    0    0

 U(t):
       2    0    0    0    1    0    1    0    1    1    1    3    0    0    0
       0    2    0    0    0    0    0    0

 UL(t):
       0    0    0    0    0    0    0    0    0    0    0    0    0    0    0
       0    0    0    0    0    0    0    0

 Not Released(t):
       0    0    0    0    0    0    0    0    0    0    0    0    0    0    0
       0    0    0    0    0    0    0    0

 Group 2 = valleyS.altitude1

 U(t)+UL(t):
       0    0    0    1    1    0    2    0    0    0    0    0    0    0    1
       0    0    0    0    0    0    0    0

 U(t):
       0    0    0    1    1    0    2    0    0    0    0    0    0    0    1
       0    0    0    0    0    0    0    0

 UL(t):
       0    0    0    0    0    0    0    0    0    0    0    0    0    0    0
       0    0    0    0    0    0    0    0

 Not Released(t):
       0    0    0    0    0    0    0    0    0    0    0    0    0    0    0
       0    0    0    0    0    0    0    0

 Group 3 = valleyR.altitude2

 U(t)+UL(t):
       2    0    0    0    1    0    1    0    0    0    1    1    0    1    0
       0    0    2    3    0    0    0    2

 U(t):
       2    0    0    0    1    0    1    0    0    0    1    1    0    1    0
       0    0    2    3    0    0    0    2

 UL(t):
       0    0    0    0    0    0    0    0    0    0    0    0    0    0    0
       0    0    0    0    0    0    0    0

 Not Released(t):
       0    0    0    0    0    0    0    0    0    0    0    0    0    0    0
       0    0    0    0    0    0    0    0

 Group 4 = valleyS.altitude2

 U(t)+UL(t):
       0    0    0    1    0    1    0    0    0    0    0    2    0    0    0
       0    0    0    0    0    0    0    0

 U(t):
       0    0    0    1    0    1    0    0    0    0    0    2    0    0    0
       0    0    0    0    0    0    0    0

 UL(t):
       0    0    0    0    0    0    0    0    0    0    0    0    0    0    0
       0    0    0    0    0    0    0    0

 Not Released(t):
       0    0    0    0    0    0    0    0    0    0    0    0    0    0    0
       0    0    0    0    0    0    0    0

 Group 5 = valleyR.altitude3

 U(t)+UL(t):
       3    6    2    2    1    0    4    1    3    0    0    9    2    0    5
       6    2    2   10    1    9    6    0

 U(t):
       3    6    2    2    1    0    4    1    3    0    0    9    2    0    5
       6    2    2   10    1    9    6    0

 UL(t):
       0    0    0    0    0    0    0    0    0    0    0    0    0    0    0
       0    0    0    0    0    0    0    0

 Not Released(t):
       0    0    0    0    0    0    0    0    0    0    0    0    0    0    0
       0    0    0    0    0    0    0    0

 Group 6 = valleyS.altitude3

 U(t)+UL(t):
       0    1    1    0    0    1    1    2    3    4    0    1    3    0    1
       1    1    0    0    2    1    0    0

 U(t):
       0    1    1    0    0    1    1    2    3    4    0    1    3    0    1
       1    1    0    0    2    1    0    0

 UL(t):
       0    0    0    0    0    0    0    0    0    0    0    0    0    0    0
       0    0    0    0    0    0    0    0

 Not Released(t):
       0    0    0    0    0    0    0    0    0    0    0    0    0    0    0
       0    0    0    0    0    0    0    0


 -2logL(saturated) = 760.43885     
 Effective Sample Size = 224

 Number of function evaluations was 56 for 34 parameters.
 For numerical optimization, CPU Time was 0.484 secs and System Time was 0.250 secs.
 -2logL { Phi_season_valley } = 871.39749     
 Penalty { Phi_season_valley } = 0.0000000     

Program  MARK  - Survival Rate Estimation with Capture-Recapture Data
 gfortran(dble/PIM2) Vers. 11.1 Nov 2024  15-Feb-2026 11:48:04    Page  019
 - - - - - - - - - - - - - - - - - - - - - - - - - - - - - - - - - - - - - -
 
 Gradient { Phi_season_valley }:
 -3.44509E-05  1.18340E-05 -3.93986E-05   0.0000       0.0000    
  2.44414E-05  2.60496E-05  1.63196E-05 -5.60696E-06  1.49966E-05
  1.92921E-05   0.0000      1.93643E-05   0.0000     -8.87819E-06
 -1.31879E-05  1.60119E-05  9.76412E-06  2.26370E-05 -5.19143E-06
  3.99760E-05  6.97215E-06 -1.88141E-05 -1.63756E-05  6.84854E-06
  8.66217E-06  6.96254E-06  1.33228E-05 -3.81429E-05 -1.87623E-05
 -2.62583E-05 -1.62558E-05 -5.32563E-06 -1.15617E-05
 Maximum ABS(G) { Phi_season_valley } =  3.99760E-05
 To compute VC matrix, CPU Time was 0.422 secs and System Time was 0.266 secs.
 S Vector { Phi_season_valley }:
   197.4855      43.87563      29.63318      19.60778      14.07846    
   12.94315      10.66993      10.43048      10.02037      9.673114    
   8.876010      8.409721      8.044887      7.117062      6.995853    
   6.988487      6.892585      6.655982      6.394696      5.895529    
   5.419528      5.242334      4.253261      4.112526      3.766543    
   3.052542      2.792117      2.447814      1.939760      1.777893    
  0.9303756     0.6219019     0.3126343     0.2077557E-01
 To invert VC matrix, CPU Time was 0.001 secs and System Time was 0.001 secs.
 Ratio Threshold = 50.00 Max Gap (33/34) = 15.05 Next Max Gap (1/2) = 4.501
 Gap Method for Num. of Estimated Parameters { Phi_season_valley } = 34          
 Threshold { Phi_season_valley } = 0.7995208E-04           
 Numerical Threshold Method for Num. of Estimated Parameters { Phi_season_valley } = 34          
 Number of Estimated Parameters { Phi_season_valley } = 34          
 DEVIANCE { Phi_season_valley } = 110.95864               
 DEVIANCE Degrees of Freedom { Phi_season_valley } = 50          
 c-hat { Phi_season_valley } = 2.2191727               
 AIC { Phi_season_valley } = 939.39749               
 AICc { Phi_season_valley } = 951.99008               
 BIC { Phi_season_valley } = 1055.3935               
 Pearson Chisquare { Phi_season_valley } = 0.6899627E+08           
 Possible Encounter Histories { Phi_season_valley } = 50331642          
 Pearson Chisquare df { Phi_season_valley } = 50331602          
 Pearson chat { Phi_season_valley } = 1.3708339               
 Sum(Observed/Expected) { Phi_season_valley } = 0.6899632E+08           
 s-bar { Phi_season_valley } = 0.3708340               
 Fletcher chat { Phi_season_valley } = 0.9999999               

Program  MARK  - Survival Rate Estimation with Capture-Recapture Data
 gfortran(dble/PIM2) Vers. 11.1 Nov 2024  15-Feb-2026 11:48:04    Page  020
 - - - - - - - - - - - - - - - - - - - - - - - - - - - - - - - - - - - - - -
 
             PARM-SPECIFIC Link Function Parameters of { Phi_season_valley }
                                                              95% Confidence Interval
    Parameter                  Beta         Standard Error     Lower           Upper
 -------------------------  --------------  --------------  --------------  --------------
    1:Phi:(Intercept)        2.9862211       0.5217797       1.9635328       4.0089093    
    2:Phi:Seasonhibernatio  -2.8681912       0.9402158      -4.7110142      -1.0253683    
    3:Phi:valleyS           -0.9364610       0.5742246      -2.0619413       0.1890192    
    4:Phi:Seasonhibernatio   1.3590916       1.6784464      -1.9306634       4.6488466    
    5:p:(Intercept)          0.3140275       1.4504659      -2.5288857       3.1569407    
    6:p:time1.492772667542  -0.8729022       1.2587901      -3.3401308       1.5943263    
    7:p:time2.018396846254  -1.9287997       1.4133515      -4.6989688       0.8413693    
    8:p:time2.511169513797  -1.8049940       1.4309208      -4.6095988       0.9996108    
    9:p:time3.003942181340  -1.7214035       1.4427329      -4.5491600       1.1063530    
   10:p:time3.496714848883  -2.0524545       1.4651233      -4.9240962       0.8191873    
   11:p:time4.022339027595  -1.3728094       1.4553029      -4.2252030       1.4795843    
   12:p:time4.515111695137  -2.3800782       1.4866567      -5.2939254       0.5337690    
   13:p:time5.040735873850  -2.1519419       1.4821472      -5.0569505       0.7530667    
   14:p:time5.533508541392  -2.6268690       1.4982971      -5.5635315       0.3097934    
   15:p:time6.354796320630  -4.1560452       1.6215458      -7.3342750      -0.9778155    
   16:p:time13.31931668856  -1.3140609       1.4969399      -4.2480632       1.6199414    
   17:p:time14.33771353482  -1.8588956       1.5220421      -4.8420982       1.1243070    
   18:p:time15.32325886990  -2.1254832       1.5253786      -5.1152253       0.8642590    
   19:p:time16.01314060446  -1.6962543       1.5124844      -4.6607237       1.2682152    
   20:p:time16.50591327201  -1.9392277       1.5131703      -4.9050416       1.0265862    
   21:p:time17.03153745072  -1.2901901       1.5088432      -4.2475229       1.6671426    
   22:p:time17.52431011826  -3.3770700       1.5638024      -6.4421229      -0.3120172    
   23:p:time26.36136662286  -1.4330867       1.5493191      -4.4697521       1.6035788    
   24:p:time27.34691195795  -1.7953950       1.5681442      -4.8689577       1.2781677    
   25:p:time28.36530880420  -1.2280362       1.5509045      -4.2678091       1.8117367    
   26:p:time29.38370565045  -2.5230881       1.5584764      -5.5777020       0.5315258    
   27:p:time30.36925098554  -3.3831111       1.6072672      -6.5333548      -0.2328673    
   28:pent:(Intercept)      -0.1453132       0.6805308      -1.4791535       1.1885271    
   29:N:(Intercept)          2.2003419       0.4833715       1.2529338       3.1477501    
   30:N:groupS1             -0.6265363       0.8466219      -2.2859152       1.0328426    
   31:N:groupR2              0.1622083       0.6222202      -1.0573433       1.3817599    
   32:N:groupS2             -0.8773326       0.9334638      -2.7069217       0.9522565    
   33:N:groupR3              1.8651603       0.4910507       0.9027009       2.8276198    
   34:N:groupS3              0.9796527       0.5709910      -0.1394897       2.0987950    

Program  MARK  - Survival Rate Estimation with Capture-Recapture Data
 gfortran(dble/PIM2) Vers. 11.1 Nov 2024  15-Feb-2026 11:48:04    Page  021
 - - - - - - - - - - - - - - - - - - - - - - - - - - - - - - - - - - - - - -
 
                    Real Function Parameters of { Phi_season_valley }
                                                               95% Confidence Interval
     Parameter                Estimate       Standard Error     Lower           Upper
 --------------------------  --------------  --------------  --------------  --------------
     1:Phi gR1 a0 t1          0.9519477       0.0238679       0.8769148       0.9821705       
     2:Phi gR1 a12.31931668   0.5294733       0.1369896       0.2769356       0.7677720       
     3:Phi gS1 a0 t1          0.8859234       0.0426588       0.7724934       0.9467015       
     4:Phi gS1 a12.31931668   0.6319660       0.3145721       0.1081048       0.9605157       
     5:p gR1 a0 t1            0.5778680       0.3538217       0.0738578       0.9591813       
     6:p gR1 a0.49277266754   0.3638079       0.1363030       0.1527584       0.6445984       
     7:p gR1 a1.01839684625   0.1659271       0.0743693       0.0648873       0.3631936       
     8:p gR1 a1.51116951379   0.1837767       0.0690213       0.0837213       0.3568402       
     9:p gR1 a2.00394218134   0.1966483       0.0651354       0.0983674       0.3545144       
    10:p gR1 a2.49671484888   0.1495129       0.0528076       0.0722658       0.2840500       
    11:p gR1 a3.02233902759   0.2575423       0.0643871       0.1520299       0.4016018       
    12:p gR1 a3.51511169513   0.1124406       0.0398406       0.0547585       0.2169393       
    13:p gR1 a4.04073587385   0.1372981       0.0416506       0.0739784       0.2407260       
    14:p gR1 a4.53350854139   0.0900650       0.0320828       0.0439341       0.1757305       
    15:p gR1 a5.35479632063   0.0209998       0.0148981       0.0051564       0.0815336       
    16:p gR1 a12.3193166885   0.2689349       0.0714978       0.1528013       0.4286724       
    17:p gR1 a13.3377135348   0.1758287       0.0608759       0.0856271       0.3270627       
    18:p gR1 a14.3232588699   0.1404623       0.0511594       0.0664846       0.2727086       
    19:p gR1 a15.0131406044   0.2006516       0.0579024       0.1100918       0.3374565       
    20:p gR1 a15.5059132720   0.1644889       0.0492645       0.0888475       0.2844260       
    21:p gR1 a16.0315374507   0.2736539       0.0629106       0.1684700       0.4119729       
    22:p gR1 a16.5243101182   0.0446577       0.0226685       0.0162312       0.1169506       
    23:p gR1 a25.3613666228   0.2461858       0.0880741       0.1141272       0.4529253       
    24:p gR1 a26.3469119579   0.1852210       0.0766375       0.0775080       0.3808275       
    25:p gR1 a27.3653088042   0.2861802       0.0893114       0.1454282       0.4857290       
    26:p gR1 a28.3837056504   0.0989398       0.0432301       0.0407192       0.2212086       
    27:p gR1 a29.3692509855   0.0444007       0.0265092       0.0134709       0.1365194       
    28:N gR1 a0 t1            21.028100       4.3639263       15.677412       34.164119       
    29:N gS1 a0 t1            9.8249756       3.4700665       6.3611034       22.104056       
    30:N gR2 a0 t1            24.617996       4.7527221       18.595002       38.535755       
    31:N gS2 a0 t1            7.7547035       3.0797951       4.9204626       19.315992       
    32:N gR3 a0 t1            132.29418       13.365207       111.40755       164.84292       
    33:N gS3 a0 t1            47.046624       8.4612896       35.309286       69.975924       
    34:pent gR1 a0.49277266   0.0431846       0.0014676       0.0403978       0.0461544       
    35:pent gR1 a1.01839684   0.0431846       0.0014676       0.0403978       0.0461544       
    36:pent gR1 a1.51116951   0.0431846       0.0014676       0.0403978       0.0461544       
    37:pent gR1 a2.00394218   0.0431846       0.0014676       0.0403978       0.0461544       
    38:pent gR1 a2.49671484   0.0431846       0.0014676       0.0403978       0.0461544       
    39:pent gR1 a3.02233902   0.0431846       0.0014676       0.0403978       0.0461544       
    40:pent gR1 a3.51511169   0.0431846       0.0014676       0.0403978       0.0461544       
    41:pent gR1 a4.04073587   0.0431846       0.0014676       0.0403978       0.0461544       

Program  MARK  - Survival Rate Estimation with Capture-Recapture Data
 gfortran(dble/PIM2) Vers. 11.1 Nov 2024  15-Feb-2026 11:48:04    Page  022
 - - - - - - - - - - - - - - - - - - - - - - - - - - - - - - - - - - - - - -
 
    42:pent gR1 a4.53350854   0.0431846       0.0014676       0.0403978       0.0461544       
    43:pent gR1 a5.35479632   0.0431846       0.0014676       0.0403978       0.0461544       
    44:pent gR1 a12.3193166   0.0431846       0.0014676       0.0403978       0.0461544       
    45:pent gR1 a13.3377135   0.0431846       0.0014676       0.0403978       0.0461544       
    46:pent gR1 a14.3232588   0.0431846       0.0014676       0.0403978       0.0461544       
    47:pent gR1 a15.0131406   0.0431846       0.0014676       0.0403978       0.0461544       
    48:pent gR1 a15.5059132   0.0431846       0.0014676       0.0403978       0.0461544       
    49:pent gR1 a16.0315374   0.0431846       0.0014676       0.0403978       0.0461544       
    50:pent gR1 a16.5243101   0.0431846       0.0014676       0.0403978       0.0461544       
    51:pent gR1 a25.3613666   0.0431846       0.0014676       0.0403978       0.0461544       
    52:pent gR1 a26.3469119   0.0431846       0.0014676       0.0403978       0.0461544       
    53:pent gR1 a27.3653088   0.0431846       0.0014676       0.0403978       0.0461544       
    54:pent gR1 a28.3837056   0.0431846       0.0014676       0.0403978       0.0461544       
    55:pent gR1 a29.3692509   0.0431846       0.0014676       0.0403978       0.0461544       
    56:pent gS1 a0.49277266   0.0431846       0.0014676       0.0403978       0.0461544       
    57:pent gS1 a1.01839684   0.0431846       0.0014676       0.0403978       0.0461544       
    58:pent gS1 a1.51116951   0.0431846       0.0014676       0.0403978       0.0461544       
    59:pent gS1 a2.00394218   0.0431846       0.0014676       0.0403978       0.0461544       
    60:pent gS1 a2.49671484   0.0431846       0.0014676       0.0403978       0.0461544       
    61:pent gS1 a3.02233902   0.0431846       0.0014676       0.0403978       0.0461544       
    62:pent gS1 a3.51511169   0.0431846       0.0014676       0.0403978       0.0461544       
    63:pent gS1 a4.04073587   0.0431846       0.0014676       0.0403978       0.0461544       
    64:pent gS1 a4.53350854   0.0431846       0.0014676       0.0403978       0.0461544       
    65:pent gS1 a5.35479632   0.0431846       0.0014676       0.0403978       0.0461544       
    66:pent gS1 a12.3193166   0.0431846       0.0014676       0.0403978       0.0461544       
    67:pent gS1 a13.3377135   0.0431846       0.0014676       0.0403978       0.0461544       
    68:pent gS1 a14.3232588   0.0431846       0.0014676       0.0403978       0.0461544       
    69:pent gS1 a15.0131406   0.0431846       0.0014676       0.0403978       0.0461544       
    70:pent gS1 a15.5059132   0.0431846       0.0014676       0.0403978       0.0461544       
    71:pent gS1 a16.0315374   0.0431846       0.0014676       0.0403978       0.0461544       
    72:pent gS1 a16.5243101   0.0431846       0.0014676       0.0403978       0.0461544       
    73:pent gS1 a25.3613666   0.0431846       0.0014676       0.0403978       0.0461544       
    74:pent gS1 a26.3469119   0.0431846       0.0014676       0.0403978       0.0461544       
    75:pent gS1 a27.3653088   0.0431846       0.0014676       0.0403978       0.0461544       
    76:pent gS1 a28.3837056   0.0431846       0.0014676       0.0403978       0.0461544       
    77:pent gS1 a29.3692509   0.0431846       0.0014676       0.0403978       0.0461544       
    78:pent gR2 a0.49277266   0.0431846       0.0014676       0.0403978       0.0461544       
    79:pent gR2 a1.01839684   0.0431846       0.0014676       0.0403978       0.0461544       
    80:pent gR2 a1.51116951   0.0431846       0.0014676       0.0403978       0.0461544       
    81:pent gR2 a2.00394218   0.0431846       0.0014676       0.0403978       0.0461544       
    82:pent gR2 a2.49671484   0.0431846       0.0014676       0.0403978       0.0461544       
    83:pent gR2 a3.02233902   0.0431846       0.0014676       0.0403978       0.0461544       
    84:pent gR2 a3.51511169   0.0431846       0.0014676       0.0403978       0.0461544       
    85:pent gR2 a4.04073587   0.0431846       0.0014676       0.0403978       0.0461544       
    86:pent gR2 a4.53350854   0.0431846       0.0014676       0.0403978       0.0461544       
    87:pent gR2 a5.35479632   0.0431846       0.0014676       0.0403978       0.0461544       

Program  MARK  - Survival Rate Estimation with Capture-Recapture Data
 gfortran(dble/PIM2) Vers. 11.1 Nov 2024  15-Feb-2026 11:48:04    Page  023
 - - - - - - - - - - - - - - - - - - - - - - - - - - - - - - - - - - - - - -
 
    88:pent gR2 a12.3193166   0.0431846       0.0014676       0.0403978       0.0461544       
    89:pent gR2 a13.3377135   0.0431846       0.0014676       0.0403978       0.0461544       
    90:pent gR2 a14.3232588   0.0431846       0.0014676       0.0403978       0.0461544       
    91:pent gR2 a15.0131406   0.0431846       0.0014676       0.0403978       0.0461544       
    92:pent gR2 a15.5059132   0.0431846       0.0014676       0.0403978       0.0461544       
    93:pent gR2 a16.0315374   0.0431846       0.0014676       0.0403978       0.0461544       
    94:pent gR2 a16.5243101   0.0431846       0.0014676       0.0403978       0.0461544       
    95:pent gR2 a25.3613666   0.0431846       0.0014676       0.0403978       0.0461544       
    96:pent gR2 a26.3469119   0.0431846       0.0014676       0.0403978       0.0461544       
    97:pent gR2 a27.3653088   0.0431846       0.0014676       0.0403978       0.0461544       
    98:pent gR2 a28.3837056   0.0431846       0.0014676       0.0403978       0.0461544       
    99:pent gR2 a29.3692509   0.0431846       0.0014676       0.0403978       0.0461544       
   100:pent gS2 a0.49277266   0.0431846       0.0014676       0.0403978       0.0461544       
   101:pent gS2 a1.01839684   0.0431846       0.0014676       0.0403978       0.0461544       
   102:pent gS2 a1.51116951   0.0431846       0.0014676       0.0403978       0.0461544       
   103:pent gS2 a2.00394218   0.0431846       0.0014676       0.0403978       0.0461544       
   104:pent gS2 a2.49671484   0.0431846       0.0014676       0.0403978       0.0461544       
   105:pent gS2 a3.02233902   0.0431846       0.0014676       0.0403978       0.0461544       
   106:pent gS2 a3.51511169   0.0431846       0.0014676       0.0403978       0.0461544       
   107:pent gS2 a4.04073587   0.0431846       0.0014676       0.0403978       0.0461544       
   108:pent gS2 a4.53350854   0.0431846       0.0014676       0.0403978       0.0461544       
   109:pent gS2 a5.35479632   0.0431846       0.0014676       0.0403978       0.0461544       
   110:pent gS2 a12.3193166   0.0431846       0.0014676       0.0403978       0.0461544       
   111:pent gS2 a13.3377135   0.0431846       0.0014676       0.0403978       0.0461544       
   112:pent gS2 a14.3232588   0.0431846       0.0014676       0.0403978       0.0461544       
   113:pent gS2 a15.0131406   0.0431846       0.0014676       0.0403978       0.0461544       
   114:pent gS2 a15.5059132   0.0431846       0.0014676       0.0403978       0.0461544       
   115:pent gS2 a16.0315374   0.0431846       0.0014676       0.0403978       0.0461544       
   116:pent gS2 a16.5243101   0.0431846       0.0014676       0.0403978       0.0461544       
   117:pent gS2 a25.3613666   0.0431846       0.0014676       0.0403978       0.0461544       
   118:pent gS2 a26.3469119   0.0431846       0.0014676       0.0403978       0.0461544       
   119:pent gS2 a27.3653088   0.0431846       0.0014676       0.0403978       0.0461544       
   120:pent gS2 a28.3837056   0.0431846       0.0014676       0.0403978       0.0461544       
   121:pent gS2 a29.3692509   0.0431846       0.0014676       0.0403978       0.0461544       
   122:pent gR3 a0.49277266   0.0431846       0.0014676       0.0403978       0.0461544       
   123:pent gR3 a1.01839684   0.0431846       0.0014676       0.0403978       0.0461544       
   124:pent gR3 a1.51116951   0.0431846       0.0014676       0.0403978       0.0461544       
   125:pent gR3 a2.00394218   0.0431846       0.0014676       0.0403978       0.0461544       
   126:pent gR3 a2.49671484   0.0431846       0.0014676       0.0403978       0.0461544       
   127:pent gR3 a3.02233902   0.0431846       0.0014676       0.0403978       0.0461544       
   128:pent gR3 a3.51511169   0.0431846       0.0014676       0.0403978       0.0461544       
   129:pent gR3 a4.04073587   0.0431846       0.0014676       0.0403978       0.0461544       
   130:pent gR3 a4.53350854   0.0431846       0.0014676       0.0403978       0.0461544       
   131:pent gR3 a5.35479632   0.0431846       0.0014676       0.0403978       0.0461544       
   132:pent gR3 a12.3193166   0.0431846       0.0014676       0.0403978       0.0461544       
   133:pent gR3 a13.3377135   0.0431846       0.0014676       0.0403978       0.0461544       

Program  MARK  - Survival Rate Estimation with Capture-Recapture Data
 gfortran(dble/PIM2) Vers. 11.1 Nov 2024  15-Feb-2026 11:48:04    Page  024
 - - - - - - - - - - - - - - - - - - - - - - - - - - - - - - - - - - - - - -
 
   134:pent gR3 a14.3232588   0.0431846       0.0014676       0.0403978       0.0461544       
   135:pent gR3 a15.0131406   0.0431846       0.0014676       0.0403978       0.0461544       
   136:pent gR3 a15.5059132   0.0431846       0.0014676       0.0403978       0.0461544       
   137:pent gR3 a16.0315374   0.0431846       0.0014676       0.0403978       0.0461544       
   138:pent gR3 a16.5243101   0.0431846       0.0014676       0.0403978       0.0461544       
   139:pent gR3 a25.3613666   0.0431846       0.0014676       0.0403978       0.0461544       
   140:pent gR3 a26.3469119   0.0431846       0.0014676       0.0403978       0.0461544       
   141:pent gR3 a27.3653088   0.0431846       0.0014676       0.0403978       0.0461544       
   142:pent gR3 a28.3837056   0.0431846       0.0014676       0.0403978       0.0461544       
   143:pent gR3 a29.3692509   0.0431846       0.0014676       0.0403978       0.0461544       
   144:pent gS3 a0.49277266   0.0431846       0.0014676       0.0403978       0.0461544       
   145:pent gS3 a1.01839684   0.0431846       0.0014676       0.0403978       0.0461544       
   146:pent gS3 a1.51116951   0.0431846       0.0014676       0.0403978       0.0461544       
   147:pent gS3 a2.00394218   0.0431846       0.0014676       0.0403978       0.0461544       
   148:pent gS3 a2.49671484   0.0431846       0.0014676       0.0403978       0.0461544       
   149:pent gS3 a3.02233902   0.0431846       0.0014676       0.0403978       0.0461544       
   150:pent gS3 a3.51511169   0.0431846       0.0014676       0.0403978       0.0461544       
   151:pent gS3 a4.04073587   0.0431846       0.0014676       0.0403978       0.0461544       
   152:pent gS3 a4.53350854   0.0431846       0.0014676       0.0403978       0.0461544       
   153:pent gS3 a5.35479632   0.0431846       0.0014676       0.0403978       0.0461544       
   154:pent gS3 a12.3193166   0.0431846       0.0014676       0.0403978       0.0461544       
   155:pent gS3 a13.3377135   0.0431846       0.0014676       0.0403978       0.0461544       
   156:pent gS3 a14.3232588   0.0431846       0.0014676       0.0403978       0.0461544       
   157:pent gS3 a15.0131406   0.0431846       0.0014676       0.0403978       0.0461544       
   158:pent gS3 a15.5059132   0.0431846       0.0014676       0.0403978       0.0461544       
   159:pent gS3 a16.0315374   0.0431846       0.0014676       0.0403978       0.0461544       
   160:pent gS3 a16.5243101   0.0431846       0.0014676       0.0403978       0.0461544       
   161:pent gS3 a25.3613666   0.0431846       0.0014676       0.0403978       0.0461544       
   162:pent gS3 a26.3469119   0.0431846       0.0014676       0.0403978       0.0461544       
   163:pent gS3 a27.3653088   0.0431846       0.0014676       0.0403978       0.0461544       
   164:pent gS3 a28.3837056   0.0431846       0.0014676       0.0403978       0.0461544       
   165:pent gS3 a29.3692509   0.0431846       0.0014676       0.0403978       0.0461544       


                     Estimates of Derived Parameters

        Gross Birth+Immigration Estimates of { Phi_season_valley }
                                                95% Confidence Interval
 Grp. Occ.     B*-hat        Standard Error      Lower           Upper
 ---- ----   --------------  --------------  --------------  --------------
   1     1    0.9191529       0.1973203       0.6063257       1.3933797    
   1     2    0.9198935       0.1975092       0.6067770       1.3945884    

Program  MARK  - Survival Rate Estimation with Capture-Recapture Data
 gfortran(dble/PIM2) Vers. 11.1 Nov 2024  15-Feb-2026 11:48:04    Page  025
 - - - - - - - - - - - - - - - - - - - - - - - - - - - - - - - - - - - - - -
 
   1     3    0.9191529       0.1973203       0.6063257       1.3933797    
   1     4    0.9191529       0.1973203       0.6063257       1.3933797    
   1     5    0.9191529       0.1973203       0.6063257       1.3933797    
   1     6    0.9198935       0.1975092       0.6067770       1.3945884    
   1     7    0.9191529       0.1973203       0.6063257       1.3933797    
   1     8    0.9198935       0.1975092       0.6067770       1.3945884    
   1     9    0.9191529       0.1973203       0.6063257       1.3933797    
   1    10    0.9265775       0.1992467       0.6108080       1.4055904    
   1    11    1.0726974       0.2503355       0.6830559       1.6846054    
   1    12    1.2336306       0.3011405       0.7698298       1.9768585    
   1    13    0.9303047       0.2002410       0.6130243       1.4117986    
   1    14    0.9236029       0.1984662       0.6090231       1.4006732    
   1    15    0.9191529       0.1973203       0.6063257       1.3933797    
   1    16    0.9198935       0.1975092       0.6067770       1.3945884    
   1    17    0.9191529       0.1973203       0.6063257       1.3933797    
   1    18    1.1199688       0.2713127       0.7013441       1.7884661    
   1    19    1.2221584       0.2963952       0.7649525       1.9526326    
   1    20    0.9310513       0.2004423       0.6134655       1.4130485    
   1    21    0.9310513       0.2004423       0.6134655       1.4130485    
   1    22    0.9303047       0.2002410       0.6130243       1.4117986    
   2     1    0.4370758       0.1569856       0.2208253       0.8650969    
   2     2    0.4379373       0.1573470       0.2212136       0.8669862    
   2     3    0.4370758       0.1569856       0.2208253       0.8650969    
   2     4    0.4370758       0.1569856       0.2208253       0.8650969    
   2     5    0.4370758       0.1569856       0.2208253       0.8650969    
   2     6    0.4379373       0.1573470       0.2212136       0.8669862    
   2     7    0.4370758       0.1569856       0.2208253       0.8650969    
   2     8    0.4379373       0.1573470       0.2212136       0.8669862    
   2     9    0.4370758       0.1569856       0.2208253       0.8650969    
   2    10    0.4457412       0.1606557       0.2246997       0.8842256    
   2    11    0.6281147       0.2520947       0.2944934       1.3396841    
   2    12    0.5311307       0.2275038       0.2375937       1.1873205    
   2    13    0.4501158       0.1625377       0.2266298       0.8939876    
   2    14    0.4422616       0.1591726       0.2231522       0.8765110    
   2    15    0.4370758       0.1569856       0.2208253       0.8650969    
   2    16    0.4379373       0.1573470       0.2212136       0.8669862    
   2    17    0.4370758       0.1569856       0.2208253       0.8650969    
   2    18    0.6911204       0.2880497       0.3154173       1.5143351    
   2    19    0.5274456       0.2239332       0.2374921       1.1714025    
   2    20    0.4509941       0.1629179       0.2270153       0.8959559    
   2    21    0.4509941       0.1629179       0.2270153       0.8959559    
   2    22    0.4501158       0.1625377       0.2266298       0.8939876    
   3     1    1.0760697       0.2159740       0.7289198       1.5885507    
   3     2    1.0769368       0.2161854       0.7294590       1.5899357    
   3     3    1.0760697       0.2159740       0.7289198       1.5885507    
   3     4    1.0760697       0.2159740       0.7289198       1.5885507    

Program  MARK  - Survival Rate Estimation with Capture-Recapture Data
 gfortran(dble/PIM2) Vers. 11.1 Nov 2024  15-Feb-2026 11:48:04    Page  026
 - - - - - - - - - - - - - - - - - - - - - - - - - - - - - - - - - - - - - -
 
   3     5    1.0760697       0.2159740       0.7289198       1.5885507    
   3     6    1.0769368       0.2161854       0.7294590       1.5899357    
   3     7    1.0760697       0.2159740       0.7289198       1.5885507    
   3     8    1.0769368       0.2161854       0.7294590       1.5899357    
   3     9    1.0760697       0.2159740       0.7289198       1.5885507    
   3    10    1.0847619       0.2181340       0.7342724       1.6025500    
   3    11    1.2558272       0.2770034       0.8192163       1.9251350    
   3    12    1.4442348       0.3349467       0.9221543       2.2618928    
   3    13    1.0891254       0.2192524       0.7369159       1.6096736    
   3    14    1.0812794       0.2172577       0.7321419       1.5969107    
   3    15    1.0760697       0.2159740       0.7289198       1.5885507    
   3    16    1.0769368       0.2161854       0.7294590       1.5899357    
   3    17    1.0760697       0.2159740       0.7289198       1.5885507    
   3    18    1.3111687       0.3014979       0.8403117       2.0458639    
   3    19    1.4308041       0.3294345       0.9164687       2.2337917    
   3    20    1.0899994       0.2194791       0.7374419       1.6111083    
   3    21    1.0899994       0.2194791       0.7374419       1.6111083    
   3    22    1.0891254       0.2192524       0.7369159       1.6096736    
   4     1    0.3449773       0.1388658       0.1614081       0.7373193    
   4     2    0.3456573       0.1391765       0.1616960       0.7389111    
   4     3    0.3449773       0.1388658       0.1614081       0.7373193    
   4     4    0.3449773       0.1388658       0.1614081       0.7373193    
   4     5    0.3449773       0.1388658       0.1614081       0.7373193    
   4     6    0.3456573       0.1391765       0.1616960       0.7389111    
   4     7    0.3449773       0.1388658       0.1614081       0.7373193    
   4     8    0.3456573       0.1391765       0.1616960       0.7389111    
   4     9    0.3449773       0.1388658       0.1614081       0.7373193    
   4    10    0.3518167       0.1420158       0.1642832       0.7534246    
   4    11    0.4957614       0.2185136       0.2170755       1.1322298    
   4    12    0.4192134       0.1950619       0.1760354       0.9983214    
   4    13    0.3552696       0.1436268       0.1657181       0.7616337    
   4    14    0.3490704       0.1407443       0.1631341       0.7469325    
   4    15    0.3449773       0.1388658       0.1614081       0.7373193    
   4    16    0.3456573       0.1391765       0.1616960       0.7389111    
   4    17    0.3449773       0.1388658       0.1614081       0.7373193    
   4    18    0.5454908       0.2481462       0.2331436       1.2762960    
   4    19    0.4163048       0.1922618       0.1758468       0.9855718    
   4    20    0.3559628       0.1439519       0.1660048       0.7632881    
   4    21    0.3559628       0.1439519       0.1660048       0.7632881    
   4    22    0.3552696       0.1436268       0.1657181       0.7616337    
   5     1    5.7826705       0.6640559       4.6206009       7.2369976    
   5     2    5.7873303       0.6649384       4.6237856       7.2436733    
   5     3    5.7826705       0.6640559       4.6206009       7.2369976    
   5     4    5.7826705       0.6640559       4.6206009       7.2369976    
   5     5    5.7826705       0.6640559       4.6206009       7.2369976    
   5     6    5.7873303       0.6649384       4.6237856       7.2436733    

Program  MARK  - Survival Rate Estimation with Capture-Recapture Data
 gfortran(dble/PIM2) Vers. 11.1 Nov 2024  15-Feb-2026 11:48:04    Page  027
 - - - - - - - - - - - - - - - - - - - - - - - - - - - - - - - - - - - - - -
 
   5     7    5.7826705       0.6640559       4.6206009       7.2369976    
   5     8    5.7873303       0.6649384       4.6237856       7.2436733    
   5     9    5.7826705       0.6640559       4.6206009       7.2369976    
   5    10    5.8293812       0.6732795       4.6519437       7.3048360    
   5    11    6.7486658       0.9902643       5.0696656       8.9837266    
   5    12    7.7611458       1.2680156       5.6463644       10.667994    
   5    13    5.8528301       0.6782218       4.6671979       7.3396545    
   5    14    5.8106670       0.6694840       4.6395407       7.2774124    
   5    15    5.7826705       0.6640559       4.6206009       7.2369976    
   5    16    5.7873303       0.6649384       4.6237856       7.2436733    
   5    17    5.7826705       0.6640559       4.6206009       7.2369976    
   5    18    7.0460647       1.1305836       5.1550247       9.6308030    
   5    19    7.6889709       1.2378684       5.6195839       10.520401    
   5    20    5.8575273       0.6792366       4.6702157       7.3466899    
   5    21    5.8575273       0.6792366       4.6702157       7.3466899    
   5    22    5.8528301       0.6782218       4.6671979       7.3396545    
   6     1    2.0929256       0.3997893       1.4441406       3.0331795    
   6     2    2.0970509       0.4010304       1.4463906       3.0404114    
   6     3    2.0929256       0.3997893       1.4441406       3.0331795    
   6     4    2.0929256       0.3997893       1.4441406       3.0331795    
   6     5    2.0929256       0.3997893       1.4441406       3.0331795    
   6     6    2.0970509       0.4010304       1.4463906       3.0404114    
   6     7    2.0929256       0.3997893       1.4441406       3.0331795    
   6     8    2.0970509       0.4010304       1.4463906       3.0404114    
   6     9    2.0929256       0.3997893       1.4441406       3.0331795    
   6    10    2.1344195       0.4125711       1.4663947       3.1067669    
   6    11    3.0077100       0.7849997       1.8185352       4.9745086    
   6    12    2.5433048       0.7669915       1.4264613       4.5345776    
   6    13    2.1553673       0.4192687       1.4773213       3.1446160    
   6    14    2.1177576       0.4073598       1.4575581       3.0769938    
   6    15    2.0929256       0.3997893       1.4441406       3.0331795    
   6    16    2.0970509       0.4010304       1.4463906       3.0404114    
   6    17    2.0929256       0.3997893       1.4441406       3.0331795    
   6    18    3.3094111       0.9397897       1.9173337       5.7122043    
   6    19    2.5256587       0.7480650       1.4306624       4.4587403    
   6    20    2.1595729       0.4206325       1.4794910       3.1522700    
   6    21    2.1595729       0.4206325       1.4794910       3.1522700    
   6    22    2.1553673       0.4192687       1.4773213       3.1446160    

         Net Birth+Immigration Estimates of { Phi_season_valley }
                                                95% Confidence Interval
 Grp. Occ.     B-hat         Standard Error      Lower           Upper
 ---- ----   --------------  --------------  --------------  --------------
   1     1    0.9080901       0.1945856       0.5994781       1.3755761    
   1     2    0.9080901       0.1945856       0.5994781       1.3755761    
   1     3    0.9080901       0.1945856       0.5994781       1.3755761    
   1     4    0.9080901       0.1945856       0.5994781       1.3755761    
   1     5    0.9080901       0.1945856       0.5994781       1.3755761    
   1     6    0.9080901       0.1945856       0.5994781       1.3755761    
   1     7    0.9080901       0.1945856       0.5994781       1.3755761    
   1     8    0.9080901       0.1945856       0.5994781       1.3755761    
   1     9    0.9080901       0.1945856       0.5994781       1.3755761    
   1    10    0.9080901       0.1945856       0.5994781       1.3755761    
   1    11    0.9080901       0.1945856       0.5994781       1.3755761    
   1    12    0.9080901       0.1945856       0.5994781       1.3755761    
   1    13    0.9080901       0.1945856       0.5994781       1.3755761    
   1    14    0.9080901       0.1945856       0.5994781       1.3755761    
   1    15    0.9080901       0.1945856       0.5994781       1.3755761    
   1    16    0.9080901       0.1945856       0.5994781       1.3755761    
   1    17    0.9080901       0.1945856       0.5994781       1.3755761    
   1    18    0.9080901       0.1945856       0.5994781       1.3755761    
   1    19    0.9080901       0.1945856       0.5994781       1.3755761    
   1    20    0.9080901       0.1945856       0.5994781       1.3755761    
   1    21    0.9080901       0.1945856       0.5994781       1.3755761    
   1    22    0.9080901       0.1945856       0.5994781       1.3755761    
   2     1    0.4242877       0.1517147       0.2149784       0.8373866    
   2     2    0.4242877       0.1517147       0.2149784       0.8373866    
   2     3    0.4242877       0.1517147       0.2149784       0.8373866    
   2     4    0.4242877       0.1517147       0.2149784       0.8373866    
   2     5    0.4242877       0.1517147       0.2149784       0.8373866    
   2     6    0.4242877       0.1517147       0.2149784       0.8373866    
   2     7    0.4242877       0.1517147       0.2149784       0.8373866    
   2     8    0.4242877       0.1517147       0.2149784       0.8373866    
   2     9    0.4242877       0.1517147       0.2149784       0.8373866    
   2    10    0.4242877       0.1517147       0.2149784       0.8373866    
   2    11    0.4242877       0.1517147       0.2149784       0.8373866    
   2    12    0.4242877       0.1517147       0.2149784       0.8373866    
   2    13    0.4242877       0.1517147       0.2149784       0.8373866    
   2    14    0.4242877       0.1517147       0.2149784       0.8373866    
   2    15    0.4242877       0.1517147       0.2149784       0.8373866    
   2    16    0.4242877       0.1517147       0.2149784       0.8373866    
   2    17    0.4242877       0.1517147       0.2149784       0.8373866    
   2    18    0.4242877       0.1517147       0.2149784       0.8373866    
   2    19    0.4242877       0.1517147       0.2149784       0.8373866    
   2    20    0.4242877       0.1517147       0.2149784       0.8373866    
   2    21    0.4242877       0.1517147       0.2149784       0.8373866    
   2    22    0.4242877       0.1517147       0.2149784       0.8373866    
   3     1    1.0631184       0.2129252       0.7207262       1.5681693    
   3     2    1.0631184       0.2129252       0.7207262       1.5681693    
   3     3    1.0631184       0.2129252       0.7207262       1.5681693    
   3     4    1.0631184       0.2129252       0.7207262       1.5681693    
   3     5    1.0631184       0.2129252       0.7207262       1.5681693    
   3     6    1.0631184       0.2129252       0.7207262       1.5681693    
   3     7    1.0631184       0.2129252       0.7207262       1.5681693    
   3     8    1.0631184       0.2129252       0.7207262       1.5681693    
   3     9    1.0631184       0.2129252       0.7207262       1.5681693    
   3    10    1.0631184       0.2129252       0.7207262       1.5681693    
   3    11    1.0631184       0.2129252       0.7207262       1.5681693    
   3    12    1.0631184       0.2129252       0.7207262       1.5681693    
   3    13    1.0631184       0.2129252       0.7207262       1.5681693    
   3    14    1.0631184       0.2129252       0.7207262       1.5681693    
   3    15    1.0631184       0.2129252       0.7207262       1.5681693    
   3    16    1.0631184       0.2129252       0.7207262       1.5681693    
   3    17    1.0631184       0.2129252       0.7207262       1.5681693    
   3    18    1.0631184       0.2129252       0.7207262       1.5681693    
   3    19    1.0631184       0.2129252       0.7207262       1.5681693    
   3    20    1.0631184       0.2129252       0.7207262       1.5681693    
   3    21    1.0631184       0.2129252       0.7207262       1.5681693    
   3    22    1.0631184       0.2129252       0.7207262       1.5681693    
   4     1    0.3348838       0.1343198       0.1570822       0.7139394    
   4     2    0.3348838       0.1343198       0.1570822       0.7139394    
   4     3    0.3348838       0.1343198       0.1570822       0.7139394    
   4     4    0.3348838       0.1343198       0.1570822       0.7139394    
   4     5    0.3348838       0.1343198       0.1570822       0.7139394    
   4     6    0.3348838       0.1343198       0.1570822       0.7139394    
   4     7    0.3348838       0.1343198       0.1570822       0.7139394    
   4     8    0.3348838       0.1343198       0.1570822       0.7139394    
   4     9    0.3348838       0.1343198       0.1570822       0.7139394    
   4    10    0.3348838       0.1343198       0.1570822       0.7139394    
   4    11    0.3348838       0.1343198       0.1570822       0.7139394    
   4    12    0.3348838       0.1343198       0.1570822       0.7139394    
   4    13    0.3348838       0.1343198       0.1570822       0.7139394    
   4    14    0.3348838       0.1343198       0.1570822       0.7139394    
   4    15    0.3348838       0.1343198       0.1570822       0.7139394    
   4    16    0.3348838       0.1343198       0.1570822       0.7139394    
   4    17    0.3348838       0.1343198       0.1570822       0.7139394    
   4    18    0.3348838       0.1343198       0.1570822       0.7139394    
   4    19    0.3348838       0.1343198       0.1570822       0.7139394    
   4    20    0.3348838       0.1343198       0.1570822       0.7139394    
   4    21    0.3348838       0.1343198       0.1570822       0.7139394    
   4    22    0.3348838       0.1343198       0.1570822       0.7139394    
   5     1    5.7130716       0.6518865       4.5714712       7.1397555    
   5     2    5.7130716       0.6518865       4.5714712       7.1397555    
   5     3    5.7130716       0.6518865       4.5714712       7.1397555    
   5     4    5.7130716       0.6518865       4.5714712       7.1397555    
   5     5    5.7130716       0.6518865       4.5714712       7.1397555    
   5     6    5.7130716       0.6518865       4.5714712       7.1397555    
   5     7    5.7130716       0.6518865       4.5714712       7.1397555    
   5     8    5.7130716       0.6518865       4.5714712       7.1397555    
   5     9    5.7130716       0.6518865       4.5714712       7.1397555    
   5    10    5.7130716       0.6518865       4.5714712       7.1397555    
   5    11    5.7130716       0.6518865       4.5714712       7.1397555    
   5    12    5.7130716       0.6518865       4.5714712       7.1397555    
   5    13    5.7130716       0.6518865       4.5714712       7.1397555    
   5    14    5.7130716       0.6518865       4.5714712       7.1397555    
   5    15    5.7130716       0.6518865       4.5714712       7.1397555    
   5    16    5.7130716       0.6518865       4.5714712       7.1397555    
   5    17    5.7130716       0.6518865       4.5714712       7.1397555    
   5    18    5.7130716       0.6518865       4.5714712       7.1397555    
   5    19    5.7130716       0.6518865       4.5714712       7.1397555    
   5    20    5.7130716       0.6518865       4.5714712       7.1397555    
   5    21    5.7130716       0.6518865       4.5714712       7.1397555    
   5    22    5.7130716       0.6518865       4.5714712       7.1397555    
   6     1    2.0316897       0.3821685       1.4097110       2.9280918    
   6     2    2.0316897       0.3821685       1.4097110       2.9280918    
   6     3    2.0316897       0.3821685       1.4097110       2.9280918    
   6     4    2.0316897       0.3821685       1.4097110       2.9280918    
   6     5    2.0316897       0.3821685       1.4097110       2.9280918    
   6     6    2.0316897       0.3821685       1.4097110       2.9280918    
   6     7    2.0316897       0.3821685       1.4097110       2.9280918    
   6     8    2.0316897       0.3821685       1.4097110       2.9280918    
   6     9    2.0316897       0.3821685       1.4097110       2.9280918    
   6    10    2.0316897       0.3821685       1.4097110       2.9280918    
   6    11    2.0316897       0.3821685       1.4097110       2.9280918    
   6    12    2.0316897       0.3821685       1.4097110       2.9280918    
   6    13    2.0316897       0.3821685       1.4097110       2.9280918    
   6    14    2.0316897       0.3821685       1.4097110       2.9280918    
   6    15    2.0316897       0.3821685       1.4097110       2.9280918    
   6    16    2.0316897       0.3821685       1.4097110       2.9280918    
   6    17    2.0316897       0.3821685       1.4097110       2.9280918    
   6    18    2.0316897       0.3821685       1.4097110       2.9280918    
   6    19    2.0316897       0.3821685       1.4097110       2.9280918    
   6    20    2.0316897       0.3821685       1.4097110       2.9280918    
   6    21    2.0316897       0.3821685       1.4097110       2.9280918    
   6    22    2.0316897       0.3821685       1.4097110       2.9280918    

              Population Estimates of { Phi_season_valley }
                                                95% Confidence Interval
 Grp. Occ.     N-hat         Standard Error      Lower           Upper
 ---- ----   --------------  --------------  --------------  --------------
   1     1    1.0501170       0.6877129       0.3256237       3.3865649    
   1     2    1.9330310       0.7065086       0.9656615       3.8694811    
   1     3    2.7917277       0.7721300       1.6397214       4.7530901    
   1     4    3.6328873       0.8734621       2.2827623       5.7815352    
   1     5    4.4538805       0.9971245       2.8873218       6.8703986    
   1     6    5.2551907       1.1346006       3.4585900       7.9850544    
   1     7    6.0289986       1.2793479       3.9957921       9.0967757    
   1     8    6.7925460       1.4308039       4.5151478       10.218643    

Program  MARK  - Survival Rate Estimation with Capture-Recapture Data
 gfortran(dble/PIM2) Vers. 11.1 Nov 2024  15-Feb-2026 11:48:04    Page  028
 - - - - - - - - - - - - - - - - - - - - - - - - - - - - - - - - - - - - - -
 
   1     9    7.5270709       1.5844167       5.0048019       11.320487    
   1    10    8.2547027       1.7416835       5.4834354       12.426538    
   1    11    8.8355973       1.8895380       5.8375422       13.373399    
   1    12    7.1783635       2.0697419       4.1255025       12.490334    
   1    13    4.6646393       1.2708241       2.7609124       7.8810397    
   1    14    5.3517450       1.3764260       3.2588570       8.7887177    
   1    15    6.0810723       1.5043423       3.7715877       9.8047410    
   1    16    6.8433713       1.6462208       4.2990926       10.893399    
   1    17    7.5765975       1.7916884       4.7963758       11.968376    
   1    18    8.3030419       1.9417147       5.2822501       13.051352    
   1    19    6.2813776       2.0750485       3.3427591       11.803335    
   1    20    4.2646212       1.3477541       2.3294071       7.8075635    
   1    21    4.9641104       1.4402256       2.8434948       8.6662345    
   1    22    5.6293847       1.5474682       3.3167827       9.5544312    
   1    23    6.2707861       1.6671385       3.7572642       10.465795    
   2     1    0.4906470       0.3488154       0.1400687       1.7186884    
   2     2    0.8865062       0.4049785       0.3776570       2.0809711    
   2     3    1.2561126       0.4907063       0.6001110       2.6292116    
   2     4    1.6076203       0.5903997       0.8005851       3.2281926    
   2     5    1.9387614       0.6934816       0.9821253       3.8272058    
   2     6    2.2507160       0.7960541       1.1483678       4.4112367    
   2     7    2.5361755       0.8937165       1.2970435       4.9591134    
   2     8    2.8135155       0.9914007       1.4389231       5.5012455    
   2     9    3.0642605       1.0827385       1.5644260       6.0020048    
   2    10    3.3110029       1.1742580       1.6864315       6.5005548    
   2    11    3.4217703       1.2287068       1.7290631       6.7715932    
   2    12    1.8962284       0.8914042       0.7898386       4.5524264    
   2    13    1.6125649       0.6997983       0.7143862       3.6399998    
   2    14    1.8554000       0.7396545       0.8740426       3.9386055    
   2    15    2.1309481       0.8111526       1.0362187       4.3822215    
   2    16    2.4317672       0.9015867       1.2034708       4.9136978    
   2    17    2.7060592       0.9892521       1.3516492       5.4176455    
   2    18    2.9735560       1.0789780       1.4924703       5.9244296    
   2    19    1.4438482       0.6955320       0.5897519       3.5348724    
   2    20    1.3428236       0.6035757       0.5792581       3.1129051    
   2    21    1.6112786       0.6512660       0.7517026       3.4537844    
   2    22    1.8485797       0.7088102       0.8944954       3.8203069    
   2    23    2.0648574       0.7729644       1.0153864       4.1990284    
   3     1    1.2293918       0.7997689       0.3837201       3.9388202    
   3     2    2.2630360       0.8091661       1.1466724       4.4662558    
   3     3    3.2683286       0.8692614       1.9578923       5.4558525    
   3     4    4.2530901       0.9702193       2.7351521       6.6134442    
   3     5    5.2142424       1.0980491       3.4663893       7.8434132    
   3     6    6.1523514       1.2432411       4.1567026       9.1061188    
   3     7    7.0582630       1.3983038       4.8049023       10.368385    
   3     8    7.9521624       1.5620927       5.4306965       11.644342    

Program  MARK  - Survival Rate Estimation with Capture-Recapture Data
 gfortran(dble/PIM2) Vers. 11.1 Nov 2024  15-Feb-2026 11:48:04    Page  029
 - - - - - - - - - - - - - - - - - - - - - - - - - - - - - - - - - - - - - -
 
   3     9    8.8120847       1.7295868       6.0198106       12.899548    
   3    10    9.6639370       1.9019071       6.5950729       14.160826    
   3    11    10.344001       2.0674486       7.0181015       15.246055    
   3    12    8.4038463       2.3373801       4.9217938       14.349369    
   3    13    5.4609817       1.4286541       3.2980550       9.0423964    
   3    14    6.2653893       1.5393469       3.8982432       10.069947    
   3    15    7.1192267       1.6758459       4.5160021       11.223066    
   3    16    8.0116645       1.8283569       5.1513993       12.460065    
   3    17    8.8700664       1.9860474       5.7499164       13.683343    
   3    18    9.7205286       2.1495293       6.3343173       14.916947    
   3    19    7.3537279       2.3641285       3.9769743       13.597602    
   3    20    4.9926729       1.5314873       2.7737829       8.9865659    
   3    21    5.8115783       1.6271353       3.3919623       9.9571985    
   3    22    6.5904274       1.7409150       3.9613077       10.964494    
   3    23    7.3413282       1.8701513       4.4908910       12.000982    
   4     1    0.3872602       0.2840137       0.1070450       1.4010042    
   4     2    0.6997059       0.3437773       0.2812494       1.7407619    
   4     3    0.9914305       0.4268908       0.4417879       2.2249013    
   4     4    1.2688702       0.5196187       0.5864797       2.7452470    
   4     5    1.5302348       0.6136053       0.7179127       3.2617038    
   4     6    1.7764558       0.7060192       0.8386459       3.7629651    
   4     7    2.0017647       0.7932499       0.9469334       4.2316193    
   4     8    2.2206649       0.8799611       1.0505119       4.6942376    
   4     9    2.4185741       0.9604660       1.1424062       5.1203334    
   4    10    2.6133242       1.0408377       1.2318826       5.5439235    
   4    11    2.7007511       1.0862601       1.2643582       5.7689795    
   4    12    1.4966642       0.7536195       0.5894976       3.7998520    
   4    13    1.2727729       0.5983060       0.5301611       3.0555825    
   4    14    1.4644389       0.6410345       0.6445703       3.3271490    
   4    15    1.6819249       0.7088460       0.7614143       3.7152852    
   4    16    1.9193568       0.7918563       0.8824307       4.1747535    
   4    17    2.1358513       0.8712787       0.9899359       4.6082385    
   4    18    2.3469825       0.9517392       1.0923931       5.0424399    
   4    19    1.1396074       0.5861416       0.4409274       2.9453941    
   4    20    1.0598702       0.5134223       0.4309587       2.6065719    
   4    21    1.2717576       0.5631148       0.5549278       2.9145546    
   4    22    1.4590558       0.6185771       0.6576551       3.2370219    
   4    23    1.6297605       0.6776079       0.7451134       3.5647183    
   5     1    6.6066055       4.1609875       2.1279753       20.511158    
   5     2    12.161286       3.8660043       6.6201565       22.340391    
   5     3    17.563609       3.6779395       11.702324       26.360607    
   5     4    22.855600       3.6213184       16.786418       31.119114    
   5     5    28.020718       3.6943565       21.663806       36.242968    
   5     6    33.062005       3.8911870       26.271853       41.607121    
   5     7    37.930266       4.1983516       30.553058       47.088742    
   5     8    42.733975       4.5990320       34.628116       52.737279    

Program  MARK  - Survival Rate Estimation with Capture-Recapture Data
 gfortran(dble/PIM2) Vers. 11.1 Nov 2024  15-Feb-2026 11:48:04    Page  030
 - - - - - - - - - - - - - - - - - - - - - - - - - - - - - - - - - - - - - -
 
   5     9    47.355095       5.0808783       38.397074       58.403018    
   5    10    51.932848       5.6209938       42.031809       64.166180    
   5    11    55.587433       6.3206506       44.514182       69.415242    
   5    12    45.161271       10.136849       29.244613       69.740720    
   5    13    29.346666       5.9741843       19.771070       43.559950    
   5    14    33.669457       6.1492824       23.607284       48.020448    
   5    15    38.257878       6.4469233       27.560255       53.107826    
   5    16    43.053732       6.8153545       31.629841       58.603642    
   5    17    47.666682       7.2457224       35.445510       64.101561    
   5    18    52.236964       7.7249803       39.154099       69.691310    
   5    19    39.518059       10.921548       23.219946       67.255840    
   5    20    26.830030       6.9496545       16.281865       44.211798    
   5    21    31.230730       7.0791221       20.139423       48.430310    
   5    22    35.416173       7.3238416       23.714544       52.891816    
   5    23    39.451425       7.6777435       27.035989       57.568262    
   6     1    2.3494494       1.5127181       0.7407556       7.4517321    
   6     2    4.2450105       1.4526074       2.2111823       8.1495381    
   6     3    6.0148605       1.4828219       3.7365050       9.6824563    
   6     4    7.6980453       1.5949454       5.1507214       11.505165    
   6     5    9.2837052       1.7601058       6.4233409       13.417812    
   6     6    10.777491       1.9599466       7.5679197       15.348249    
   6     7    12.144406       2.1774678       8.5695976       17.210446    
   6     8    13.472441       2.4151580       9.5072868       19.091321    
   6     9    14.673127       2.6588309       10.316270       20.870008    
   6    10    15.854646       2.9136631       11.092324       22.661598    
   6    11    16.385052       3.1514913       11.277422       23.805968    
   6    12    9.0800370       3.2713366       4.5784720       18.007552    
   6    13    7.7217222       2.4034428       4.2546849       14.013962    
   6    14    8.8845315       2.3059400       5.3863643       14.654579    
   6    15    10.203986       2.3545812       6.5296869       15.945838    
   6    16    11.644450       2.4900995       7.6934657       17.624465    
   6    17    12.957889       2.6513605       8.7125730       19.271793    
   6    18    14.238791       2.8427702       9.6646413       20.977825    
   6    19    6.9138271       2.5967496       3.3923382       14.090873    
   6    20    6.4300739       2.1388925       3.4077160       12.133009    
   6    21    7.7155628       2.0677128       4.6045974       12.928364    
   6    22    8.8518727       2.0832246       5.6156615       13.953058    
   6    23    9.8875127       2.1763945       6.4555433       15.144025    

           Gross Population Estimates of { Phi_season_valley }
                                                95% Confidence Interval
 Grp. Occ.     N*-hat        Standard Error      Lower           Upper
 ---- ----   --------------  --------------  --------------  --------------
   1     0    22.304262       4.6605700       14.873709       33.446942    
   2     0    10.807037       3.8693710       5.4711420       21.346925    
   3     0    26.112022       5.0810572       17.895397       38.101289    
   4     0    8.5298300       3.4249472       3.9980127       18.198541    
   5     0    140.32290       14.577288       114.53494       171.91711    
   6     0    51.749200       9.7751469       35.852586       74.694184    

 To compute parameter estimates, CPU Time was 0.016 secs and System Time was 0.015 secs.

Program  MARK  - Survival Rate Estimation with Capture-Recapture Data
 gfortran(dble/PIM2) Vers. 11.1 Nov 2024  15-Feb-2026 11:48:04    Page  031
 - - - - - - - - - - - - - - - - - - - - - - - - - - - - - - - - - - - - - -
 

 For procedure estimate CPU Time was 0.969 secs and System Time was 0.703 secs.
 INPUT --- proc stop;

 For this job, CPU Time in mins was 0.016 and System Time in mins was 0.012.

     Time Start = 11:48:03.818   Time End = 11:48:04.561

 Wall Clock Time in mins for this job was 0.012.

 Maximum of 34 words used.


          E X E C U T I O N   S U C C E S S F U L
